id,latitude,longitude,depth_km,magnitude,mag_type,place,type,status,net,nst,dmin,rms,gap,url,time_utc,updated_utc,source,isc_event_id,author,catalog,contributor,contributor_id,mag_author,event_type,year,month,decade,days_since_1990,depth_cat
usp0004kyn,23.399,69.708,33.0,4.9,mb,"16 km NNE of Bhuj, India",earthquake,reviewed,us,,,1.4,,https://earthquake.usgs.gov/earthquakes/eventpage/usp0004kyn,1991-01-20 19:44:58.890000+00:00,2020-08-29 00:28:05.337000+00:00,usgs,,,,,,,,1991,1,1990,384.82290381944443,shallow
usp0004wfn,24.182,68.642,32.8,4.7,mb,"42 km ESE of Jati, Pakistan",earthquake,reviewed,us,,,1.1,,https://earthquake.usgs.gov/earthquakes/eventpage/usp0004wfn,1991-09-10 06:54:04.550000+00:00,2020-08-29 01:00:06.203000+00:00,usgs,,,,,,,,1991,9,1990,617.287552662037,shallow
usp0004wfp,24.268,68.81,25.7,4.8,mb,"29 km SW of Kadhan, Pakistan",earthquake,reviewed,us,,,1.4,,https://earthquake.usgs.gov/earthquakes/eventpage/usp0004wfp,1991-09-10 07:20:04.840000+00:00,2020-08-29 01:00:17.678000+00:00,usgs,,,,,,,,1991,9,1990,617.3056115740741,shallow
usp0007n5j,22.847,68.419,22.9,3.8,mb,"61 km SW of Naliya, India",earthquake,reviewed,us,,,1.1,,https://earthquake.usgs.gov/earthquakes/eventpage/usp0007n5j,1996-08-05 22:15:35.860000+00:00,2014-11-07 01:00:56.234000+00:00,usgs,,,,,,,,1996,8,1990,2408.92749837963,shallow
isc_979087,22.9954,68.3784,17.5,3.91,mb,Southern India,,,,,,,,,1996-08-05 22:15:38.073000+00:00,,isc,979087.0,ISC,ISC,ISC,2113279.0,ISC,earthquake,1996,8,1990,2408.9275239930557,shallow
isc_1310717,24.4452,69.5807,35.0,3.84,mb,India-Pakistan border region,,,,,,,,,1998-10-08 15:01:17.873000+00:00,,isc,1310717.0,ISC,ISC,ISC,2713198.0,ISC,earthquake,1998,10,1990,3202.6259013078707,shallow
isc_2161010,24.453,70.765,10.0,4.0,ML,India-Pakistan border region,,,,,,,,,1999-07-22 18:07:09.600000+00:00,,isc,2161010.0,NDI,NDI,NDI,3467350.0,NDI,earthquake,1999,7,1990,3489.7549722222225,shallow
isc_2162330,24.19,68.395,15.0,3.3,ML,India-Pakistan border region,,,,,,,,,1999-09-21 14:33:23.300000+00:00,,isc,2162330.0,NDI,NDI,NDI,3468099.0,NDI,earthquake,1999,9,1990,3550.606519675926,shallow
isc_3167137,24.157,71.142,15.0,3.4,ML,Northern India,,,,,,,,,2000-09-15 12:32:09.800000+00:00,,isc,3167137.0,NDI,NDI,NDI,4145255.0,NDI,earthquake,2000,9,2000,3910.5223356481483,shallow
usp000a6nd,23.971,69.763,10.0,4.6,mb,"57 km SSE of Diplo, Pakistan",earthquake,reviewed,us,14.0,,1.34,,https://earthquake.usgs.gov/earthquakes/eventpage/usp000a6nd,2000-12-24 11:21:58.260000+00:00,2020-09-18 18:02:23.854000+00:00,usgs,,,,,,,,2000,12,2000,4010.473590972222,shallow
isc_1743316,23.9983,69.9573,35.0,4.11,mb,Southern India,,,,,,,,,2000-12-24 11:22:03.112000+00:00,,isc,1743316.0,ISC,ISC,ISC,4413832.0,ISC,earthquake,2000,12,2000,4010.4736471296296,shallow
usp000a8ds,23.419,70.232,16.0,7.7,mwc,"17 km NW of Bhach?u, India",earthquake,reviewed,us,472.0,,1.25,,https://earthquake.usgs.gov/earthquakes/eventpage/usp000a8ds,2001-01-26 03:16:40.500000+00:00,2022-04-29 19:06:14.319000+00:00,usgs,,,,,,,,2001,1,2000,4043.136579861111,shallow
usp000a8du,23.245,69.836,10.0,5.3,mb,"17 km E of Bhuj, India",earthquake,reviewed,us,59.0,,0.9,,https://earthquake.usgs.gov/earthquakes/eventpage/usp000a8du,2001-01-26 03:33:29.170000+00:00,2022-04-29 19:15:03.229000+00:00,usgs,,,,,,,,2001,1,2000,4043.1482542824074,shallow
isc_1835512,23.4237,70.1824,15.0,5.34,mb,Southern India,,,,,,,,,2001-01-26 03:33:32.203000+00:00,,isc,1835512.0,ISC,ISC,ISC,4494197.0,ISC,earthquake,2001,1,2000,4043.148289386574,shallow
usp000a8dy,23.262,69.967,10.0,4.9,mb,"17 km NNW of Anj?r, India",earthquake,reviewed,us,44.0,,0.83,,https://earthquake.usgs.gov/earthquakes/eventpage/usp000a8dy,2001-01-26 03:58:59.250000+00:00,2022-04-29 19:15:04.426000+00:00,usgs,,,,,,,,2001,1,2000,4043.1659635416668,shallow
isc_1835514,23.2884,70.1599,10.0,4.6,MW,Southern India,,,,,,,,,2001-01-26 03:59:02.391000+00:00,,isc,1835514.0,ISC,ISC,ISC,4494203.0,NDI,earthquake,2001,1,2000,4043.165999895833,shallow
isc_3523322,23.509,70.166,31.1,3.9,ML,Southern India,,,,,,,,,2001-01-26 04:19:49.600000+00:00,,isc,3523322.0,NDI,NDI,NDI,4427636.0,NDI,earthquake,2001,1,2000,4043.1804351851856,shallow
usp000a8dz,23.272,69.964,10.0,5.2,mb,"18 km NNW of Anj?r, India",earthquake,reviewed,us,83.0,,1.21,,https://earthquake.usgs.gov/earthquakes/eventpage/usp000a8dz,2001-01-26 04:23:41.970000+00:00,2022-04-29 19:06:15.873000+00:00,usgs,,,,,,,,2001,1,2000,4043.183124652778,shallow
isc_1763685,23.4341,70.2604,19.7,5.15,mb,Southern India,,,,,,,,,2001-01-26 04:23:45.297000+00:00,,isc,1763685.0,ISC,ISC,ISC,4494205.0,ISC,earthquake,2001,1,2000,4043.183163159722,shallow
usp000a8e2,23.249,70.348,10.0,5.1,mb,"5 km S of Bhach?u, India",earthquake,reviewed,us,48.0,,1.21,,https://earthquake.usgs.gov/earthquakes/eventpage/usp000a8e2,2001-01-26 04:48:14.250000+00:00,2022-04-29 19:06:17.028000+00:00,usgs,,,,,,,,2001,1,2000,4043.2001649305557,shallow
isc_1763687,23.3851,70.418,16.2,5.03,mb,Southern India,,,,,,,,,2001-01-26 04:48:17.682000+00:00,,isc,1763687.0,ISC,ISC,ISC,4494207.0,ISC,earthquake,2001,1,2000,4043.2002046527778,shallow
usp000a8e3,23.713,70.466,10.0,4.6,mb,"24 km NW of R?par, India",earthquake,reviewed,us,8.0,,0.88,,https://earthquake.usgs.gov/earthquakes/eventpage/usp000a8e3,2001-01-26 04:52:59.420000+00:00,2020-09-18 18:07:35.695000+00:00,usgs,,,,,,,,2001,1,2000,4043.2034655092593,shallow
isc_2754004,23.5076,70.4681,15.0,4.86,mb,Southern India,,,,,,,,,2001-01-26 04:53:01.681000+00:00,,isc,2754004.0,ISC,ISC,ISC,4494208.0,ISC,earthquake,2001,1,2000,4043.203491678241,shallow
isc_3523328,22.825,70.018,2.0,4.2,ML,Southern India,,,,,,,,,2001-01-26 05:01:48.300000+00:00,,isc,3523328.0,NDI,NDI,NDI,4427640.0,NDI,earthquake,2001,1,2000,4043.209586805556,shallow
isc_3523330,23.03,70.346,18.8,4.4,ML,Southern India,,,,,,,,,2001-01-26 05:31:58.300000+00:00,,isc,3523330.0,NDI,NDI,NDI,4427641.0,NDI,earthquake,2001,1,2000,4043.2305358796298,shallow
usp000a8e7,23.363,70.391,10.0,4.8,mb,"8 km NE of Bhach?u, India",earthquake,reviewed,us,28.0,,1.36,,https://earthquake.usgs.gov/earthquakes/eventpage/usp000a8e7,2001-01-26 05:59:06.830000+00:00,2022-04-29 19:06:18.099000+00:00,usgs,,,,,,,,2001,1,2000,4043.2493846064813,shallow
usp000a8e8,23.479,70.221,10.0,4.9,mb,"23 km NNW of Bhach?u, India",earthquake,reviewed,us,44.0,,1.28,,https://earthquake.usgs.gov/earthquakes/eventpage/usp000a8e8,2001-01-26 06:04:51.010000+00:00,2022-04-29 19:06:24.290000+00:00,usgs,,,,,,,,2001,1,2000,4043.253368171296,shallow
isc_3523336,23.705,70.109,15.0,4.5,ML,Southern India,,,,,,,,,2001-01-26 06:44:08.200000+00:00,,isc,3523336.0,NDI,NDI,NDI,4427645.0,NDI,earthquake,2001,1,2000,4043.280650462963,shallow
usp000a8eb,23.7,69.599,10.0,4.4,mb,"49 km N of Bhuj, India",earthquake,reviewed,us,5.0,,0.79,,https://earthquake.usgs.gov/earthquakes/eventpage/usp000a8eb,2001-01-26 06:48:49.920000+00:00,2014-11-07 01:11:59.082000+00:00,usgs,,,,,,,,2001,1,2000,4043.283911111111,shallow
isc_3009366,23.6262,70.3626,15.0,4.42,mb,Southern India,,,,,,,,,2001-01-26 06:48:50.221000+00:00,,isc,3009366.0,ISC,ISC,ISC,4494220.0,ISC,earthquake,2001,1,2000,4043.2839145949074,shallow
usp000a8ec,23.316,69.981,10.0,5.5,ms,"22 km NNW of Anj?r, India",earthquake,reviewed,us,109.0,,1.07,,https://earthquake.usgs.gov/earthquakes/eventpage/usp000a8ec,2001-01-26 07:32:28.740000+00:00,2022-04-29 19:06:30.685000+00:00,usgs,,,,,,,,2001,1,2000,4043.314221527778,shallow
isc_1763693,23.4647,70.1789,9.3,5.49,MS,Southern India,,,,,,,,,2001-01-26 07:32:31.381000+00:00,,isc,1763693.0,ISC,ISC,ISC,4494221.0,ISC,earthquake,2001,1,2000,4043.3142520949073,shallow
usp000a8ed,23.35,70.612,10.0,4.7,mb,"24 km S of R?par, India",earthquake,reviewed,us,7.0,,1.51,,https://earthquake.usgs.gov/earthquakes/eventpage/usp000a8ed,2001-01-26 07:48:54.570000+00:00,2020-09-18 18:08:15.548000+00:00,usgs,,,,,,,,2001,1,2000,4043.325631597222,shallow
isc_2754018,23.4636,70.9636,35.0,4.75,mb,Southern India,,,,,,,,,2001-01-26 07:49:00.711000+00:00,,isc,2754018.0,ISC,ISC,ISC,4494222.0,ISC,earthquake,2001,1,2000,4043.3257026736114,shallow
usp000a8eh,23.478,70.152,10.0,4.6,mb,"27 km NW of Bhach?u, India",earthquake,reviewed,us,13.0,,1.36,,https://earthquake.usgs.gov/earthquakes/eventpage/usp000a8eh,2001-01-26 08:03:16.410000+00:00,2020-09-18 18:08:24.787000+00:00,usgs,,,,,,,,2001,1,2000,4043.3356065972225,shallow
isc_2745759,23.5259,70.537,15.0,4.3,MW,Southern India,,,,,,,,,2001-01-26 08:03:19.309000+00:00,,isc,2745759.0,ISC,ISC,ISC,4494225.0,NDI,earthquake,2001,1,2000,4043.335640150463,shallow
usp000a8em,23.223,71.165,10.0,4.7,mb,"23 km N of Halvad, India",earthquake,reviewed,us,9.0,,1.81,,https://earthquake.usgs.gov/earthquakes/eventpage/usp000a8em,2001-01-26 08:42:25.120000+00:00,2020-09-18 18:08:34.782000+00:00,usgs,,,,,,,,2001,1,2000,4043.362790740741,shallow
isc_2040184,23.3623,70.5915,15.0,4.4,MW,Southern India,,,,,,,,,2001-01-26 08:42:25.853000+00:00,,isc,2040184.0,ISC,ISC,ISC,4494231.0,NDI,earthquake,2001,1,2000,4043.362799224537,shallow
usp000a8ep,23.248,70.192,10.0,4.8,mb,"16 km WSW of Bhach?u, India",earthquake,reviewed,us,28.0,,1.09,,https://earthquake.usgs.gov/earthquakes/eventpage/usp000a8ep,2001-01-26 09:08:22.260000+00:00,2022-04-29 19:06:31.859000+00:00,usgs,,,,,,,,2001,1,2000,4043.3808131944443,shallow
isc_1763695,23.3699,70.4843,12.1,4.5,MW,Southern India,,,,,,,,,2001-01-26 09:08:24.983000+00:00,,isc,1763695.0,ISC,ISC,ISC,4494238.0,NDI,earthquake,2001,1,2000,4043.380844710648,shallow
isc_3523348,23.308,70.226,8.0,3.9,ML,Southern India,,,,,,,,,2001-01-26 10:21:27.700000+00:00,,isc,3523348.0,NDI,NDI,NDI,4427656.0,NDI,earthquake,2001,1,2000,4043.4315706018515,shallow
isc_3523350,23.365,70.14,18.7,3.9,ML,Southern India,,,,,,,,,2001-01-26 11:54:42.300000+00:00,,isc,3523350.0,NDI,NDI,NDI,4427657.0,NDI,earthquake,2001,1,2000,4043.496322916667,shallow
isc_3409551,23.288,70.403,15.0,3.8,ML,Southern India,,,,,,,,,2001-01-26 12:11:53.700000+00:00,,isc,3409551.0,NDI,NDI,NDI,4327222.0,NDI,earthquake,2001,1,2000,4043.5082604166664,shallow
isc_3409553,23.527,71.058,33.0,3.3,ML,Southern India,,,,,,,,,2001-01-26 12:23:52.400000+00:00,,isc,3409553.0,NDI,NDI,NDI,4327223.0,NDI,earthquake,2001,1,2000,4043.5165787037035,shallow
usp000a8ex,23.557,70.689,10.0,4.3,mb,"4 km ESE of R?par, India",earthquake,reviewed,us,6.0,,1.23,,https://earthquake.usgs.gov/earthquakes/eventpage/usp000a8ex,2001-01-26 12:55:05.870000+00:00,2014-11-07 01:11:59.132000+00:00,usgs,,,,,,,,2001,1,2000,4043.5382623842593,shallow
isc_2754039,23.4824,70.4023,15.0,4.36,mb,Southern India,,,,,,,,,2001-01-26 12:55:07.023000+00:00,,isc,2754039.0,ISC,ISC,ISC,4494258.0,ISC,earthquake,2001,1,2000,4043.538275729167,shallow
usp000a8ez,23.562,70.068,10.0,4.4,mb,"40 km NW of Bhach?u, India",earthquake,reviewed,us,11.0,,1.4,,https://earthquake.usgs.gov/earthquakes/eventpage/usp000a8ez,2001-01-26 13:30:22.410000+00:00,2014-11-07 01:11:59.135000+00:00,usgs,,,,,,,,2001,1,2000,4043.5627593750005,shallow
isc_2754043,23.4706,70.5925,15.0,4.39,mb,Southern India,,,,,,,,,2001-01-26 13:30:25.244000+00:00,,isc,2754043.0,ISC,ISC,ISC,4494260.0,ISC,earthquake,2001,1,2000,4043.562792175926,shallow
isc_3523354,23.394,70.487,15.8,3.8,ML,Southern India,,,,,,,,,2001-01-26 14:11:29.800000+00:00,,isc,3523354.0,NDI,NDI,NDI,4427660.0,NDI,earthquake,2001,1,2000,4043.5913171296297,shallow
usp000a8f5,23.238,70.185,10.0,4.8,mb,"17 km WSW of Bhach?u, India",earthquake,reviewed,us,21.0,,0.85,,https://earthquake.usgs.gov/earthquakes/eventpage/usp000a8f5,2001-01-26 15:10:57.900000+00:00,2022-04-29 19:06:33.349000+00:00,usgs,,,,,,,,2001,1,2000,4043.632614583333,shallow
isc_1763699,23.3269,70.3049,19.0,4.17,MS,Southern India,,,,,,,,,2001-01-26 15:11:01.924000+00:00,,isc,1763699.0,ISC,ISC,ISC,4494269.0,ISC,earthquake,2001,1,2000,4043.6326611574077,shallow
isc_3523364,23.618,70.226,15.0,3.7,ML,Southern India,,,,,,,,,2001-01-26 15:38:17.100000+00:00,,isc,3523364.0,NDI,NDI,NDI,4427666.0,NDI,earthquake,2001,1,2000,4043.651586805556,shallow
isc_3523366,23.247,70.233,5.0,3.7,ML,Southern India,,,,,,,,,2001-01-26 15:42:25.100000+00:00,,isc,3523366.0,NDI,NDI,NDI,4427667.0,NDI,earthquake,2001,1,2000,4043.6544571759264,shallow
isc_3523370,23.544,70.569,5.0,3.4,ML,Southern India,,,,,,,,,2001-01-26 16:42:50.900000+00:00,,isc,3523370.0,NDI,NDI,NDI,4427669.0,NDI,earthquake,2001,1,2000,4043.6964224537032,shallow
isc_3523372,23.782,70.49,5.0,3.6,ML,Southern India,,,,,,,,,2001-01-26 16:46:56.100000+00:00,,isc,3523372.0,NDI,NDI,NDI,4427670.0,NDI,earthquake,2001,1,2000,4043.699260416667,shallow
isc_3523374,23.168,70.283,15.0,3.4,ML,Southern India,,,,,,,,,2001-01-26 17:21:35.700000+00:00,,isc,3523374.0,NDI,NDI,NDI,4427671.0,NDI,earthquake,2001,1,2000,4043.723329861111,shallow
isc_3523376,23.867,70.202,10.0,3.6,ML,Southern India,,,,,,,,,2001-01-26 18:02:30.700000+00:00,,isc,3523376.0,NDI,NDI,NDI,4427672.0,NDI,earthquake,2001,1,2000,4043.751744212963,shallow
usp000a8fh,23.544,70.406,10.0,4.7,mb,"24 km W of R?par, India",earthquake,reviewed,us,30.0,,1.17,,https://earthquake.usgs.gov/earthquakes/eventpage/usp000a8fh,2001-01-26 18:19:44.030000+00:00,2020-09-18 18:09:12.409000+00:00,usgs,,,,,,,,2001,1,2000,4043.7637040509258,shallow
isc_1763705,23.4298,70.6003,13.4,3.84,MS,Southern India,,,,,,,,,2001-01-26 18:19:46.107000+00:00,,isc,1763705.0,ISC,ISC,ISC,4494287.0,ISC,earthquake,2001,1,2000,4043.7637280902777,shallow
isc_3523380,23.329,71.251,5.0,3.7,ML,Southern India,,,,,,,,,2001-01-26 18:44:57.700000+00:00,,isc,3523380.0,NDI,NDI,NDI,4427675.0,NDI,earthquake,2001,1,2000,4043.7812233796294,shallow
usp000a8fj,23.863,70.076,10.0,4.2,mb,"66 km WNW of R?par, India",earthquake,reviewed,us,5.0,,1.24,,https://earthquake.usgs.gov/earthquakes/eventpage/usp000a8fj,2001-01-26 19:10:55.140000+00:00,2014-11-07 01:11:59.265000+00:00,usgs,,,,,,,,2001,1,2000,4043.7992493055553,shallow
isc_3009588,23.6416,70.309,35.0,4.1,mb,Southern India,,,,,,,,,2001-01-26 19:10:57.916000+00:00,,isc,3009588.0,ISC,ISC,ISC,4494292.0,ISC,earthquake,2001,1,2000,4043.799281435185,shallow
isc_3523390,23.285,70.911,5.0,3.7,ML,Southern India,,,,,,,,,2001-01-26 21:49:59.100000+00:00,,isc,3523390.0,NDI,NDI,NDI,4427681.0,NDI,earthquake,2001,1,2000,4043.9097118055556,shallow
isc_3523392,23.334,70.093,33.0,3.5,ML,Southern India,,,,,,,,,2001-01-26 22:04:18.100000+00:00,,isc,3523392.0,NDI,NDI,NDI,4427682.0,NDI,earthquake,2001,1,2000,4043.9196539351856,shallow
isc_3523400,23.439,70.407,6.8,3.6,ML,Southern India,,,,,,,,,2001-01-27 00:58:52.700000+00:00,,isc,3523400.0,NDI,NDI,NDI,4427686.0,NDI,earthquake,2001,1,2000,4044.0408877314812,shallow
isc_3523402,23.571,70.17,5.0,3.5,ML,Southern India,,,,,,,,,2001-01-27 01:27:35.200000+00:00,,isc,3523402.0,NDI,NDI,NDI,4427687.0,NDI,earthquake,2001,1,2000,4044.060824074074,shallow
isc_3409561,23.566,70.257,5.0,3.6,ML,Southern India,,,,,,,,,2001-01-27 01:34:57.400000+00:00,,isc,3409561.0,NDI,NDI,NDI,4327232.0,NDI,earthquake,2001,1,2000,4044.0659421296295,shallow
isc_3523404,23.607,70.248,5.0,3.7,ML,Southern India,,,,,,,,,2001-01-27 01:47:11.100000+00:00,,isc,3523404.0,NDI,NDI,NDI,4427688.0,NDI,earthquake,2001,1,2000,4044.074434027778,shallow
usp000a8g2,23.338,70.587,10.0,4.1,mb,"25 km E of Bhach?u, India",earthquake,reviewed,us,9.0,,1.42,,https://earthquake.usgs.gov/earthquakes/eventpage/usp000a8g2,2001-01-27 03:33:36.410000+00:00,2014-11-07 01:11:59.302000+00:00,usgs,,,,,,,,2001,1,2000,4044.148338078704,shallow
usp000a8g3,23.472,70.232,10.0,4.7,mb,"22 km NNW of Bhach?u, India",earthquake,reviewed,us,20.0,,1.09,,https://earthquake.usgs.gov/earthquakes/eventpage/usp000a8g3,2001-01-27 03:50:01.530000+00:00,2020-07-08 01:04:51.957000+00:00,usgs,,,,,,,,2001,1,2000,4044.159739930555,shallow
isc_1763707,23.4369,70.5589,19.7,4.05,MS,Southern India,,,,,,,,,2001-01-27 03:50:03.413000+00:00,,isc,1763707.0,ISC,ISC,ISC,4494333.0,ISC,earthquake,2001,1,2000,4044.159761724537,shallow
isc_3523412,23.357,70.363,13.5,4.0,ML,Southern India,,,,,,,,,2001-01-27 04:10:13.700000+00:00,,isc,3523412.0,NDI,NDI,NDI,4427694.0,NDI,earthquake,2001,1,2000,4044.173769675926,shallow
isc_1763709,23.5104,70.5755,15.0,4.5,MS,Southern India,,,,,,,,,2001-01-27 04:36:08.385000+00:00,,isc,1763709.0,ISC,ISC,ISC,4494338.0,ISC,earthquake,2001,1,2000,4044.191763715278,shallow
usp000a8g7,23.655,70.001,10.0,4.8,mb,"52 km NW of Bhach?u, India",earthquake,reviewed,us,27.0,,1.04,,https://earthquake.usgs.gov/earthquakes/eventpage/usp000a8g7,2001-01-27 04:36:08.410000+00:00,2020-09-18 18:09:20.909000+00:00,usgs,,,,,,,,2001,1,2000,4044.19176400463,shallow
isc_3523420,24.023,70.02,17.3,3.5,ML,India-Pakistan border region,,,,,,,,,2001-01-27 05:28:43.500000+00:00,,isc,3523420.0,NDI,NDI,NDI,4427699.0,NDI,earthquake,2001,1,2000,4044.22828125,shallow
isc_3523424,23.061,70.207,15.0,3.7,ML,Southern India,,,,,,,,,2001-01-27 06:03:38.300000+00:00,,isc,3523424.0,NDI,NDI,NDI,4427701.0,NDI,earthquake,2001,1,2000,4044.2525266203706,shallow
isc_3523428,23.513,70.371,5.0,3.7,ML,Southern India,,,,,,,,,2001-01-27 08:57:54.300000+00:00,,isc,3523428.0,NDI,NDI,NDI,4427703.0,NDI,earthquake,2001,1,2000,4044.373545138889,shallow
isc_3523432,23.03,70.061,5.0,3.6,ML,Southern India,,,,,,,,,2001-01-27 09:46:43.800000+00:00,,isc,3523432.0,NDI,NDI,NDI,4427705.0,NDI,earthquake,2001,1,2000,4044.407451388889,shallow
isc_3523434,23.406,70.241,5.0,3.8,ML,Southern India,,,,,,,,,2001-01-27 09:50:31.600000+00:00,,isc,3523434.0,NDI,NDI,NDI,4427706.0,NDI,earthquake,2001,1,2000,4044.410087962963,shallow
usp000a8gr,23.273,70.45,10.0,4.6,mb,"11 km ESE of Bhach?u, India",earthquake,reviewed,us,14.0,,0.94,,https://earthquake.usgs.gov/earthquakes/eventpage/usp000a8gr,2001-01-27 11:24:21.440000+00:00,2020-09-18 18:09:29.561000+00:00,usgs,,,,,,,,2001,1,2000,4044.4752481481482,shallow
isc_1763717,23.3531,70.6117,14.5,4.63,mb,Southern India,,,,,,,,,2001-01-27 11:24:24.551000+00:00,,isc,1763717.0,ISC,ISC,ISC,4494371.0,ISC,earthquake,2001,1,2000,4044.4752841550926,shallow
isc_3523442,23.619,70.347,5.0,3.4,ML,Southern India,,,,,,,,,2001-01-27 11:47:47.900000+00:00,,isc,3523442.0,NDI,NDI,NDI,4427711.0,NDI,earthquake,2001,1,2000,4044.49152662037,shallow
isc_3523450,23.429,70.437,15.4,3.2,ML,Southern India,,,,,,,,,2001-01-27 15:20:56.200000+00:00,,isc,3523450.0,NDI,NDI,NDI,4427715.0,NDI,earthquake,2001,1,2000,4044.639539351852,shallow
isc_3523452,23.718,70.094,15.0,3.3,ML,Southern India,,,,,,,,,2001-01-27 15:40:00.700000+00:00,,isc,3523452.0,NDI,NDI,NDI,4427716.0,NDI,earthquake,2001,1,2000,4044.6527858796294,shallow
isc_3523454,23.522,70.165,5.0,3.1,ML,Southern India,,,,,,,,,2001-01-27 16:06:16.200000+00:00,,isc,3523454.0,NDI,NDI,NDI,4427717.0,NDI,earthquake,2001,1,2000,4044.6710208333334,shallow
isc_3523468,23.401,70.423,5.0,3.0,ML,Southern India,,,,,,,,,2001-01-27 19:59:26.100000+00:00,,isc,3523468.0,NDI,NDI,NDI,4427724.0,NDI,earthquake,2001,1,2000,4044.8329409722223,shallow
isc_3523474,24.213,70.126,33.0,3.6,ML,India-Pakistan border region,,,,,,,,,2001-01-27 23:51:54.100000+00:00,,isc,3523474.0,NDI,NDI,NDI,4427727.0,NDI,earthquake,2001,1,2000,4044.9943761574077,shallow
usp000a8hm,23.507,70.517,10.0,5.8,mwc,"15 km WSW of R?par, India",earthquake,reviewed,us,363.0,,1.27,,https://earthquake.usgs.gov/earthquakes/eventpage/usp000a8hm,2001-01-28 01:02:10.700000+00:00,2022-04-29 19:06:41.280000+00:00,usgs,,,,,,,,2001,1,2000,4045.043179398148,shallow
isc_3009927,23.8895,70.2371,35.0,4.1,mb,Southern India,,,,,,,,,2001-01-28 01:21:17.176000+00:00,,isc,3009927.0,ISC,ISC,ISC,4494415.0,ISC,earthquake,2001,1,2000,4045.056448796296,shallow
isc_3009965,23.4678,70.6689,15.0,3.9,MW,Southern India,,,,,,,,,2001-01-28 03:18:04.314000+00:00,,isc,3009965.0,ISC,ISC,ISC,4494422.0,NDI,earthquake,2001,1,2000,4045.1375499305555,shallow
usp000a8hu,23.808,70.189,10.0,4.2,mb,"53 km WNW of R?par, India",earthquake,reviewed,us,8.0,,1.26,,https://earthquake.usgs.gov/earthquakes/eventpage/usp000a8hu,2001-01-28 03:18:04.730000+00:00,2014-11-07 01:11:59.636000+00:00,usgs,,,,,,,,2001,1,2000,4045.1375547453704,shallow
usp000a8hv,23.345,70.02,10.0,4.3,mb,"25 km N of Anj?r, India",earthquake,reviewed,us,24.0,,0.92,,https://earthquake.usgs.gov/earthquakes/eventpage/usp000a8hv,2001-01-28 03:26:11.180000+00:00,2014-11-07 01:11:59.638000+00:00,usgs,,,,,,,,2001,1,2000,4045.143184953704,shallow
isc_1763729,23.3848,70.1663,18.4,3.6,MS,Southern India,,,,,,,,,2001-01-28 03:26:14.409000+00:00,,isc,1763729.0,ISC,ISC,ISC,4494424.0,ISC,earthquake,2001,1,2000,4045.1432223263887,shallow
isc_3523486,23.452,70.388,15.0,3.5,ML,Southern India,,,,,,,,,2001-01-28 06:19:48.100000+00:00,,isc,3523486.0,NDI,NDI,NDI,4427736.0,NDI,earthquake,2001,1,2000,4045.2637511574076,shallow
isc_3523494,23.741,70.386,1.4,3.3,ML,Southern India,,,,,,,,,2001-01-28 08:23:33.100000+00:00,,isc,3523494.0,NDI,NDI,NDI,4427740.0,NDI,earthquake,2001,1,2000,4045.3496886574076,shallow
isc_3010016,23.451,70.2928,15.0,3.64,mb,Southern India,,,,,,,,,2001-01-28 10:02:29.549000+00:00,,isc,3010016.0,ISC,ISC,ISC,4494454.0,ISC,earthquake,2001,1,2000,4045.418397557871,shallow
usp000a8jb,23.186,70.036,10.0,3.7,mb,"8 km N of Anj?r, India",earthquake,reviewed,us,12.0,,0.71,,https://earthquake.usgs.gov/earthquakes/eventpage/usp000a8jb,2001-01-28 10:43:36.260000+00:00,2014-11-07 01:11:59.673000+00:00,usgs,,,,,,,,2001,1,2000,4045.4469474537036,shallow
isc_3010018,23.2956,70.242,15.0,3.73,mb,Southern India,,,,,,,,,2001-01-28 10:43:39.044000+00:00,,isc,3010018.0,ISC,ISC,ISC,4494455.0,ISC,earthquake,2001,1,2000,4045.4469796759263,shallow
usp000a8je,23.252,70.387,10.0,5.4,mwc,"6 km SE of Bhach?u, India",earthquake,reviewed,us,52.0,,1.23,,https://earthquake.usgs.gov/earthquakes/eventpage/usp000a8je,2001-01-28 11:10:43.610000+00:00,2022-04-29 17:50:09.705000+00:00,usgs,,,,,,,,2001,1,2000,4045.4657825231484,shallow
isc_3523510,23.451,70.318,15.0,3.0,ML,Southern India,,,,,,,,,2001-01-28 13:34:12.900000+00:00,,isc,3523510.0,NDI,NDI,NDI,4427751.0,NDI,earthquake,2001,1,2000,4045.565427083333,shallow
isc_3409581,23.616,70.189,15.0,3.3,ML,Southern India,,,,,,,,,2001-01-28 16:03:06.600000+00:00,,isc,3409581.0,NDI,NDI,NDI,4327248.0,NDI,earthquake,2001,1,2000,4045.668826388889,shallow
usp000a8k3,23.18,69.907,10.0,4.7,mb,"14 km WNW of Anj?r, India",earthquake,reviewed,us,56.0,,1.25,,https://earthquake.usgs.gov/earthquakes/eventpage/usp000a8k3,2001-01-28 17:15:22.710000+00:00,2020-09-18 18:09:52.165000+00:00,usgs,,,,,,,,2001,1,2000,4045.719012847222,shallow
isc_1763737,23.2529,70.1733,19.3,3.97,MS,Southern India,,,,,,,,,2001-01-28 17:15:27.016000+00:00,,isc,1763737.0,ISC,ISC,ISC,4494489.0,ISC,earthquake,2001,1,2000,4045.719062685185,shallow
isc_3523518,23.618,70.234,15.0,3.4,ML,Southern India,,,,,,,,,2001-01-28 17:25:38.700000+00:00,,isc,3523518.0,NDI,NDI,NDI,4427756.0,NDI,earthquake,2001,1,2000,4045.7261423611108,shallow
usp000a8k5,23.454,70.393,10.0,4.0,mb,"17 km NNE of Bhach?u, India",earthquake,reviewed,us,13.0,,1.01,,https://earthquake.usgs.gov/earthquakes/eventpage/usp000a8k5,2001-01-28 18:03:43.120000+00:00,2014-11-07 01:11:59.819000+00:00,usgs,,,,,,,,2001,1,2000,4045.7525824074073,shallow
isc_2754224,23.5891,70.6476,14.0,3.95,mb,Southern India,,,,,,,,,2001-01-28 18:03:45.154000+00:00,,isc,2754224.0,ISC,ISC,ISC,4494496.0,ISC,earthquake,2001,1,2000,4045.7526059490738,shallow
isc_1763741,23.2967,70.492,27.5,4.03,mb,Southern India,,,,,,,,,2001-01-28 19:31:59.587000+00:00,,isc,1763741.0,ISC,ISC,ISC,4494501.0,ISC,earthquake,2001,1,2000,4045.8138841087966,shallow
usp000a8k8,23.802,69.844,10.0,4.0,mb,"63 km NNE of Bhuj, India",earthquake,reviewed,us,11.0,,1.11,,https://earthquake.usgs.gov/earthquakes/eventpage/usp000a8k8,2001-01-28 19:31:59.820000+00:00,2014-11-07 01:11:59.827000+00:00,usgs,,,,,,,,2001,1,2000,4045.8138868055553,shallow
usp000a8ka,23.401,70.001,10.0,4.3,mb,"31 km N of Anj?r, India",earthquake,reviewed,us,18.0,,1.21,,https://earthquake.usgs.gov/earthquakes/eventpage/usp000a8ka,2001-01-28 19:42:18.330000+00:00,2014-11-07 01:11:59.831000+00:00,usgs,,,,,,,,2001,1,2000,4045.821045486111,shallow
isc_3267503,23.4772,70.1918,19.5,3.63,MS,Southern India,,,,,,,,,2001-01-28 19:42:22.083000+00:00,,isc,3267503.0,ISC,ISC,ISC,4494504.0,ISC,earthquake,2001,1,2000,4045.821088923611,shallow
isc_2754230,23.6094,71.3223,35.0,3.8,mb,Southern India,,,,,,,,,2001-01-28 19:43:04.712000+00:00,,isc,2754230.0,ISC,ISC,ISC,4494505.0,ISC,earthquake,2001,1,2000,4045.821582314815,shallow
isc_3267507,23.456,70.4168,15.0,3.64,mb,Southern India,,,,,,,,,2001-01-28 20:54:08.496000+00:00,,isc,3267507.0,ISC,ISC,ISC,4494515.0,ISC,earthquake,2001,1,2000,4045.8709316666664,shallow
usp000a8ky,23.507,70.006,10.0,3.7,mb,"41 km NW of Bhach?u, India",earthquake,reviewed,us,7.0,,1.08,,https://earthquake.usgs.gov/earthquakes/eventpage/usp000a8ky,2001-01-28 23:31:07.880000+00:00,2014-11-07 01:11:59.877000+00:00,usgs,,,,,,,,2001,1,2000,4045.979952314815,shallow
isc_3010205,23.4728,70.2846,15.0,3.82,mb,Southern India,,,,,,,,,2001-01-28 23:31:09.476000+00:00,,isc,3010205.0,ISC,ISC,ISC,4494540.0,ISC,earthquake,2001,1,2000,4045.979970787037,shallow
usp000a8m5,23.46,69.973,10.0,4.8,mb,"38 km NE of Bhuj, India",earthquake,reviewed,us,63.0,,0.9,,https://earthquake.usgs.gov/earthquakes/eventpage/usp000a8m5,2001-01-29 01:39:03.510000+00:00,2020-09-18 18:10:02.264000+00:00,usgs,,,,,,,,2001,1,2000,4046.068790625,shallow
isc_1763745,23.3843,70.1805,15.0,3.74,MS,Southern India,,,,,,,,,2001-01-29 01:39:05.554000+00:00,,isc,1763745.0,ISC,ISC,ISC,4494554.0,ISC,earthquake,2001,1,2000,4046.068814282408,shallow
isc_3523541,23.544,70.299,15.0,3.7,ML,Southern India,,,,,,,,,2001-01-29 04:25:40.200000+00:00,,isc,3523541.0,NDI,NDI,NDI,4427774.0,NDI,earthquake,2001,1,2000,4046.1844930555553,shallow
usp000a8mq,23.499,70.455,10.0,4.8,mb,"21 km WSW of R?par, India",earthquake,reviewed,us,46.0,,0.98,,https://earthquake.usgs.gov/earthquakes/eventpage/usp000a8mq,2001-01-29 09:38:44.140000+00:00,2020-09-18 18:10:17.696000+00:00,usgs,,,,,,,,2001,1,2000,4046.4018997685184,shallow
isc_3523553,23.21,70.15,33.0,3.5,ML,Southern India,,,,,,,,,2001-01-29 12:44:23.800000+00:00,,isc,3523553.0,NDI,NDI,NDI,4427781.0,NDI,earthquake,2001,1,2000,4046.5308310185187,shallow
isc_3409592,23.185,70.111,30.9,3.1,ML,Southern India,,,,,,,,,2001-01-29 16:16:44.900000+00:00,,isc,3409592.0,NDI,NDI,NDI,4327257.0,NDI,earthquake,2001,1,2000,4046.6782974537036,shallow
usp000a8nc,23.353,70.423,10.0,4.0,mb,"10 km NE of Bhach?u, India",earthquake,reviewed,us,17.0,,1.54,,https://earthquake.usgs.gov/earthquakes/eventpage/usp000a8nc,2001-01-29 19:14:53.590000+00:00,2014-11-07 01:11:59.989000+00:00,usgs,,,,,,,,2001,1,2000,4046.8020091435183,shallow
isc_2754322,23.4758,70.5306,15.0,4.01,mb,Southern India,,,,,,,,,2001-01-29 19:14:55.350000+00:00,,isc,2754322.0,ISC,ISC,ISC,4494628.0,ISC,earthquake,2001,1,2000,4046.802029513889,shallow
usp000a8nd,23.378,70.004,10.0,4.2,mb,"29 km N of Anj?r, India",earthquake,reviewed,us,15.0,,1.04,,https://earthquake.usgs.gov/earthquakes/eventpage/usp000a8nd,2001-01-29 19:17:53.280000+00:00,2014-11-07 01:11:59.992000+00:00,usgs,,,,,,,,2001,1,2000,4046.8040888888886,shallow
isc_2754324,23.4687,70.1328,28.1,3.49,MS,Southern India,,,,,,,,,2001-01-29 19:17:58.202000+00:00,,isc,2754324.0,ISC,ISC,ISC,4494629.0,ISC,earthquake,2001,1,2000,4046.8041458564817,shallow
usp000a8nx,23.436,70.28,10.0,4.8,mb,"16 km NNW of Bhach?u, India",earthquake,reviewed,us,53.0,,1.34,,https://earthquake.usgs.gov/earthquakes/eventpage/usp000a8nx,2001-01-29 23:54:58.310000+00:00,2020-09-18 18:10:38.396000+00:00,usgs,,,,,,,,2001,1,2000,4046.9965082175927,shallow
isc_3523576,23.465,70.257,15.0,3.1,ML,Southern India,,,,,,,,,2001-01-30 00:17:01.500000+00:00,,isc,3523576.0,NDI,NDI,NDI,4427797.0,NDI,earthquake,2001,1,2000,4047.0118229166665,shallow
usp000a8pf,23.345,70.095,10.0,4.1,mb,"25 km WNW of Bhach?u, India",earthquake,reviewed,us,14.0,,0.98,,https://earthquake.usgs.gov/earthquakes/eventpage/usp000a8pf,2001-01-30 03:16:42.310000+00:00,2014-11-07 01:12:00.114000+00:00,usgs,,,,,,,,2001,1,2000,4047.1366008101854,shallow
isc_2754372,23.4159,70.3553,19.0,4.31,mb,Southern India,,,,,,,,,2001-01-30 03:16:46.006000+00:00,,isc,2754372.0,ISC,ISC,ISC,4494681.0,ISC,earthquake,2001,1,2000,4047.1366435879627,shallow
isc_3523582,23.376,70.435,11.7,3.6,ML,Southern India,,,,,,,,,2001-01-30 07:04:47.300000+00:00,,isc,3523582.0,NDI,NDI,NDI,4427801.0,NDI,earthquake,2001,1,2000,4047.2949918981485,shallow
isc_3523584,22.339,70.373,33.0,3.9,ML,Southern India,,,,,,,,,2001-01-30 07:15:16.200000+00:00,,isc,3523584.0,NDI,NDI,NDI,4427802.0,NDI,earthquake,2001,1,2000,4047.3022708333333,shallow
isc_3523586,23.625,70.059,15.0,3.2,ML,Southern India,,,,,,,,,2001-01-30 07:25:02.500000+00:00,,isc,3523586.0,NDI,NDI,NDI,4427803.0,NDI,earthquake,2001,1,2000,4047.309056712963,shallow
isc_3523588,23.707,70.072,5.0,3.5,ML,Southern India,,,,,,,,,2001-01-30 08:22:18.400000+00:00,,isc,3523588.0,NDI,NDI,NDI,4427804.0,NDI,earthquake,2001,1,2000,4047.348824074074,shallow
isc_3523590,23.224,70.138,5.0,3.4,ML,Southern India,,,,,,,,,2001-01-30 08:42:25.800000+00:00,,isc,3523590.0,NDI,NDI,NDI,4427805.0,NDI,earthquake,2001,1,2000,4047.3627986111114,shallow
isc_3523592,23.352,70.469,5.0,3.5,ML,Southern India,,,,,,,,,2001-01-30 09:54:54.700000+00:00,,isc,3523592.0,NDI,NDI,NDI,4427806.0,NDI,earthquake,2001,1,2000,4047.4131331018516,shallow
isc_3523594,23.51,70.445,6.5,3.7,ML,Southern India,,,,,,,,,2001-01-30 10:45:52.500000+00:00,,isc,3523594.0,NDI,NDI,NDI,4427807.0,NDI,earthquake,2001,1,2000,4047.4485243055556,shallow
isc_3523596,23.321,70.096,24.7,3.1,ML,Southern India,,,,,,,,,2001-01-30 14:14:08.100000+00:00,,isc,3523596.0,NDI,NDI,NDI,4427808.0,NDI,earthquake,2001,1,2000,4047.593149305556,shallow
isc_3523600,23.297,70.253,5.0,3.5,ML,Southern India,,,,,,,,,2001-01-30 17:33:49.200000+00:00,,isc,3523600.0,NDI,NDI,NDI,4427810.0,NDI,earthquake,2001,1,2000,4047.731819444444,shallow
usp000a8qk,23.283,70.271,10.0,4.7,mb,"7 km WSW of Bhach?u, India",earthquake,reviewed,us,49.0,,1.12,,https://earthquake.usgs.gov/earthquakes/eventpage/usp000a8qk,2001-01-30 18:19:56.360000+00:00,2020-09-18 18:10:47.436000+00:00,usgs,,,,,,,,2001,1,2000,4047.7638467592596,shallow
isc_1763783,23.3956,70.4121,17.2,3.88,MS,Southern India,,,,,,,,,2001-01-30 18:19:59.455000+00:00,,isc,1763783.0,ISC,ISC,ISC,4494737.0,ISC,earthquake,2001,1,2000,4047.763882581018,shallow
isc_3523604,23.324,70.318,15.0,3.3,ML,Southern India,,,,,,,,,2001-01-30 19:40:33.400000+00:00,,isc,3523604.0,NDI,NDI,NDI,4427813.0,NDI,earthquake,2001,1,2000,4047.819831018518,shallow
usp000a8qz,23.439,70.043,10.0,4.4,mb,"34 km WNW of Bhach?u, India",earthquake,reviewed,us,32.0,,1.05,,https://earthquake.usgs.gov/earthquakes/eventpage/usp000a8qz,2001-01-31 01:56:07.080000+00:00,2014-11-07 01:12:00.221000+00:00,usgs,,,,,,,,2001,1,2000,4048.0806374999997,shallow
usp000a8r2,23.379,70.403,10.0,4.4,mb,"10 km NE of Bhach?u, India",earthquake,reviewed,us,19.0,,1.26,,https://earthquake.usgs.gov/earthquakes/eventpage/usp000a8r2,2001-01-31 03:34:56.630000+00:00,2014-11-07 01:12:00.229000+00:00,usgs,,,,,,,,2001,1,2000,4048.149266550926,shallow
usp000a8r8,23.392,70.01,10.0,4.0,mb,"30 km N of Anj?r, India",earthquake,reviewed,us,14.0,,1.61,,https://earthquake.usgs.gov/earthquakes/eventpage/usp000a8r8,2001-01-31 04:41:07.570000+00:00,2014-11-07 01:12:00.304000+00:00,usgs,,,,,,,,2001,1,2000,4048.1952265046298,shallow
isc_3523619,23.475,70.068,20.1,3.4,ML,Southern India,,,,,,,,,2001-01-31 05:12:35.900000+00:00,,isc,3523619.0,NDI,NDI,NDI,4427823.0,NDI,earthquake,2001,1,2000,4048.2170821759255,shallow
usp000a8rh,23.518,70.265,10.0,4.4,mb,"25 km NNW of Bhach?u, India",earthquake,reviewed,us,23.0,,0.96,,https://earthquake.usgs.gov/earthquakes/eventpage/usp000a8rh,2001-01-31 07:32:33.100000+00:00,2014-11-07 01:12:00.381000+00:00,usgs,,,,,,,,2001,1,2000,4048.314271990741,shallow
isc_3523623,23.591,70.169,15.0,3.9,ML,Southern India,,,,,,,,,2001-01-31 08:38:21.700000+00:00,,isc,3523623.0,NDI,NDI,NDI,4427826.0,NDI,earthquake,2001,1,2000,4048.3599733796295,shallow
usp000a8rr,23.372,70.425,10.0,4.9,mb,"11 km NE of Bhach?u, India",earthquake,reviewed,us,83.0,,0.93,,https://earthquake.usgs.gov/earthquakes/eventpage/usp000a8rr,2001-01-31 09:42:22.080000+00:00,2022-04-29 19:06:58.110000+00:00,usgs,,,,,,,,2001,1,2000,4048.404422222222,shallow
isc_1763797,23.4292,70.6286,7.5,3.94,MS,Southern India,,,,,,,,,2001-01-31 09:42:23.791000+00:00,,isc,1763797.0,ISC,ISC,ISC,4494802.0,ISC,earthquake,2001,1,2000,4048.404442025463,shallow
isc_3523627,23.773,70.049,15.0,3.8,ML,Southern India,,,,,,,,,2001-01-31 11:21:40.100000+00:00,,isc,3523627.0,NDI,NDI,NDI,4427829.0,NDI,earthquake,2001,1,2000,4048.4733807870375,shallow
isc_3523629,23.465,70.441,3.3,3.9,ML,Southern India,,,,,,,,,2001-01-31 13:06:39.700000+00:00,,isc,3523629.0,NDI,NDI,NDI,4427830.0,NDI,earthquake,2001,1,2000,4048.546292824074,shallow
isc_3409608,23.273,70.22,15.0,3.6,ML,Southern India,,,,,,,,,2001-01-31 13:37:40.300000+00:00,,isc,3409608.0,NDI,NDI,NDI,4327272.0,NDI,earthquake,2001,1,2000,4048.5678275462965,shallow
isc_3267807,23.4241,70.4682,15.0,3.64,mb,Southern India,,,,,,,,,2001-01-31 15:36:17.453000+00:00,,isc,3267807.0,ISC,ISC,ISC,4494842.0,ISC,earthquake,2001,1,2000,4048.650202002315,shallow
isc_3523633,23.562,70.232,15.0,3.3,ML,Southern India,,,,,,,,,2001-01-31 17:03:27.600000+00:00,,isc,3523633.0,NDI,NDI,NDI,4427832.0,NDI,earthquake,2001,1,2000,4048.7107361111116,shallow
usp000a8t6,23.205,70.07,10.0,4.4,mb,"11 km NNE of Anj?r, India",earthquake,reviewed,us,22.0,,1.07,,https://earthquake.usgs.gov/earthquakes/eventpage/usp000a8t6,2001-01-31 23:36:10.900000+00:00,2014-11-07 01:12:00.532000+00:00,usgs,,,,,,,,2001,1,2000,4048.9834594907406,shallow
isc_2040619,23.3596,70.2923,15.0,3.56,MS,Southern India,,,,,,,,,2001-01-31 23:36:12.906000+00:00,,isc,2040619.0,ISC,ISC,ISC,4494884.0,ISC,earthquake,2001,1,2000,4048.9834827083337,shallow
isc_3523640,23.287,70.283,6.5,3.6,ML,Southern India,,,,,,,,,2001-02-01 07:36:50.800000+00:00,,isc,3523640.0,NDI,NDI,NDI,4427836.0,NDI,earthquake,2001,2,2000,4049.3172546296296,shallow
isc_3523642,23.638,70.347,15.0,3.3,ML,Southern India,,,,,,,,,2001-02-01 08:42:14.400000+00:00,,isc,3523642.0,NDI,NDI,NDI,4427837.0,NDI,earthquake,2001,2,2000,4049.3626666666664,shallow
isc_3523644,23.405,70.378,15.0,3.3,ML,Southern India,,,,,,,,,2001-02-01 10:33:52.900000+00:00,,isc,3523644.0,NDI,NDI,NDI,4427838.0,NDI,earthquake,2001,2,2000,4049.4401956018514,shallow
isc_3510191,23.445,70.118,4.4,3.0,ML,Southern India,,,,,,,,,2001-02-01 12:09:56.600000+00:00,,isc,3510191.0,NDI,NDI,NDI,4414889.0,NDI,earthquake,2001,2,2000,4049.5069050925927,shallow
isc_3523646,23.421,70.011,7.7,3.1,ML,Southern India,,,,,,,,,2001-02-01 17:17:04.500000+00:00,,isc,3523646.0,NDI,NDI,NDI,4427839.0,NDI,earthquake,2001,2,2000,4049.720190972222,shallow
isc_3523648,23.479,70.111,26.8,3.3,ML,Southern India,,,,,,,,,2001-02-01 18:24:29.100000+00:00,,isc,3523648.0,NDI,NDI,NDI,4427840.0,NDI,earthquake,2001,2,2000,4049.7670034722223,shallow
isc_3523650,23.735,70.333,15.0,3.0,ML,Southern India,,,,,,,,,2001-02-01 19:22:19.200000+00:00,,isc,3523650.0,NDI,NDI,NDI,4427841.0,NDI,earthquake,2001,2,2000,4049.8071666666665,shallow
isc_3523652,23.472,70.382,15.0,3.2,ML,Southern India,,,,,,,,,2001-02-01 19:32:27.800000+00:00,,isc,3523652.0,NDI,NDI,NDI,4427842.0,NDI,earthquake,2001,2,2000,4049.814210648148,shallow
isc_2735452,23.4197,70.6087,16.7,4.1,MW,Southern India,,,,,,,,,2001-02-01 20:50:55.642000+00:00,,isc,2735452.0,ISC,ISC,ISC,4520217.0,NDI,earthquake,2001,2,2000,4049.8686995601856,shallow
usp000a8vc,23.165,70.365,10.0,4.1,mb,"14 km S of Bhach?u, India",earthquake,reviewed,us,13.0,,1.34,,https://earthquake.usgs.gov/earthquakes/eventpage/usp000a8vc,2001-02-01 21:06:58.080000+00:00,2014-11-07 01:12:03.739000+00:00,usgs,,,,,,,,2001,2,2000,4049.8798388888886,shallow
isc_2735456,23.4974,70.4955,15.0,4.03,mb,Southern India,,,,,,,,,2001-02-01 21:07:03.752000+00:00,,isc,2735456.0,ISC,ISC,ISC,4520220.0,ISC,earthquake,2001,2,2000,4049.879904537037,shallow
usp000a8vj,23.197,70.204,10.0,4.2,mb,"14 km NNE of G?ndh?dh?m, India",earthquake,reviewed,us,19.0,,1.16,,https://earthquake.usgs.gov/earthquakes/eventpage/usp000a8vj,2001-02-01 22:20:48.340000+00:00,2014-11-07 01:12:03.858000+00:00,usgs,,,,,,,,2001,2,2000,4049.931115046296,shallow
isc_2735481,23.2774,70.51,22.6,4.2,MW,Southern India,,,,,,,,,2001-02-01 22:20:53.417000+00:00,,isc,2735481.0,ISC,ISC,ISC,4520230.0,NDI,earthquake,2001,2,2000,4049.9311738078704,shallow
usp000a8vm,23.48,70.185,10.0,4.6,mb,"25 km NW of Bhach?u, India",earthquake,reviewed,us,32.0,,1.23,,https://earthquake.usgs.gov/earthquakes/eventpage/usp000a8vm,2001-02-01 22:29:34.710000+00:00,2020-09-18 18:11:12.896000+00:00,usgs,,,,,,,,2001,2,2000,4049.9372072916663,shallow
isc_3523661,23.472,70.181,15.0,3.4,ML,Southern India,,,,,,,,,2001-02-01 23:04:59.200000+00:00,,isc,3523661.0,NDI,NDI,NDI,4427850.0,NDI,earthquake,2001,2,2000,4049.961796296296,shallow
isc_3523665,23.501,70.126,5.0,3.3,ML,Southern India,,,,,,,,,2001-02-02 10:09:11.700000+00:00,,isc,3523665.0,NDI,NDI,NDI,4427852.0,NDI,earthquake,2001,2,2000,4050.423052083333,shallow
isc_3523667,23.522,70.361,3.2,3.5,ML,Southern India,,,,,,,,,2001-02-02 11:39:12.100000+00:00,,isc,3523667.0,NDI,NDI,NDI,4427853.0,NDI,earthquake,2001,2,2000,4050.4855567129634,shallow
isc_3523669,23.518,70.212,15.0,3.3,ML,Southern India,,,,,,,,,2001-02-02 14:20:45.600000+00:00,,isc,3523669.0,NDI,NDI,NDI,4427854.0,NDI,earthquake,2001,2,2000,4050.5977500000004,shallow
isc_3268051,23.5274,70.2727,15.0,3.81,mb,Southern India,,,,,,,,,2001-02-02 17:10:53.549000+00:00,,isc,3268051.0,ISC,ISC,ISC,4520341.0,ISC,earthquake,2001,2,2000,4050.7158975578704,shallow
isc_3523677,23.405,70.411,15.0,3.1,ML,Southern India,,,,,,,,,2001-02-02 19:06:56.100000+00:00,,isc,3523677.0,NDI,NDI,NDI,4427859.0,NDI,earthquake,2001,2,2000,4050.7964826388893,shallow
isc_3523679,23.431,70.153,13.7,3.1,ML,Southern India,,,,,,,,,2001-02-02 19:58:37.300000+00:00,,isc,3523679.0,NDI,NDI,NDI,4427860.0,NDI,earthquake,2001,2,2000,4050.8323761574075,shallow
isc_3523681,23.363,70.355,22.1,3.1,ML,Southern India,,,,,,,,,2001-02-02 20:02:34.700000+00:00,,isc,3523681.0,NDI,NDI,NDI,4427861.0,NDI,earthquake,2001,2,2000,4050.8351238425926,shallow
isc_3523683,23.36,70.387,3.9,3.2,ML,Southern India,,,,,,,,,2001-02-03 01:37:28.900000+00:00,,isc,3523683.0,NDI,NDI,NDI,4427862.0,NDI,earthquake,2001,2,2000,4051.0676956018515,shallow
usp000a8yc,23.655,70.435,10.0,5.3,mb,"23 km WNW of R?par, India",earthquake,reviewed,us,250.0,,1.02,,https://earthquake.usgs.gov/earthquakes/eventpage/usp000a8yc,2001-02-03 03:04:32.890000+00:00,2022-04-29 19:07:07.388000+00:00,usgs,,,,,,,,2001,2,2000,4051.128158449074,shallow
isc_3011665,23.4469,70.457,15.0,3.83,mb,Southern India,,,,,,,,,2001-02-03 04:00:29.377000+00:00,,isc,3011665.0,ISC,ISC,ISC,4520391.0,ISC,earthquake,2001,2,2000,4051.1670066782403,shallow
isc_3510211,23.217,70.167,5.0,3.4,ML,Southern India,,,,,,,,,2001-02-03 05:34:00.500000+00:00,,isc,3510211.0,NDI,NDI,NDI,4414905.0,NDI,earthquake,2001,2,2000,4051.2319502314813,shallow
isc_2735631,23.2653,70.2585,15.0,3.98,mb,Southern India,,,,,,,,,2001-02-03 07:00:45.381000+00:00,,isc,2735631.0,ISC,ISC,ISC,4520412.0,ISC,earthquake,2001,2,2000,4051.292191909722,shallow
isc_3268096,23.3411,70.563,10.0,3.94,mb,Southern India,,,,,,,,,2001-02-03 07:07:21.028000+00:00,,isc,3268096.0,ISC,ISC,ISC,4520413.0,ISC,earthquake,2001,2,2000,4051.2967711574074,shallow
usp000a8z3,23.403,69.999,10.0,3.9,mb,"32 km N of Anj?r, India",earthquake,reviewed,us,13.0,,0.87,,https://earthquake.usgs.gov/earthquakes/eventpage/usp000a8z3,2001-02-03 09:19:37.980000+00:00,2014-11-07 01:12:04.840000+00:00,usgs,,,,,,,,2001,2,2000,4051.388634027778,shallow
isc_2735643,23.4279,70.2607,18.1,3.93,mb,Southern India,,,,,,,,,2001-02-03 09:19:40.508000+00:00,,isc,2735643.0,ISC,ISC,ISC,4520425.0,ISC,earthquake,2001,2,2000,4051.388663287037,shallow
usp000a8z5,23.2,70.088,10.0,4.5,mb,"11 km NNE of Anj?r, India",earthquake,reviewed,us,24.0,,1.06,,https://earthquake.usgs.gov/earthquakes/eventpage/usp000a8z5,2001-02-03 10:06:36.900000+00:00,2020-09-18 18:11:21.329000+00:00,usgs,,,,,,,,2001,2,2000,4051.4212604166664,shallow
isc_1763877,23.3162,70.3075,23.1,4.8,MW,Southern India,,,,,,,,,2001-02-03 10:06:40.819000+00:00,,isc,1763877.0,ISC,ISC,ISC,4520428.0,NDI,earthquake,2001,2,2000,4051.421305775463,shallow
isc_3523694,23.281,70.295,8.0,3.3,ML,Southern India,,,,,,,,,2001-02-03 16:01:57.500000+00:00,,isc,3523694.0,NDI,NDI,NDI,4427872.0,NDI,earthquake,2001,2,2000,4051.6680266203703,shallow
isc_3523698,23.582,70.225,15.0,2.7,ML,Southern India,,,,,,,,,2001-02-03 22:58:38.800000+00:00,,isc,3523698.0,NDI,NDI,NDI,4427874.0,NDI,earthquake,2001,2,2000,4051.9573935185185,shallow
isc_3510218,23.749,70.393,4.1,3.0,ML,Southern India,,,,,,,,,2001-02-04 00:17:45.800000+00:00,,isc,3510218.0,NDI,NDI,NDI,4414909.0,NDI,earthquake,2001,2,2000,4052.012335648148,shallow
isc_2735712,23.2114,70.3885,18.7,3.82,mb,Southern India,,,,,,,,,2001-02-04 00:49:44.679000+00:00,,isc,2735712.0,ISC,ISC,ISC,4520516.0,ISC,earthquake,2001,2,2000,4052.0345448958337,shallow
isc_3523700,23.316,70.321,7.2,3.2,ML,Southern India,,,,,,,,,2001-02-04 01:21:12.600000+00:00,,isc,3523700.0,NDI,NDI,NDI,4427875.0,NDI,earthquake,2001,2,2000,4052.0563958333337,shallow
isc_3523702,23.419,70.311,15.0,3.4,ML,Southern India,,,,,,,,,2001-02-04 01:46:00.400000+00:00,,isc,3523702.0,NDI,NDI,NDI,4427876.0,NDI,earthquake,2001,2,2000,4052.0736157407405,shallow
isc_3523704,23.48,70.21,3.6,3.6,ML,Southern India,,,,,,,,,2001-02-04 04:17:11.200000+00:00,,isc,3523704.0,NDI,NDI,NDI,4427877.0,NDI,earthquake,2001,2,2000,4052.178601851852,shallow
isc_3523706,23.406,70.261,5.9,3.8,ML,Southern India,,,,,,,,,2001-02-04 04:40:00.900000+00:00,,isc,3523706.0,NDI,NDI,NDI,4427878.0,NDI,earthquake,2001,2,2000,4052.194454861111,shallow
usp000a914,23.519,70.126,10.0,4.5,mb,"32 km NW of Bhach?u, India",earthquake,reviewed,us,24.0,,1.04,,https://earthquake.usgs.gov/earthquakes/eventpage/usp000a914,2001-02-04 04:47:24.350000+00:00,2020-09-18 18:11:37.575000+00:00,usgs,,,,,,,,2001,2,2000,4052.1995873842598,shallow
usp000a916,23.248,70.092,10.0,4.1,mb,"Gujarat, India",earthquake,reviewed,us,22.0,,0.72,,https://earthquake.usgs.gov/earthquakes/eventpage/usp000a916,2001-02-04 04:50:33.980000+00:00,2014-11-07 01:12:05.263000+00:00,usgs,,,,,,,,2001,2,2000,4052.201782175926,shallow
isc_3523711,23.509,70.2,15.0,3.3,ML,Southern India,,,,,,,,,2001-02-04 05:22:02.700000+00:00,,isc,3523711.0,NDI,NDI,NDI,4427882.0,NDI,earthquake,2001,2,2000,4052.223642361111,shallow
isc_3523713,23.281,70.405,9.5,3.2,ML,Southern India,,,,,,,,,2001-02-04 05:41:30.900000+00:00,,isc,3523713.0,NDI,NDI,NDI,4427883.0,NDI,earthquake,2001,2,2000,4052.2371631944443,shallow
isc_3523718,23.512,70.529,20.4,3.1,ML,Southern India,,,,,,,,,2001-02-04 13:55:27.100000+00:00,,isc,3523718.0,NDI,NDI,NDI,4427886.0,NDI,earthquake,2001,2,2000,4052.5801747685186,shallow
usp000a92e,23.465,70.107,10.0,4.4,mb,"30 km NW of Bhach?u, India",earthquake,reviewed,us,19.0,,1.22,,https://earthquake.usgs.gov/earthquakes/eventpage/usp000a92e,2001-02-04 15:34:06.300000+00:00,2014-11-07 01:12:05.491000+00:00,usgs,,,,,,,,2001,2,2000,4052.648684027778,shallow
isc_1763899,23.4518,70.2677,22.5,4.8,MW,Southern India,,,,,,,,,2001-02-04 15:34:09.965000+00:00,,isc,1763899.0,ISC,ISC,ISC,4520614.0,NDI,earthquake,2001,2,2000,4052.648726446759,shallow
usp000a92m,23.351,70.307,10.0,4.4,mb,"6 km NNW of Bhach?u, India",earthquake,reviewed,us,41.0,,1.03,,https://earthquake.usgs.gov/earthquakes/eventpage/usp000a92m,2001-02-04 17:23:13.720000+00:00,2014-11-07 01:12:05.522000+00:00,usgs,,,,,,,,2001,2,2000,4052.724464351852,shallow
isc_1763903,23.4232,70.5583,15.0,4.34,mb,Southern India,,,,,,,,,2001-02-04 17:23:16.418000+00:00,,isc,1763903.0,ISC,ISC,ISC,4520624.0,ISC,earthquake,2001,2,2000,4052.7244955787037,shallow
isc_3523728,23.413,70.332,20.3,2.8,ML,Southern India,,,,,,,,,2001-02-04 18:08:23.900000+00:00,,isc,3523728.0,NDI,NDI,NDI,4427907.0,NDI,earthquake,2001,2,2000,4052.7558321759257,shallow
isc_3523730,23.463,70.495,19.4,3.2,ML,Southern India,,,,,,,,,2001-02-04 19:33:34.200000+00:00,,isc,3523730.0,NDI,NDI,NDI,4427908.0,NDI,earthquake,2001,2,2000,4052.8149791666665,shallow
isc_3523732,23.382,70.346,23.1,3.7,ML,Southern India,,,,,,,,,2001-02-04 19:59:21.900000+00:00,,isc,3523732.0,NDI,NDI,NDI,4427909.0,NDI,earthquake,2001,2,2000,4052.8328923611107,shallow
isc_3523734,23.524,70.28,4.2,2.9,ML,Southern India,,,,,,,,,2001-02-04 22:45:29.200000+00:00,,isc,3523734.0,NDI,NDI,NDI,4427910.0,NDI,earthquake,2001,2,2000,4052.9482546296294,shallow
isc_3523736,23.423,70.375,15.3,3.2,ML,Southern India,,,,,,,,,2001-02-05 00:15:12.200000+00:00,,isc,3523736.0,NDI,NDI,NDI,4427911.0,NDI,earthquake,2001,2,2000,4053.01055787037,shallow
isc_3523740,23.096,70.041,17.7,3.4,ML,Southern India,,,,,,,,,2001-02-05 02:41:18.800000+00:00,,isc,3523740.0,NDI,NDI,NDI,4427913.0,NDI,earthquake,2001,2,2000,4053.112023148148,shallow
usp000a93c,23.515,70.048,10.0,4.7,mb,"38 km NW of Bhach?u, India",earthquake,reviewed,us,41.0,,1.03,,https://earthquake.usgs.gov/earthquakes/eventpage/usp000a93c,2001-02-05 02:59:36.100000+00:00,2020-09-18 18:11:46.120000+00:00,usgs,,,,,,,,2001,2,2000,4053.12472337963,shallow
isc_3268390,23.2768,70.5502,15.0,3.49,mb,Southern India,,,,,,,,,2001-02-05 14:43:20.651000+00:00,,isc,3268390.0,ISC,ISC,ISC,4520729.0,ISC,earthquake,2001,2,2000,4053.6134334606486,shallow
isc_3523753,23.502,70.033,9.8,3.0,ML,Southern India,,,,,,,,,2001-02-05 16:07:25.800000+00:00,,isc,3523753.0,NDI,NDI,NDI,4427921.0,NDI,earthquake,2001,2,2000,4053.671826388889,shallow
isc_3523757,23.441,70.599,10.0,3.0,ML,Southern India,,,,,,,,,2001-02-05 22:09:11.600000+00:00,,isc,3523757.0,NDI,NDI,NDI,4427923.0,NDI,earthquake,2001,2,2000,4053.9230509259264,shallow
isc_3523759,23.544,70.085,9.5,3.7,ML,Southern India,,,,,,,,,2001-02-05 23:56:39.600000+00:00,,isc,3523759.0,NDI,NDI,NDI,4427924.0,NDI,earthquake,2001,2,2000,4053.9976805555557,shallow
isc_3523767,23.259,70.258,25.9,3.2,ML,Southern India,,,,,,,,,2001-02-06 12:48:12.800000+00:00,,isc,3523767.0,NDI,NDI,NDI,4427928.0,NDI,earthquake,2001,2,2000,4054.5334814814814,shallow
isc_3523769,23.227,70.154,19.9,3.8,ML,Southern India,,,,,,,,,2001-02-06 18:03:26.700000+00:00,,isc,3523769.0,NDI,NDI,NDI,4427929.0,NDI,earthquake,2001,2,2000,4054.752392361111,shallow
isc_3523771,23.498,70.088,9.6,4.2,ML,Southern India,,,,,,,,,2001-02-06 19:28:15.100000+00:00,,isc,3523771.0,NDI,NDI,NDI,4427930.0,NDI,earthquake,2001,2,2000,4054.81128587963,shallow
isc_3523776,23.363,70.332,30.2,3.5,ML,Southern India,,,,,,,,,2001-02-07 00:36:11.500000+00:00,,isc,3523776.0,NDI,NDI,NDI,4427933.0,NDI,earthquake,2001,2,2000,4055.0251331018517,shallow
isc_3523778,23.339,70.295,26.7,3.3,ML,Southern India,,,,,,,,,2001-02-07 00:51:12.600000+00:00,,isc,3523778.0,NDI,NDI,NDI,4427934.0,NDI,earthquake,2001,2,2000,4055.0355625,shallow
isc_3523782,23.403,70.256,12.3,3.4,ML,Southern India,,,,,,,,,2001-02-07 04:18:19.200000+00:00,,isc,3523782.0,NDI,NDI,NDI,4427936.0,NDI,earthquake,2001,2,2000,4055.1793888888888,shallow
isc_3523784,23.263,70.368,20.3,3.4,ML,Southern India,,,,,,,,,2001-02-07 07:31:53.700000+00:00,,isc,3523784.0,NDI,NDI,NDI,4427937.0,NDI,earthquake,2001,2,2000,4055.313815972222,shallow
isc_3510252,23.436,70.065,5.0,2.8,ML,Southern India,,,,,,,,,2001-02-07 10:51:33.100000+00:00,,isc,3510252.0,NDI,NDI,NDI,4414932.0,NDI,earthquake,2001,2,2000,4055.4524664351857,shallow
isc_3523790,23.099,70.277,10.5,3.4,ML,Southern India,,,,,,,,,2001-02-07 12:05:47.400000+00:00,,isc,3523790.0,NDI,NDI,NDI,4427940.0,NDI,earthquake,2001,2,2000,4055.504020833333,shallow
isc_3523793,23.206,70.173,14.1,3.0,ML,Southern India,,,,,,,,,2001-02-07 16:00:46.800000+00:00,,isc,3523793.0,NDI,NDI,NDI,4427942.0,NDI,earthquake,2001,2,2000,4055.6672083333333,shallow
isc_3523795,23.075,70.142,38.0,2.8,ML,Southern India,,,,,,,,,2001-02-07 18:17:30.300000+00:00,,isc,3523795.0,NDI,NDI,NDI,4427943.0,NDI,earthquake,2001,2,2000,4055.7621562500003,shallow
isc_3523797,23.56,70.174,15.2,3.3,ML,Southern India,,,,,,,,,2001-02-07 18:19:51.600000+00:00,,isc,3523797.0,NDI,NDI,NDI,4427944.0,NDI,earthquake,2001,2,2000,4055.7637916666667,shallow
isc_3523799,23.464,70.39,19.1,3.2,ML,Southern India,,,,,,,,,2001-02-07 19:01:59.400000+00:00,,isc,3523799.0,NDI,NDI,NDI,4427945.0,NDI,earthquake,2001,2,2000,4055.793048611111,shallow
isc_3523801,23.355,70.337,4.6,3.0,ML,Southern India,,,,,,,,,2001-02-07 20:26:04.300000+00:00,,isc,3523801.0,NDI,NDI,NDI,4427946.0,NDI,earthquake,2001,2,2000,4055.8514386574075,shallow
isc_3523803,23.357,70.325,21.7,3.0,ML,Southern India,,,,,,,,,2001-02-07 21:23:13.500000+00:00,,isc,3523803.0,NDI,NDI,NDI,4427947.0,NDI,earthquake,2001,2,2000,4055.891128472222,shallow
isc_3523805,23.312,70.419,15.1,3.3,ML,Southern India,,,,,,,,,2001-02-07 21:33:32.600000+00:00,,isc,3523805.0,NDI,NDI,NDI,4427948.0,NDI,earthquake,2001,2,2000,4055.898293981482,shallow
isc_3510257,23.531,70.181,40.3,2.7,ML,Southern India,,,,,,,,,2001-02-07 21:54:18.500000+00:00,,isc,3510257.0,NDI,NDI,NDI,4414935.0,NDI,earthquake,2001,2,2000,4055.9127141203703,shallow
isc_3523807,23.64,70.415,9.8,3.0,ML,Southern India,,,,,,,,,2001-02-07 22:18:06.100000+00:00,,isc,3523807.0,NDI,NDI,NDI,4427949.0,NDI,earthquake,2001,2,2000,4055.9292372685186,shallow
isc_3523809,23.489,70.382,18.9,3.1,ML,Southern India,,,,,,,,,2001-02-08 00:18:35.500000+00:00,,isc,3523809.0,NDI,NDI,NDI,4427950.0,NDI,earthquake,2001,2,2000,4056.0129108796295,shallow
isc_3523811,23.387,70.323,15.0,3.3,ML,Southern India,,,,,,,,,2001-02-08 00:44:36.500000+00:00,,isc,3523811.0,NDI,NDI,NDI,4427951.0,NDI,earthquake,2001,2,2000,4056.0309780092593,shallow
usp000a98g,23.357,70.293,10.0,4.4,mb,"8 km NW of Bhach?u, India",earthquake,reviewed,us,27.0,,1.06,,https://earthquake.usgs.gov/earthquakes/eventpage/usp000a98g,2001-02-08 03:25:54.140000+00:00,2014-11-07 01:12:06.646000+00:00,usgs,,,,,,,,2001,2,2000,4056.1429877314813,shallow
isc_3523815,23.592,70.419,17.1,3.5,ML,Southern India,,,,,,,,,2001-02-08 04:37:36.500000+00:00,,isc,3523815.0,NDI,NDI,NDI,4427954.0,NDI,earthquake,2001,2,2000,4056.192783564815,shallow
isc_3523824,23.283,70.27,18.9,3.1,ML,Southern India,,,,,,,,,2001-02-08 07:10:48.600000+00:00,,isc,3523824.0,NDI,NDI,NDI,4427959.0,NDI,earthquake,2001,2,2000,4056.299173611111,shallow
usp000a993,23.338,70.459,10.0,4.3,mb,"12 km ENE of Bhach?u, India",earthquake,reviewed,us,24.0,,0.74,,https://earthquake.usgs.gov/earthquakes/eventpage/usp000a993,2001-02-08 09:33:08.770000+00:00,2014-11-07 01:12:06.799000+00:00,usgs,,,,,,,,2001,2,2000,4056.398018171296,shallow
isc_2041197,23.3693,70.6175,16.0,4.34,mb,Southern India,,,,,,,,,2001-02-08 09:33:11.538000+00:00,,isc,2041197.0,ISC,ISC,ISC,4521056.0,ISC,earthquake,2001,2,2000,4056.398050208333,shallow
isc_3268780,23.2526,70.5622,15.0,3.79,mb,Southern India,,,,,,,,,2001-02-08 14:12:15.520000+00:00,,isc,3268780.0,ISC,ISC,ISC,4521087.0,ISC,earthquake,2001,2,2000,4056.591846296296,shallow
isc_3523832,23.558,70.041,2.1,3.3,ML,Southern India,,,,,,,,,2001-02-08 14:18:37.900000+00:00,,isc,3523832.0,NDI,NDI,NDI,4427965.0,NDI,earthquake,2001,2,2000,4056.5962719907407,shallow
usp000a99q,23.654,70.425,10.0,5.1,ms,"24 km WNW of R?par, India",earthquake,reviewed,us,62.0,,1.19,,https://earthquake.usgs.gov/earthquakes/eventpage/usp000a99q,2001-02-08 16:54:41.020000+00:00,2020-09-18 18:12:02.802000+00:00,usgs,,,,,,,,2001,2,2000,4056.704641435185,shallow
isc_3523840,23.263,70.333,12.3,4.0,ML,Southern India,,,,,,,,,2001-02-08 17:05:23.500000+00:00,,isc,3523840.0,NDI,NDI,NDI,4427971.0,NDI,earthquake,2001,2,2000,4056.7120775462963,shallow
isc_3523844,23.403,70.424,7.8,3.4,ML,Southern India,,,,,,,,,2001-02-08 17:37:13.700000+00:00,,isc,3523844.0,NDI,NDI,NDI,4427973.0,NDI,earthquake,2001,2,2000,4056.7341863425922,shallow
isc_3523848,23.269,70.213,9.9,3.8,ML,Southern India,,,,,,,,,2001-02-08 18:36:05.800000+00:00,,isc,3523848.0,NDI,NDI,NDI,4427975.0,NDI,earthquake,2001,2,2000,4056.77506712963,shallow
isc_3523850,23.487,70.291,10.0,3.0,ML,Southern India,,,,,,,,,2001-02-08 18:54:57.100000+00:00,,isc,3523850.0,NDI,NDI,NDI,4427976.0,NDI,earthquake,2001,2,2000,4056.7881608796297,shallow
isc_3523852,23.473,70.372,22.3,3.3,ML,Southern India,,,,,,,,,2001-02-08 19:22:20.900000+00:00,,isc,3523852.0,NDI,NDI,NDI,4427977.0,NDI,earthquake,2001,2,2000,4056.807186342592,shallow
isc_3523854,23.281,70.32,23.2,2.9,ML,Southern India,,,,,,,,,2001-02-08 19:58:50.100000+00:00,,isc,3523854.0,NDI,NDI,NDI,4427978.0,NDI,earthquake,2001,2,2000,4056.832524305556,shallow
isc_3523856,23.349,70.439,16.3,3.0,ML,Southern India,,,,,,,,,2001-02-08 20:18:17.400000+00:00,,isc,3523856.0,NDI,NDI,NDI,4427979.0,NDI,earthquake,2001,2,2000,4056.846034722222,shallow
isc_3523859,23.679,70.361,9.4,3.2,ML,Southern India,,,,,,,,,2001-02-08 22:44:41.100000+00:00,,isc,3523859.0,NDI,NDI,NDI,4427981.0,NDI,earthquake,2001,2,2000,4056.947697916667,shallow
isc_3523861,23.177,70.33,9.9,3.4,ML,Southern India,,,,,,,,,2001-02-09 02:15:14.500000+00:00,,isc,3523861.0,NDI,NDI,NDI,4427982.0,NDI,earthquake,2001,2,2000,4057.093917824074,shallow
isc_3523865,23.759,70.354,16.5,3.4,ML,Southern India,,,,,,,,,2001-02-09 04:50:58.200000+00:00,,isc,3523865.0,NDI,NDI,NDI,4427984.0,NDI,earthquake,2001,2,2000,4057.2020625,shallow
isc_3523867,23.47,70.463,20.8,3.2,ML,Southern India,,,,,,,,,2001-02-09 08:26:11.400000+00:00,,isc,3523867.0,NDI,NDI,NDI,4427985.0,NDI,earthquake,2001,2,2000,4057.351520833333,shallow
usp000a9b5,23.639,70.019,10.0,4.7,mb,"50 km NW of Bhach?u, India",earthquake,reviewed,us,40.0,,1.12,,https://earthquake.usgs.gov/earthquakes/eventpage/usp000a9b5,2001-02-09 10:07:38.890000+00:00,2020-09-18 18:12:11.229000+00:00,usgs,,,,,,,,2001,2,2000,4057.4219778935185,shallow
isc_1763965,23.5873,70.1728,16.8,4.23,MS,Southern India,,,,,,,,,2001-02-09 10:07:41.543000+00:00,,isc,1763965.0,ISC,ISC,ISC,4521215.0,ISC,earthquake,2001,2,2000,4057.4220085995366,shallow
isc_3523871,22.825,70.11,18.0,3.4,ML,Southern India,,,,,,,,,2001-02-09 10:51:50.300000+00:00,,isc,3523871.0,NDI,NDI,NDI,4427988.0,NDI,earthquake,2001,2,2000,4057.4526655092595,shallow
usp000a9bc,23.357,70.371,10.0,4.8,mb,"7 km NNE of Bhach?u, India",earthquake,reviewed,us,14.0,,1.3,,https://earthquake.usgs.gov/earthquakes/eventpage/usp000a9bc,2001-02-09 12:37:01.780000+00:00,2020-09-18 18:12:19.498000+00:00,usgs,,,,,,,,2001,2,2000,4057.5257150462958,shallow
isc_2736250,23.4571,70.6802,15.0,4.27,mb,Southern India,,,,,,,,,2001-02-09 12:37:04.767000+00:00,,isc,2736250.0,ISC,ISC,ISC,4521224.0,ISC,earthquake,2001,2,2000,4057.5257496180557,shallow
isc_3523874,23.621,70.102,15.7,2.9,ML,Southern India,,,,,,,,,2001-02-09 14:19:22.200000+00:00,,isc,3523874.0,NDI,NDI,NDI,4427990.0,NDI,earthquake,2001,2,2000,4057.5967847222223,shallow
isc_3523876,23.498,70.349,14.9,3.6,ML,Southern India,,,,,,,,,2001-02-09 15:28:19.100000+00:00,,isc,3523876.0,NDI,NDI,NDI,4427991.0,NDI,earthquake,2001,2,2000,4057.6446655092595,shallow
isc_3012917,23.5105,70.2949,15.0,3.67,mb,Southern India,,,,,,,,,2001-02-09 16:00:50.704000+00:00,,isc,3012917.0,ISC,ISC,ISC,4521241.0,ISC,earthquake,2001,2,2000,4057.6672535185185,shallow
isc_3523880,23.288,70.302,18.0,3.1,ML,Southern India,,,,,,,,,2001-02-09 17:32:12.900000+00:00,,isc,3523880.0,NDI,NDI,NDI,4427994.0,NDI,earthquake,2001,2,2000,4057.730704861111,shallow
isc_3523886,23.19,70.168,27.4,3.4,ML,Southern India,,,,,,,,,2001-02-09 20:03:57.500000+00:00,,isc,3523886.0,NDI,NDI,NDI,4427999.0,NDI,earthquake,2001,2,2000,4057.836082175926,shallow
isc_3523888,23.559,70.258,14.4,3.1,ML,Southern India,,,,,,,,,2001-02-09 20:27:54.400000+00:00,,isc,3523888.0,NDI,NDI,NDI,4428000.0,NDI,earthquake,2001,2,2000,4057.852712962963,shallow
isc_3523890,23.623,70.34,15.0,3.2,ML,Southern India,,,,,,,,,2001-02-09 21:12:59.700000+00:00,,isc,3523890.0,NDI,NDI,NDI,4428001.0,NDI,earthquake,2001,2,2000,4057.8840243055556,shallow
isc_3510278,23.516,70.19,5.8,3.2,ML,Southern India,,,,,,,,,2001-02-09 22:05:27.700000+00:00,,isc,3510278.0,NDI,NDI,NDI,4414960.0,NDI,earthquake,2001,2,2000,4057.9204594907405,shallow
isc_3523892,23.333,70.3,6.1,3.0,ML,Southern India,,,,,,,,,2001-02-10 02:38:35.100000+00:00,,isc,3523892.0,NDI,NDI,NDI,4428002.0,NDI,earthquake,2001,2,2000,4058.1101284722226,shallow
isc_3523894,23.475,70.238,11.9,3.0,ML,Southern India,,,,,,,,,2001-02-10 02:58:25.500000+00:00,,isc,3523894.0,NDI,NDI,NDI,4428003.0,NDI,earthquake,2001,2,2000,4058.12390625,shallow
usp000a9d0,23.572,70.434,10.0,3.8,mb,"21 km W of R?par, India",earthquake,reviewed,us,12.0,,1.4,,https://earthquake.usgs.gov/earthquakes/eventpage/usp000a9d0,2001-02-10 05:37:32.450000+00:00,2014-11-07 01:12:07.364000+00:00,usgs,,,,,,,,2001,2,2000,4058.2344033564814,shallow
isc_2736336,23.5231,70.6374,35.0,3.77,MS,Southern India,,,,,,,,,2001-02-10 05:37:37.898000+00:00,,isc,2736336.0,ISC,ISC,ISC,4521323.0,ISC,earthquake,2001,2,2000,4058.234466412037,shallow
isc_3523907,23.482,70.386,19.9,3.1,ML,Southern India,,,,,,,,,2001-02-10 06:39:12.600000+00:00,,isc,3523907.0,NDI,NDI,NDI,4428005.0,NDI,earthquake,2001,2,2000,4058.277229166667,shallow
isc_3523909,23.445,70.184,15.0,3.1,ML,Southern India,,,,,,,,,2001-02-10 07:36:00.500000+00:00,,isc,3523909.0,NDI,NDI,NDI,4428006.0,NDI,earthquake,2001,2,2000,4058.3166724537036,shallow
isc_3523911,23.539,70.005,15.0,3.2,ML,Southern India,,,,,,,,,2001-02-10 07:55:45.700000+00:00,,isc,3523911.0,NDI,NDI,NDI,4428007.0,NDI,earthquake,2001,2,2000,4058.330390046296,shallow
isc_3523913,23.563,70.303,6.8,3.2,ML,Southern India,,,,,,,,,2001-02-10 10:43:05.900000+00:00,,isc,3523913.0,NDI,NDI,NDI,4428008.0,NDI,earthquake,2001,2,2000,4058.4465960648145,shallow
isc_3523915,23.449,70.388,25.7,3.6,ML,Southern India,,,,,,,,,2001-02-10 12:55:35.600000+00:00,,isc,3523915.0,NDI,NDI,NDI,4428009.0,NDI,earthquake,2001,2,2000,4058.5386064814816,shallow
isc_3523917,23.565,70.337,14.8,3.2,ML,Southern India,,,,,,,,,2001-02-10 13:04:43.400000+00:00,,isc,3523917.0,NDI,NDI,NDI,4428010.0,NDI,earthquake,2001,2,2000,4058.544946759259,shallow
isc_3523919,23.408,70.212,21.5,3.3,ML,Southern India,,,,,,,,,2001-02-10 13:18:25.800000+00:00,,isc,3523919.0,NDI,NDI,NDI,4428011.0,NDI,earthquake,2001,2,2000,4058.554465277778,shallow
isc_3268986,23.4636,70.1058,35.0,3.82,mb,Southern India,,,,,,,,,2001-02-10 19:30:58.254000+00:00,,isc,3268986.0,ISC,ISC,ISC,4521383.0,ISC,earthquake,2001,2,2000,4058.813174236111,shallow
isc_3510282,23.456,70.171,20.0,2.9,ML,Southern India,,,,,,,,,2001-02-10 21:39:09.400000+00:00,,isc,3510282.0,NDI,NDI,NDI,4414963.0,NDI,earthquake,2001,2,2000,4058.9021921296294,shallow
isc_3523926,23.56,70.333,14.2,3.4,ML,Southern India,,,,,,,,,2001-02-10 23:16:59.600000+00:00,,isc,3523926.0,NDI,NDI,NDI,4428015.0,NDI,earthquake,2001,2,2000,4058.9701342592593,shallow
isc_3523928,23.393,70.329,8.3,3.4,ML,Southern India,,,,,,,,,2001-02-11 01:55:41.900000+00:00,,isc,3523928.0,NDI,NDI,NDI,4428016.0,NDI,earthquake,2001,2,2000,4059.0803460648144,shallow
usp000a9ev,23.219,70.512,10.0,4.6,mb,"19 km ESE of Bhach?u, India",earthquake,reviewed,us,52.0,,1.2,,https://earthquake.usgs.gov/earthquakes/eventpage/usp000a9ev,2001-02-11 02:33:17.650000+00:00,2020-09-18 18:12:35.456000+00:00,usgs,,,,,,,,2001,2,2000,4059.106454282407,shallow
isc_1832269,23.3465,70.6922,15.0,4.57,mb,Southern India,,,,,,,,,2001-02-11 02:33:20.649000+00:00,,isc,1832269.0,ISC,ISC,ISC,4521430.0,ISC,earthquake,2001,2,2000,4059.1064889930553,shallow
isc_3510285,23.582,70.247,5.0,3.2,ML,Southern India,,,,,,,,,2001-02-11 06:02:34.300000+00:00,,isc,3510285.0,NDI,NDI,NDI,4414965.0,NDI,earthquake,2001,2,2000,4059.2517858796296,shallow
isc_3523934,23.422,70.22,18.0,3.3,ML,Southern India,,,,,,,,,2001-02-11 07:30:03.500000+00:00,,isc,3523934.0,NDI,NDI,NDI,4428020.0,NDI,earthquake,2001,2,2000,4059.312540509259,shallow
isc_3523936,23.405,70.298,15.0,2.8,ML,Southern India,,,,,,,,,2001-02-11 09:06:33.800000+00:00,,isc,3523936.0,NDI,NDI,NDI,4428021.0,NDI,earthquake,2001,2,2000,4059.3795578703707,shallow
isc_3523940,23.395,70.159,20.4,3.3,ML,Southern India,,,,,,,,,2001-02-11 10:21:06.700000+00:00,,isc,3523940.0,NDI,NDI,NDI,4428023.0,NDI,earthquake,2001,2,2000,4059.431327546296,shallow
usp000a9fw,23.273,70.177,10.0,3.9,mb,"17 km W of Bhach?u, India",earthquake,reviewed,us,7.0,,1.22,,https://earthquake.usgs.gov/earthquakes/eventpage/usp000a9fw,2001-02-11 10:48:32.220000+00:00,2014-11-07 01:12:07.823000+00:00,usgs,,,,,,,,2001,2,2000,4059.450372916667,shallow
isc_3013174,23.0646,70.3537,20.0,4.08,mb,Southern India,,,,,,,,,2001-02-11 10:48:34.267000+00:00,,isc,3013174.0,ISC,ISC,ISC,4521481.0,ISC,earthquake,2001,2,2000,4059.4503966087964,shallow
isc_3510288,23.493,70.132,5.0,3.2,ML,Southern India,,,,,,,,,2001-02-11 11:55:19.500000+00:00,,isc,3510288.0,NDI,NDI,NDI,4414968.0,NDI,earthquake,2001,2,2000,4059.4967534722223,shallow
isc_3523945,23.441,70.164,7.6,3.1,ML,Southern India,,,,,,,,,2001-02-11 14:16:52.900000+00:00,,isc,3523945.0,NDI,NDI,NDI,4428026.0,NDI,earthquake,2001,2,2000,4059.5950567129626,shallow
usp000a9g5,23.274,70.311,10.0,4.5,mb,"4 km SW of Bhach?u, India",earthquake,reviewed,us,13.0,,1.42,,https://earthquake.usgs.gov/earthquakes/eventpage/usp000a9g5,2001-02-11 15:29:39.050000+00:00,2020-09-18 18:12:43.499000+00:00,usgs,,,,,,,,2001,2,2000,4059.6455908564817,shallow
isc_2736493,23.3902,70.5835,15.0,4.22,mb,Southern India,,,,,,,,,2001-02-11 15:29:41.250000+00:00,,isc,2736493.0,ISC,ISC,ISC,4521501.0,ISC,earthquake,2001,2,2000,4059.6456163194443,shallow
isc_3523952,23.473,70.204,14.3,3.2,ML,Southern India,,,,,,,,,2001-02-11 16:42:31.300000+00:00,,isc,3523952.0,NDI,NDI,NDI,4428030.0,NDI,earthquake,2001,2,2000,4059.696195601852,shallow
isc_3523954,23.261,70.31,12.5,2.5,ML,Southern India,,,,,,,,,2001-02-11 17:02:48.900000+00:00,,isc,3523954.0,NDI,NDI,NDI,4428031.0,NDI,earthquake,2001,2,2000,4059.7102881944443,shallow
isc_3510290,23.429,70.279,2.6,2.6,ML,Southern India,,,,,,,,,2001-02-11 17:15:06.700000+00:00,,isc,3510290.0,NDI,NDI,NDI,4414969.0,NDI,earthquake,2001,2,2000,4059.7188275462963,shallow
isc_3523956,23.418,70.052,24.2,3.1,ML,Southern India,,,,,,,,,2001-02-11 18:43:38.500000+00:00,,isc,3523956.0,NDI,NDI,NDI,4428032.0,NDI,earthquake,2001,2,2000,4059.780306712963,shallow
isc_3523960,23.452,70.363,21.3,2.7,ML,Southern India,,,,,,,,,2001-02-11 21:38:31.700000+00:00,,isc,3523960.0,NDI,NDI,NDI,4428034.0,NDI,earthquake,2001,2,2000,4059.901755787037,shallow
isc_3523962,23.497,70.395,5.0,2.9,ML,Southern India,,,,,,,,,2001-02-11 21:45:36.100000+00:00,,isc,3523962.0,NDI,NDI,NDI,4428035.0,NDI,earthquake,2001,2,2000,4059.9066678240742,shallow
isc_3510293,23.484,70.041,25.8,3.5,ML,Southern India,,,,,,,,,2001-02-11 22:55:57.500000+00:00,,isc,3510293.0,NDI,NDI,NDI,4414971.0,NDI,earthquake,2001,2,2000,4059.95552662037,shallow
usp000a9gq,23.342,70.301,10.0,3.8,mb,"6 km NW of Bhach?u, India",earthquake,reviewed,us,8.0,,1.22,,https://earthquake.usgs.gov/earthquakes/eventpage/usp000a9gq,2001-02-11 23:39:41.380000+00:00,2014-11-07 01:12:07.936000+00:00,usgs,,,,,,,,2001,2,2000,4059.985895601852,shallow
isc_3523965,23.373,70.303,29.7,3.0,ML,Southern India,,,,,,,,,2001-02-12 02:22:24.400000+00:00,,isc,3523965.0,NDI,NDI,NDI,4428037.0,NDI,earthquake,2001,2,2000,4060.0988935185183,shallow
isc_3510296,23.455,70.47,9.6,3.1,ML,Southern India,,,,,,,,,2001-02-12 04:19:29.400000+00:00,,isc,3510296.0,NDI,NDI,NDI,4414973.0,NDI,earthquake,2001,2,2000,4060.1802013888887,shallow
isc_3523967,23.546,70.24,9.6,3.3,ML,Southern India,,,,,,,,,2001-02-12 04:41:31.200000+00:00,,isc,3523967.0,NDI,NDI,NDI,4428038.0,NDI,earthquake,2001,2,2000,4060.1955,shallow
isc_3523969,23.403,70.446,9.7,3.5,ML,Southern India,,,,,,,,,2001-02-12 05:53:39.500000+00:00,,isc,3523969.0,NDI,NDI,NDI,4428039.0,NDI,earthquake,2001,2,2000,4060.245596064815,shallow
isc_3523971,23.378,70.316,22.7,3.1,ML,Southern India,,,,,,,,,2001-02-12 06:20:43.400000+00:00,,isc,3523971.0,NDI,NDI,NDI,4428040.0,NDI,earthquake,2001,2,2000,4060.2643912037033,shallow
isc_3523973,23.38,70.447,20.4,3.2,ML,Southern India,,,,,,,,,2001-02-12 07:54:57.900000+00:00,,isc,3523973.0,NDI,NDI,NDI,4428041.0,NDI,earthquake,2001,2,2000,4060.3298368055553,shallow
isc_3523975,23.495,70.456,19.6,3.8,ML,Southern India,,,,,,,,,2001-02-12 09:10:56.400000+00:00,,isc,3523975.0,NDI,NDI,NDI,4428042.0,NDI,earthquake,2001,2,2000,4060.382597222222,shallow
isc_3523979,23.508,70.333,18.7,3.6,ML,Southern India,,,,,,,,,2001-02-12 13:24:04.200000+00:00,,isc,3523979.0,NDI,NDI,NDI,4428044.0,NDI,earthquake,2001,2,2000,4060.558381944444,shallow
isc_3523981,23.397,70.358,7.6,3.1,ML,Southern India,,,,,,,,,2001-02-12 13:29:46.100000+00:00,,isc,3523981.0,NDI,NDI,NDI,4428045.0,NDI,earthquake,2001,2,2000,4060.562339120371,shallow
isc_3523983,23.399,70.289,26.5,3.5,ML,Southern India,,,,,,,,,2001-02-12 14:14:00.100000+00:00,,isc,3523983.0,NDI,NDI,NDI,4428046.0,NDI,earthquake,2001,2,2000,4060.593056712963,shallow
isc_3523985,23.429,70.325,10.4,3.1,ML,Southern India,,,,,,,,,2001-02-12 16:35:43.200000+00:00,,isc,3523985.0,NDI,NDI,NDI,4428047.0,NDI,earthquake,2001,2,2000,4060.6914722222223,shallow
isc_3523987,23.364,70.204,28.1,3.1,ML,Southern India,,,,,,,,,2001-02-12 18:23:05.300000+00:00,,isc,3523987.0,NDI,NDI,NDI,4428048.0,NDI,earthquake,2001,2,2000,4060.7660335648147,shallow
isc_3523989,23.356,70.563,15.0,3.0,ML,Southern India,,,,,,,,,2001-02-12 19:46:34.200000+00:00,,isc,3523989.0,NDI,NDI,NDI,4428049.0,NDI,earthquake,2001,2,2000,4060.824006944444,shallow
isc_3523993,23.553,70.374,19.1,3.0,ML,Southern India,,,,,,,,,2001-02-12 23:30:40.800000+00:00,,isc,3523993.0,NDI,NDI,NDI,4428051.0,NDI,earthquake,2001,2,2000,4060.979638888889,shallow
isc_3523995,23.474,70.399,29.9,2.9,ML,Southern India,,,,,,,,,2001-02-13 10:38:04.700000+00:00,,isc,3523995.0,NDI,NDI,NDI,4428052.0,NDI,earthquake,2001,2,2000,4061.4431099537037,shallow
isc_3523997,23.415,70.228,22.5,3.6,ML,Southern India,,,,,,,,,2001-02-13 11:30:57.400000+00:00,,isc,3523997.0,NDI,NDI,NDI,4428053.0,NDI,earthquake,2001,2,2000,4061.4798310185183,shallow
isc_3523999,23.434,70.351,30.6,2.7,ML,Southern India,,,,,,,,,2001-02-13 14:21:18.900000+00:00,,isc,3523999.0,NDI,NDI,NDI,4428054.0,NDI,earthquake,2001,2,2000,4061.5981354166665,shallow
isc_3524001,23.562,70.451,30.6,2.7,ML,Southern India,,,,,,,,,2001-02-13 14:30:06.500000+00:00,,isc,3524001.0,NDI,NDI,NDI,4428055.0,NDI,earthquake,2001,2,2000,4061.6042418981483,shallow
isc_3510309,23.265,70.818,15.0,2.8,ML,Southern India,,,,,,,,,2001-02-13 18:12:57.600000+00:00,,isc,3510309.0,NDI,NDI,NDI,4414983.0,NDI,earthquake,2001,2,2000,4061.7590000000005,shallow
isc_3524007,23.386,70.35,25.3,3.0,ML,Southern India,,,,,,,,,2001-02-13 21:30:54.800000+00:00,,isc,3524007.0,NDI,NDI,NDI,4428059.0,NDI,earthquake,2001,2,2000,4061.8964675925927,shallow
isc_3524012,23.413,70.431,21.7,3.4,ML,Southern India,,,,,,,,,2001-02-14 02:24:42.700000+00:00,,isc,3524012.0,NDI,NDI,NDI,4428062.0,NDI,earthquake,2001,2,2000,4062.100494212963,shallow
isc_3524015,23.541,70.053,12.1,3.3,ML,Southern India,,,,,,,,,2001-02-14 03:56:11.800000+00:00,,isc,3524015.0,NDI,NDI,NDI,4428064.0,NDI,earthquake,2001,2,2000,4062.1640254629633,shallow
isc_3510321,23.571,70.185,5.3,3.3,ML,Southern India,,,,,,,,,2001-02-14 05:27:32.400000+00:00,,isc,3510321.0,NDI,NDI,NDI,4414992.0,NDI,earthquake,2001,2,2000,4062.227458333333,shallow
isc_3524018,23.373,70.228,28.3,3.9,ML,Southern India,,,,,,,,,2001-02-14 07:01:07.100000+00:00,,isc,3524018.0,NDI,NDI,NDI,4428066.0,NDI,earthquake,2001,2,2000,4062.2924432870373,shallow
isc_3524020,23.407,70.281,33.8,3.2,ML,Southern India,,,,,,,,,2001-02-14 07:25:25.500000+00:00,,isc,3524020.0,NDI,NDI,NDI,4428067.0,NDI,earthquake,2001,2,2000,4062.3093229166666,shallow
isc_3524026,23.524,70.189,20.4,3.0,ML,Southern India,,,,,,,,,2001-02-14 16:56:07.700000+00:00,,isc,3524026.0,NDI,NDI,NDI,4428071.0,NDI,earthquake,2001,2,2000,4062.7056446759257,shallow
isc_3510333,23.467,70.513,14.0,3.1,ML,Southern India,,,,,,,,,2001-02-14 17:24:43.400000+00:00,,isc,3510333.0,NDI,NDI,NDI,4414999.0,NDI,earthquake,2001,2,2000,4062.7255023148145,shallow
isc_3524028,23.545,70.024,15.0,2.9,ML,Southern India,,,,,,,,,2001-02-14 17:49:14.800000+00:00,,isc,3524028.0,NDI,NDI,NDI,4428072.0,NDI,earthquake,2001,2,2000,4062.7425324074075,shallow
isc_3524031,23.493,70.268,13.7,2.8,ML,Southern India,,,,,,,,,2001-02-14 18:49:05.300000+00:00,,isc,3524031.0,NDI,NDI,NDI,4428074.0,NDI,earthquake,2001,2,2000,4062.7840891203705,shallow
isc_3524033,23.377,70.111,15.3,3.4,ML,Southern India,,,,,,,,,2001-02-14 19:05:07.600000+00:00,,isc,3524033.0,NDI,NDI,NDI,4428075.0,NDI,earthquake,2001,2,2000,4062.795226851852,shallow
isc_3524035,23.1,70.053,15.0,2.8,ML,Southern India,,,,,,,,,2001-02-14 19:16:56.400000+00:00,,isc,3524035.0,NDI,NDI,NDI,4428076.0,NDI,earthquake,2001,2,2000,4062.803430555555,shallow
isc_3524037,23.399,70.348,35.9,3.3,ML,Southern India,,,,,,,,,2001-02-15 01:28:48.700000+00:00,,isc,3524037.0,NDI,NDI,NDI,4428077.0,NDI,earthquake,2001,2,2000,4063.0616747685185,shallow
isc_3524039,23.388,70.176,27.0,3.3,ML,Southern India,,,,,,,,,2001-02-15 01:55:09.900000+00:00,,isc,3524039.0,NDI,NDI,NDI,4428078.0,NDI,earthquake,2001,2,2000,4063.0799756944443,shallow
isc_3510336,23.401,70.352,21.3,3.7,ML,Southern India,,,,,,,,,2001-02-15 02:24:03.700000+00:00,,isc,3510336.0,NDI,NDI,NDI,4415001.0,NDI,earthquake,2001,2,2000,4063.100042824074,shallow
isc_3269462,23.2814,69.9518,35.0,3.64,mb,Southern India,,,,,,,,,2001-02-15 03:21:20.550000+00:00,,isc,3269462.0,ISC,ISC,ISC,4521930.0,ISC,earthquake,2001,2,2000,4063.139821180556,shallow
usp000a9p2,23.251,70.29,10.0,4.8,mb,"7 km SW of Bhach?u, India",earthquake,reviewed,us,7.0,,0.66,,https://earthquake.usgs.gov/earthquakes/eventpage/usp000a9p2,2001-02-15 05:38:30.830000+00:00,2020-09-18 18:13:25.410000+00:00,usgs,,,,,,,,2001,2,2000,4063.235079050926,shallow
isc_2736760,23.4276,70.4377,15.0,3.81,mb,Southern India,,,,,,,,,2001-02-15 05:38:32.412000+00:00,,isc,2736760.0,ISC,ISC,ISC,4521945.0,ISC,earthquake,2001,2,2000,4063.235097361111,shallow
isc_3510342,23.549,70.069,15.4,3.6,ML,Southern India,,,,,,,,,2001-02-15 06:34:38.300000+00:00,,isc,3510342.0,NDI,NDI,NDI,4415005.0,NDI,earthquake,2001,2,2000,4063.274054398148,shallow
usp000a9p5,23.232,70.229,10.0,4.0,mb,"13 km WSW of Bhach?u, India",earthquake,reviewed,us,10.0,,1.33,,https://earthquake.usgs.gov/earthquakes/eventpage/usp000a9p5,2001-02-15 07:22:47.700000+00:00,2014-11-07 01:12:08.871000+00:00,usgs,,,,,,,,2001,2,2000,4063.307496527778,shallow
isc_2736765,23.3232,70.4592,23.4,3.82,mb,Southern India,,,,,,,,,2001-02-15 07:22:51.333000+00:00,,isc,2736765.0,ISC,ISC,ISC,4521956.0,ISC,earthquake,2001,2,2000,4063.307538576389,shallow
usp000a9pb,23.272,70.293,10.0,4.7,mb,"5 km WSW of Bhach?u, India",earthquake,reviewed,us,67.0,,0.97,,https://earthquake.usgs.gov/earthquakes/eventpage/usp000a9pb,2001-02-15 10:04:36.390000+00:00,2020-09-18 18:13:33.601000+00:00,usgs,,,,,,,,2001,2,2000,4063.419865625,shallow
isc_1832350,23.3146,70.5078,19.9,4.01,MS,Southern India,,,,,,,,,2001-02-15 10:04:40.086000+00:00,,isc,1832350.0,ISC,ISC,ISC,4521970.0,ISC,earthquake,2001,2,2000,4063.419908402778,shallow
isc_3510346,23.017,70.198,15.0,2.5,ML,Southern India,,,,,,,,,2001-02-15 10:34:02.400000+00:00,,isc,3510346.0,NDI,NDI,NDI,4415008.0,NDI,earthquake,2001,2,2000,4063.4403055555554,shallow
isc_3524049,23.486,70.422,4.6,3.1,ML,Southern India,,,,,,,,,2001-02-15 11:52:02.100000+00:00,,isc,3524049.0,NDI,NDI,NDI,4428084.0,NDI,earthquake,2001,2,2000,4063.49446875,shallow
isc_3524053,23.595,70.115,18.2,3.1,ML,Southern India,,,,,,,,,2001-02-15 14:15:20.500000+00:00,,isc,3524053.0,NDI,NDI,NDI,4428086.0,NDI,earthquake,2001,2,2000,4063.5939872685185,shallow
isc_3524055,23.467,70.086,7.4,3.3,ML,Southern India,,,,,,,,,2001-02-15 17:20:46.700000+00:00,,isc,3524055.0,NDI,NDI,NDI,4428087.0,NDI,earthquake,2001,2,2000,4063.7227627314815,shallow
isc_3510351,23.437,70.148,15.3,3.0,ML,Southern India,,,,,,,,,2001-02-15 22:32:35.600000+00:00,,isc,3510351.0,NDI,NDI,NDI,4415013.0,NDI,earthquake,2001,2,2000,4063.939300925926,shallow
isc_3524059,23.405,70.382,18.7,2.9,ML,Southern India,,,,,,,,,2001-02-15 23:14:32.900000+00:00,,isc,3524059.0,NDI,NDI,NDI,4428089.0,NDI,earthquake,2001,2,2000,4063.968436342592,shallow
isc_3524065,23.545,70.051,17.5,2.8,ML,Southern India,,,,,,,,,2001-02-16 05:46:45.100000+00:00,,isc,3524065.0,NDI,NDI,NDI,4428092.0,NDI,earthquake,2001,2,2000,4064.2407997685186,shallow
isc_3524068,23.552,70.191,14.4,3.6,ML,Southern India,,,,,,,,,2001-02-16 08:48:13.700000+00:00,,isc,3524068.0,NDI,NDI,NDI,4428094.0,NDI,earthquake,2001,2,2000,4064.3668252314815,shallow
isc_3524070,23.377,70.444,26.9,2.7,ML,Southern India,,,,,,,,,2001-02-16 10:42:11.800000+00:00,,isc,3524070.0,NDI,NDI,NDI,4428095.0,NDI,earthquake,2001,2,2000,4064.4459699074077,shallow
isc_3510354,23.697,70.458,2.7,3.3,ML,Southern India,,,,,,,,,2001-02-16 10:50:24.800000+00:00,,isc,3510354.0,NDI,NDI,NDI,4415015.0,NDI,earthquake,2001,2,2000,4064.451675925926,shallow
isc_3510356,23.53,70.281,44.7,2.9,ML,Southern India,,,,,,,,,2001-02-16 11:30:17.900000+00:00,,isc,3510356.0,NDI,NDI,NDI,4415016.0,NDI,earthquake,2001,2,2000,4064.4793738425924,shallow
isc_3524072,23.373,70.2,16.0,3.7,ML,Southern India,,,,,,,,,2001-02-16 18:55:13.400000+00:00,,isc,3524072.0,NDI,NDI,NDI,4428096.0,NDI,earthquake,2001,2,2000,4064.7883495370365,shallow
isc_3524074,23.417,70.266,9.0,3.4,ML,Southern India,,,,,,,,,2001-02-16 20:29:28.500000+00:00,,isc,3524074.0,NDI,NDI,NDI,4428097.0,NDI,earthquake,2001,2,2000,4064.8538020833334,shallow
isc_3524076,23.443,70.235,25.9,2.9,ML,Southern India,,,,,,,,,2001-02-17 00:25:49.200000+00:00,,isc,3524076.0,NDI,NDI,NDI,4428098.0,NDI,earthquake,2001,2,2000,4065.0179305555553,shallow
isc_3524078,23.442,70.36,14.5,3.4,ML,Southern India,,,,,,,,,2001-02-17 05:23:48.300000+00:00,,isc,3524078.0,NDI,NDI,NDI,4428099.0,NDI,earthquake,2001,2,2000,4065.2248645833333,shallow
isc_3524080,23.617,70.261,5.0,3.0,ML,Southern India,,,,,,,,,2001-02-17 06:12:57.100000+00:00,,isc,3524080.0,NDI,NDI,NDI,4428100.0,NDI,earthquake,2001,2,2000,4065.2589942129634,shallow
usp000a9sm,23.359,70.451,10.0,4.8,mb,"12 km ENE of Bhach?u, India",earthquake,reviewed,us,67.0,,1.05,,https://earthquake.usgs.gov/earthquakes/eventpage/usp000a9sm,2001-02-17 08:27:25.200000+00:00,2020-09-18 18:13:49.203000+00:00,usgs,,,,,,,,2001,2,2000,4065.352375,shallow
isc_3524084,23.481,70.161,17.2,2.8,ML,Southern India,,,,,,,,,2001-02-17 10:34:16.300000+00:00,,isc,3524084.0,NDI,NDI,NDI,4428103.0,NDI,earthquake,2001,2,2000,4065.4404664351855,shallow
isc_3524086,23.741,70.089,10.3,2.9,ML,Southern India,,,,,,,,,2001-02-17 12:21:38.900000+00:00,,isc,3524086.0,NDI,NDI,NDI,4428104.0,NDI,earthquake,2001,2,2000,4065.5150335648145,shallow
isc_3524092,23.431,70.24,18.4,3.0,ML,Southern India,,,,,,,,,2001-02-17 16:45:36.100000+00:00,,isc,3524092.0,NDI,NDI,NDI,4428107.0,NDI,earthquake,2001,2,2000,4065.698334490741,shallow
isc_3524095,23.217,70.441,12.6,3.1,ML,Southern India,,,,,,,,,2001-02-17 20:23:19.600000+00:00,,isc,3524095.0,NDI,NDI,NDI,4428109.0,NDI,earthquake,2001,2,2000,4065.849532407408,shallow
isc_3510376,23.479,70.139,6.2,3.2,ML,Southern India,,,,,,,,,2001-02-18 06:21:50.300000+00:00,,isc,3510376.0,NDI,NDI,NDI,4415032.0,NDI,earthquake,2001,2,2000,4066.2651655092595,shallow
isc_3524103,23.452,70.358,11.1,3.0,ML,Southern India,,,,,,,,,2001-02-18 06:55:48.500000+00:00,,isc,3524103.0,NDI,NDI,NDI,4428114.0,NDI,earthquake,2001,2,2000,4066.288755787037,shallow
isc_3524105,23.507,70.532,15.9,2.9,ML,Southern India,,,,,,,,,2001-02-18 10:53:53.200000+00:00,,isc,3524105.0,NDI,NDI,NDI,4428115.0,NDI,earthquake,2001,2,2000,4066.4540879629626,shallow
isc_3510379,23.387,70.199,17.8,3.6,ML,Southern India,,,,,,,,,2001-02-18 12:23:18.900000+00:00,,isc,3510379.0,NDI,NDI,NDI,4415035.0,NDI,earthquake,2001,2,2000,4066.516190972222,shallow
isc_3524109,23.518,70.364,18.6,3.2,ML,Southern India,,,,,,,,,2001-02-18 14:21:46.800000+00:00,,isc,3524109.0,NDI,NDI,NDI,4428117.0,NDI,earthquake,2001,2,2000,4066.5984583333334,shallow
usp000a9w6,24.072,69.7,10.0,4.5,mb,"45 km SSE of Diplo, Pakistan",earthquake,reviewed,us,11.0,,1.32,,https://earthquake.usgs.gov/earthquakes/eventpage/usp000a9w6,2001-02-18 16:46:19.710000+00:00,2020-09-18 18:13:57.527000+00:00,usgs,,,,,,,,2001,2,2000,4066.698839236111,shallow
isc_2737110,23.7732,70.3021,35.0,3.8,mb,Southern India,,,,,,,,,2001-02-18 16:46:20.939000+00:00,,isc,2737110.0,ISC,ISC,ISC,4522381.0,ISC,earthquake,2001,2,2000,4066.6988534606485,shallow
usp000a9wv,23.517,70.107,10.0,4.6,mb,"34 km NW of Bhach?u, India",earthquake,reviewed,us,56.0,,1.12,,https://earthquake.usgs.gov/earthquakes/eventpage/usp000a9wv,2001-02-19 02:11:09.380000+00:00,2020-09-18 18:14:05.869000+00:00,usgs,,,,,,,,2001,2,2000,4067.091080787037,shallow
isc_3524113,23.481,70.274,4.1,2.9,ML,Southern India,,,,,,,,,2001-02-19 03:30:05.200000+00:00,,isc,3524113.0,NDI,NDI,NDI,4428120.0,NDI,earthquake,2001,2,2000,4067.1458935185183,shallow
isc_3510387,23.536,70.085,13.9,3.6,ML,Southern India,,,,,,,,,2001-02-19 05:56:16.300000+00:00,,isc,3510387.0,NDI,NDI,NDI,4415037.0,NDI,earthquake,2001,2,2000,4067.2474108796296,shallow
usp000a9xc,23.568,70.072,10.0,5.4,mwc,"40 km NW of Bhach?u, India",earthquake,reviewed,us,155.0,,1.1,,https://earthquake.usgs.gov/earthquakes/eventpage/usp000a9xc,2001-02-19 08:24:20.160000+00:00,2022-04-29 19:13:29.570000+00:00,usgs,,,,,,,,2001,2,2000,4067.3502333333336,shallow
usp000a9xe,23.523,70.102,10.0,4.2,mb,"34 km NW of Bhach?u, India",earthquake,reviewed,us,14.0,,1.22,,https://earthquake.usgs.gov/earthquakes/eventpage/usp000a9xe,2001-02-19 09:21:58.590000+00:00,2014-11-07 01:12:10.254000+00:00,usgs,,,,,,,,2001,2,2000,4067.390261458333,shallow
isc_1832448,23.5183,70.2906,15.0,4.14,mb,Southern India,,,,,,,,,2001-02-19 09:22:00.498000+00:00,,isc,1832448.0,ISC,ISC,ISC,4522462.0,ISC,earthquake,2001,2,2000,4067.390283541667,shallow
isc_3524120,23.51,70.047,3.3,3.5,ML,Southern India,,,,,,,,,2001-02-19 10:25:59.600000+00:00,,isc,3524120.0,NDI,NDI,NDI,4428125.0,NDI,earthquake,2001,2,2000,4067.4347175925927,shallow
isc_3524124,23.591,70.169,6.9,3.2,ML,Southern India,,,,,,,,,2001-02-19 12:01:37.600000+00:00,,isc,3524124.0,NDI,NDI,NDI,4428127.0,NDI,earthquake,2001,2,2000,4067.5011296296298,shallow
usp000a9xz,23.473,70.581,10.0,4.1,mb,"12 km SSW of R?par, India",earthquake,reviewed,us,8.0,,1.43,,https://earthquake.usgs.gov/earthquakes/eventpage/usp000a9xz,2001-02-19 15:05:58.190000+00:00,2014-11-07 01:12:10.325000+00:00,usgs,,,,,,,,2001,2,2000,4067.6291457175926,shallow
isc_3524127,23.439,70.028,7.4,3.1,ML,Southern India,,,,,,,,,2001-02-19 16:35:20.300000+00:00,,isc,3524127.0,NDI,NDI,NDI,4428129.0,NDI,earthquake,2001,2,2000,4067.691207175926,shallow
isc_3524129,23.373,70.196,28.0,2.7,ML,Southern India,,,,,,,,,2001-02-19 17:24:55.800000+00:00,,isc,3524129.0,NDI,NDI,NDI,4428130.0,NDI,earthquake,2001,2,2000,4067.7256458333336,shallow
isc_3510397,23.485,70.645,39.9,2.7,ML,Southern India,,,,,,,,,2001-02-19 19:26:10.800000+00:00,,isc,3510397.0,NDI,NDI,NDI,4415051.0,NDI,earthquake,2001,2,2000,4067.8098472222223,shallow
isc_3524131,23.375,70.076,20.2,2.9,ML,Southern India,,,,,,,,,2001-02-19 19:42:01.400000+00:00,,isc,3524131.0,NDI,NDI,NDI,4428131.0,NDI,earthquake,2001,2,2000,4067.820849537037,shallow
isc_3524135,23.401,70.368,5.1,3.1,ML,Southern India,,,,,,,,,2001-02-19 22:11:58.600000+00:00,,isc,3524135.0,NDI,NDI,NDI,4428133.0,NDI,earthquake,2001,2,2000,4067.9249837962966,shallow
isc_3524140,23.411,70.159,20.0,3.5,ML,Southern India,,,,,,,,,2001-02-20 00:36:17.700000+00:00,,isc,3524140.0,NDI,NDI,NDI,4428136.0,NDI,earthquake,2001,2,2000,4068.025204861111,shallow
isc_3524142,23.55,70.068,20.5,3.0,ML,Southern India,,,,,,,,,2001-02-20 02:13:26.200000+00:00,,isc,3524142.0,NDI,NDI,NDI,4428137.0,NDI,earthquake,2001,2,2000,4068.092664351852,shallow
isc_3524144,23.356,70.006,5.0,2.2,ML,Southern India,,,,,,,,,2001-02-20 02:39:09.800000+00:00,,isc,3524144.0,NDI,NDI,NDI,4428138.0,NDI,earthquake,2001,2,2000,4068.110530092593,shallow
isc_3524154,23.375,70.173,26.7,3.3,ML,Southern India,,,,,,,,,2001-02-20 13:26:48.400000+00:00,,isc,3524154.0,NDI,NDI,NDI,4428144.0,NDI,earthquake,2001,2,2000,4068.560282407407,shallow
isc_3270036,23.2157,70.4352,15.0,3.8,mb,Southern India,,,,,,,,,2001-02-20 16:30:57.118000+00:00,,isc,3270036.0,ISC,ISC,ISC,4522627.0,ISC,earthquake,2001,2,2000,4068.6881610879627,shallow
isc_3270041,23.329,70.4416,17.4,3.88,mb,Southern India,,,,,,,,,2001-02-20 17:35:29.901000+00:00,,isc,3270041.0,ISC,ISC,ISC,4522633.0,ISC,earthquake,2001,2,2000,4068.732984965278,shallow
isc_3510403,23.327,70.382,18.1,3.0,ML,Southern India,,,,,,,,,2001-02-20 23:10:42.400000+00:00,,isc,3510403.0,NDI,NDI,NDI,4415057.0,NDI,earthquake,2001,2,2000,4068.9657685185184,shallow
isc_3524159,23.42,70.206,15.0,2.8,ML,Southern India,,,,,,,,,2001-02-21 00:15:13.500000+00:00,,isc,3524159.0,NDI,NDI,NDI,4428148.0,NDI,earthquake,2001,2,2000,4069.0105729166667,shallow
isc_3510405,23.473,70.498,21.7,2.9,ML,Southern India,,,,,,,,,2001-02-21 00:27:20.500000+00:00,,isc,3510405.0,NDI,NDI,NDI,4415058.0,NDI,earthquake,2001,2,2000,4069.0189872685187,shallow
isc_3510407,23.459,70.396,21.7,3.2,ML,Southern India,,,,,,,,,2001-02-21 00:48:16.400000+00:00,,isc,3510407.0,NDI,NDI,NDI,4415059.0,NDI,earthquake,2001,2,2000,4069.0335231481477,shallow
isc_3524161,23.612,70.241,5.5,2.9,ML,Southern India,,,,,,,,,2001-02-21 01:02:06.600000+00:00,,isc,3524161.0,NDI,NDI,NDI,4428149.0,NDI,earthquake,2001,2,2000,4069.0431319444447,shallow
isc_3524163,23.409,70.442,19.9,2.4,ML,Southern India,,,,,,,,,2001-02-21 01:17:30.700000+00:00,,isc,3524163.0,NDI,NDI,NDI,4428150.0,NDI,earthquake,2001,2,2000,4069.0538275462964,shallow
isc_3524167,23.369,70.214,19.3,3.4,ML,Southern India,,,,,,,,,2001-02-21 03:01:11.400000+00:00,,isc,3524167.0,NDI,NDI,NDI,4428152.0,NDI,earthquake,2001,2,2000,4069.1258263888885,shallow
isc_3524169,23.388,70.171,29.7,3.3,ML,Southern India,,,,,,,,,2001-02-21 05:24:15.600000+00:00,,isc,3524169.0,NDI,NDI,NDI,4428153.0,NDI,earthquake,2001,2,2000,4069.2251805555557,shallow
isc_3524171,23.453,70.101,21.5,3.3,ML,Southern India,,,,,,,,,2001-02-21 05:39:03.200000+00:00,,isc,3524171.0,NDI,NDI,NDI,4428154.0,NDI,earthquake,2001,2,2000,4069.2354537037036,shallow
isc_3524173,23.687,70.442,18.9,3.1,ML,Southern India,,,,,,,,,2001-02-21 08:43:00.500000+00:00,,isc,3524173.0,NDI,NDI,NDI,4428155.0,NDI,earthquake,2001,2,2000,4069.3632002314816,shallow
isc_3524175,23.597,70.375,15.0,3.0,ML,Southern India,,,,,,,,,2001-02-21 10:19:17.200000+00:00,,isc,3524175.0,NDI,NDI,NDI,4428156.0,NDI,earthquake,2001,2,2000,4069.430060185185,shallow
isc_3524177,23.015,70.827,27.2,2.9,ML,Southern India,,,,,,,,,2001-02-21 10:39:03.700000+00:00,,isc,3524177.0,NDI,NDI,NDI,4428157.0,NDI,earthquake,2001,2,2000,4069.443792824074,shallow
isc_3524179,23.164,70.359,15.0,3.2,ML,Southern India,,,,,,,,,2001-02-21 10:49:46.800000+00:00,,isc,3524179.0,NDI,NDI,NDI,4428158.0,NDI,earthquake,2001,2,2000,4069.451236111111,shallow
isc_3524181,23.473,70.183,8.4,3.1,ML,Southern India,,,,,,,,,2001-02-21 13:28:12.700000+00:00,,isc,3524181.0,NDI,NDI,NDI,4428159.0,NDI,earthquake,2001,2,2000,4069.5612581018518,shallow
isc_3524183,23.448,70.05,25.0,2.8,ML,Southern India,,,,,,,,,2001-02-21 13:36:10.200000+00:00,,isc,3524183.0,NDI,NDI,NDI,4428160.0,NDI,earthquake,2001,2,2000,4069.566784722222,shallow
isc_3524185,23.396,70.162,22.0,3.2,ML,Southern India,,,,,,,,,2001-02-21 14:20:42.500000+00:00,,isc,3524185.0,NDI,NDI,NDI,4428161.0,NDI,earthquake,2001,2,2000,4069.5977141203703,shallow
isc_3524187,23.49,70.402,15.0,3.2,ML,Southern India,,,,,,,,,2001-02-21 14:41:11.100000+00:00,,isc,3524187.0,NDI,NDI,NDI,4428162.0,NDI,earthquake,2001,2,2000,4069.6119340277783,shallow
isc_3524189,23.473,70.387,21.0,3.2,ML,Southern India,,,,,,,,,2001-02-21 19:17:30.700000+00:00,,isc,3524189.0,NDI,NDI,NDI,4428163.0,NDI,earthquake,2001,2,2000,4069.8038275462964,shallow
isc_3524191,23.495,70.3,17.1,2.5,ML,Southern India,,,,,,,,,2001-02-21 20:36:27.700000+00:00,,isc,3524191.0,NDI,NDI,NDI,4428164.0,NDI,earthquake,2001,2,2000,4069.858653935185,shallow
usp000aa3c,23.329,70.291,10.0,4.7,mb,"6 km WNW of Bhach?u, India",earthquake,reviewed,us,66.0,,0.96,,https://earthquake.usgs.gov/earthquakes/eventpage/usp000aa3c,2001-02-22 02:13:00.210000+00:00,2020-09-18 18:14:49.003000+00:00,usgs,,,,,,,,2001,2,2000,4070.0923635416666,shallow
isc_1832501,23.3623,70.5074,19.4,4.1,MS,Southern India,,,,,,,,,2001-02-22 02:13:03.631000+00:00,,isc,1832501.0,ISC,ISC,ISC,4522804.0,ISC,earthquake,2001,2,2000,4070.092403136574,shallow
isc_3524194,23.527,70.247,16.2,3.2,ML,Southern India,,,,,,,,,2001-02-22 03:48:59.800000+00:00,,isc,3524194.0,NDI,NDI,NDI,4428166.0,NDI,earthquake,2001,2,2000,4070.159025462963,shallow
isc_3524196,23.51,70.396,14.3,3.4,ML,Southern India,,,,,,,,,2001-02-22 04:25:26.300000+00:00,,isc,3524196.0,NDI,NDI,NDI,4428167.0,NDI,earthquake,2001,2,2000,4070.184332175926,shallow
isc_3524198,23.359,70.298,5.1,3.0,ML,Southern India,,,,,,,,,2001-02-22 04:36:25.200000+00:00,,isc,3524198.0,NDI,NDI,NDI,4428168.0,NDI,earthquake,2001,2,2000,4070.1919583333333,shallow
isc_3524203,23.754,70.701,14.2,3.4,ML,Southern India,,,,,,,,,2001-02-22 08:43:54.600000+00:00,,isc,3524203.0,NDI,NDI,NDI,4428171.0,NDI,earthquake,2001,2,2000,4070.3638263888893,shallow
isc_3510423,23.489,70.327,10.8,3.0,ML,Southern India,,,,,,,,,2001-02-22 09:31:37.300000+00:00,,isc,3510423.0,NDI,NDI,NDI,4415072.0,NDI,earthquake,2001,2,2000,4070.3969594907408,shallow
isc_3524205,23.676,70.105,14.7,3.2,ML,Southern India,,,,,,,,,2001-02-22 16:53:29.900000+00:00,,isc,3524205.0,NDI,NDI,NDI,4428172.0,NDI,earthquake,2001,2,2000,4070.703818287037,shallow
isc_3524207,23.391,70.265,11.8,3.3,ML,Southern India,,,,,,,,,2001-02-22 19:23:50.800000+00:00,,isc,3524207.0,NDI,NDI,NDI,4428173.0,NDI,earthquake,2001,2,2000,4070.808226851852,shallow
isc_3524209,23.456,70.376,22.4,3.8,ML,Southern India,,,,,,,,,2001-02-22 19:43:41.400000+00:00,,isc,3524209.0,NDI,NDI,NDI,4428174.0,NDI,earthquake,2001,2,2000,4070.822006944444,shallow
isc_3524211,23.397,70.443,30.7,3.1,ML,Southern India,,,,,,,,,2001-02-22 20:45:28.200000+00:00,,isc,3524211.0,NDI,NDI,NDI,4428175.0,NDI,earthquake,2001,2,2000,4070.864909722222,shallow
isc_3524213,23.313,70.309,12.1,3.8,ML,Southern India,,,,,,,,,2001-02-23 02:40:36.900000+00:00,,isc,3524213.0,NDI,NDI,NDI,4428176.0,NDI,earthquake,2001,2,2000,4071.111538194444,shallow
isc_3524215,23.615,70.169,8.8,3.4,ML,Southern India,,,,,,,,,2001-02-23 03:29:30.600000+00:00,,isc,3524215.0,NDI,NDI,NDI,4428177.0,NDI,earthquake,2001,2,2000,4071.145493055556,shallow
isc_3524217,23.497,70.48,19.5,3.0,ML,Southern India,,,,,,,,,2001-02-23 06:05:54.600000+00:00,,isc,3524217.0,NDI,NDI,NDI,4428178.0,NDI,earthquake,2001,2,2000,4071.254104166667,shallow
isc_3524219,23.329,70.325,24.4,3.3,ML,Southern India,,,,,,,,,2001-02-23 06:58:59.900000+00:00,,isc,3524219.0,NDI,NDI,NDI,4428179.0,NDI,earthquake,2001,2,2000,4071.2909710648146,shallow
isc_3524221,23.573,70.419,28.5,2.8,ML,Southern India,,,,,,,,,2001-02-23 07:51:18.800000+00:00,,isc,3524221.0,NDI,NDI,NDI,4428180.0,NDI,earthquake,2001,2,2000,4071.327300925926,shallow
isc_3524223,23.459,70.169,16.8,2.9,ML,Southern India,,,,,,,,,2001-02-23 09:42:53.700000+00:00,,isc,3524223.0,NDI,NDI,NDI,4428181.0,NDI,earthquake,2001,2,2000,4071.4047881944443,shallow
isc_3524227,23.472,70.209,9.0,2.9,ML,Southern India,,,,,,,,,2001-02-23 12:36:21.500000+00:00,,isc,3524227.0,NDI,NDI,NDI,4428183.0,NDI,earthquake,2001,2,2000,4071.5252488425926,shallow
isc_3524229,23.46,70.213,23.6,3.0,ML,Southern India,,,,,,,,,2001-02-23 13:27:12.800000+00:00,,isc,3524229.0,NDI,NDI,NDI,4428184.0,NDI,earthquake,2001,2,2000,4071.560564814815,shallow
isc_3524231,23.4,70.208,10.8,3.0,ML,Southern India,,,,,,,,,2001-02-24 00:14:24.600000+00:00,,isc,3524231.0,NDI,NDI,NDI,4428185.0,NDI,earthquake,2001,2,2000,4072.0100069444447,shallow
isc_3524233,23.379,70.167,23.5,3.3,ML,Southern India,,,,,,,,,2001-02-24 01:04:18.400000+00:00,,isc,3524233.0,NDI,NDI,NDI,4428186.0,NDI,earthquake,2001,2,2000,4072.044657407407,shallow
isc_3524235,23.481,70.358,8.3,3.4,ML,Southern India,,,,,,,,,2001-02-24 02:40:19.700000+00:00,,isc,3524235.0,NDI,NDI,NDI,4428187.0,NDI,earthquake,2001,2,2000,4072.1113391203703,shallow
isc_3524239,23.294,70.909,20.0,3.0,ML,Southern India,,,,,,,,,2001-02-24 02:48:25.700000+00:00,,isc,3524239.0,NDI,NDI,NDI,4428189.0,NDI,earthquake,2001,2,2000,4072.11696412037,shallow
isc_3524241,23.316,70.386,18.0,2.9,ML,Southern India,,,,,,,,,2001-02-24 04:50:29.700000+00:00,,isc,3524241.0,NDI,NDI,NDI,4428190.0,NDI,earthquake,2001,2,2000,4072.2017326388886,shallow
isc_3524243,23.559,70.005,15.3,3.3,ML,Southern India,,,,,,,,,2001-02-24 06:21:09.200000+00:00,,isc,3524243.0,NDI,NDI,NDI,4428191.0,NDI,earthquake,2001,2,2000,4072.2646898148146,shallow
isc_3524246,23.384,70.356,29.2,3.3,ML,Southern India,,,,,,,,,2001-02-24 14:16:04.600000+00:00,,isc,3524246.0,NDI,NDI,NDI,4428193.0,NDI,earthquake,2001,2,2000,4072.5944976851856,shallow
isc_3524248,23.426,70.213,7.8,3.8,ML,Southern India,,,,,,,,,2001-02-24 16:51:06.300000+00:00,,isc,3524248.0,NDI,NDI,NDI,4428194.0,NDI,earthquake,2001,2,2000,4072.70215625,shallow
isc_3524252,23.303,70.385,15.0,3.0,ML,Southern India,,,,,,,,,2001-02-24 17:51:12.500000+00:00,,isc,3524252.0,NDI,NDI,NDI,4428196.0,NDI,earthquake,2001,2,2000,4072.7438946759257,shallow
isc_3524254,23.516,70.199,2.0,3.3,ML,Southern India,,,,,,,,,2001-02-24 18:08:23.200000+00:00,,isc,3524254.0,NDI,NDI,NDI,4428197.0,NDI,earthquake,2001,2,2000,4072.755824074074,shallow
isc_3524256,23.463,70.437,17.9,3.0,ML,Southern India,,,,,,,,,2001-02-24 19:39:07.100000+00:00,,isc,3524256.0,NDI,NDI,NDI,4428198.0,NDI,earthquake,2001,2,2000,4072.818832175926,shallow
isc_3524258,23.326,70.364,19.6,3.9,ML,Southern India,,,,,,,,,2001-02-24 22:02:53.300000+00:00,,isc,3524258.0,NDI,NDI,NDI,4428199.0,NDI,earthquake,2001,2,2000,4072.918672453704,shallow
isc_3524260,23.404,70.353,19.4,3.6,ML,Southern India,,,,,,,,,2001-02-24 23:17:49.400000+00:00,,isc,3524260.0,NDI,NDI,NDI,4428200.0,NDI,earthquake,2001,2,2000,4072.970710648148,shallow
isc_3524266,23.425,70.237,7.1,3.8,ML,Southern India,,,,,,,,,2001-02-25 13:34:18.700000+00:00,,isc,3524266.0,NDI,NDI,NDI,4428203.0,NDI,earthquake,2001,2,2000,4073.5654942129627,shallow
isc_3524268,23.502,70.388,8.6,3.4,ML,Southern India,,,,,,,,,2001-02-25 14:08:19.100000+00:00,,isc,3524268.0,NDI,NDI,NDI,4428204.0,NDI,earthquake,2001,2,2000,4073.589109953704,shallow
isc_3524270,23.512,70.158,8.3,3.3,ML,Southern India,,,,,,,,,2001-02-25 16:47:47.800000+00:00,,isc,3524270.0,NDI,NDI,NDI,4428205.0,NDI,earthquake,2001,2,2000,4073.699858796296,shallow
isc_3524272,23.378,70.38,23.5,3.4,ML,Southern India,,,,,,,,,2001-02-26 07:38:40.700000+00:00,,isc,3524272.0,NDI,NDI,NDI,4428206.0,NDI,earthquake,2001,2,2000,4074.3185266203704,shallow
isc_3524274,23.484,70.237,14.8,3.2,ML,Southern India,,,,,,,,,2001-02-26 12:07:15.600000+00:00,,isc,3524274.0,NDI,NDI,NDI,4428207.0,NDI,earthquake,2001,2,2000,4074.505041666667,shallow
isc_3524278,23.36,70.356,30.0,3.2,ML,Southern India,,,,,,,,,2001-02-26 17:31:54.200000+00:00,,isc,3524278.0,NDI,NDI,NDI,4428209.0,NDI,earthquake,2001,2,2000,4074.7304884259256,shallow
isc_3524280,23.479,70.117,13.8,3.6,ML,Southern India,,,,,,,,,2001-02-26 21:44:18.300000+00:00,,isc,3524280.0,NDI,NDI,NDI,4428210.0,NDI,earthquake,2001,2,2000,4074.9057673611114,shallow
isc_3524282,23.486,70.216,15.0,2.8,ML,Southern India,,,,,,,,,2001-02-26 23:22:23.400000+00:00,,isc,3524282.0,NDI,NDI,NDI,4428211.0,NDI,earthquake,2001,2,2000,4074.973881944444,shallow
isc_3524284,23.782,70.721,8.3,3.1,ML,Southern India,,,,,,,,,2001-02-26 23:27:32.600000+00:00,,isc,3524284.0,NDI,NDI,NDI,4428212.0,NDI,earthquake,2001,2,2000,4074.9774606481483,shallow
isc_3524286,23.375,70.364,9.4,3.0,ML,Southern India,,,,,,,,,2001-02-27 00:59:47.600000+00:00,,isc,3524286.0,NDI,NDI,NDI,4428213.0,NDI,earthquake,2001,2,2000,4075.0415231481484,shallow
isc_3524292,23.491,70.295,9.9,3.4,ML,Southern India,,,,,,,,,2001-02-27 18:43:08.800000+00:00,,isc,3524292.0,NDI,NDI,NDI,4428216.0,NDI,earthquake,2001,2,2000,4075.779962962963,shallow
usp000aaks,23.283,70.285,27.6,4.3,mb,"6 km WSW of Bhach?u, India",earthquake,reviewed,us,12.0,,0.97,,https://earthquake.usgs.gov/earthquakes/eventpage/usp000aaks,2001-02-28 14:33:39.090000+00:00,2014-11-07 01:12:13.391000+00:00,usgs,,,,,,,,2001,2,2000,4076.6067024305553,shallow
isc_3660365,23.417,70.41,27.9,2.0,ML,Southern India,,,,,,,,,2001-02-28 20:18:49.960000+00:00,,isc,3660365.0,BHUJ2,BHUJ2,BHUJ2,4356918.0,BHUJ2,earthquake,2001,2,2000,4076.846411574074,shallow
usp000aan5,23.236,70.276,10.0,4.5,mb,"9 km SW of Bhach?u, India",earthquake,reviewed,us,18.0,,1.24,,https://earthquake.usgs.gov/earthquakes/eventpage/usp000aan5,2001-03-01 00:53:16.060000+00:00,2020-09-18 18:16:06.698000+00:00,usgs,,,,,,,,2001,3,2000,4077.0369914351854,shallow
isc_1833167,23.3463,70.4678,15.0,4.17,mb,Southern India,,,,,,,,,2001-03-01 00:53:18.854000+00:00,,isc,1833167.0,ISC,ISC,ISC,4581024.0,ISC,earthquake,2001,3,2000,4077.0370237731477,shallow
isc_3444869,23.701,70.87,32.2,2.0,ML,Southern India,,,,,,,,,2001-03-01 01:16:36.630000+00:00,,isc,3444869.0,BHUJ2,BHUJ2,BHUJ2,4356978.0,BHUJ2,earthquake,2001,3,2000,4077.053201736111,shallow
isc_3444877,23.448,70.393,28.7,2.0,ML,Southern India,,,,,,,,,2001-03-01 01:23:19.450000+00:00,,isc,3444877.0,BHUJ2,BHUJ2,BHUJ2,4356983.0,BHUJ2,earthquake,2001,3,2000,4077.0578640046297,shallow
isc_3444923,23.426,70.188,30.4,2.2,ML,Southern India,,,,,,,,,2001-03-01 02:26:02.220000+00:00,,isc,3444923.0,BHUJ2,BHUJ2,BHUJ2,4357005.0,BHUJ2,earthquake,2001,3,2000,4077.1014145833337,shallow
isc_3444931,23.786,70.423,32.0,2.2,ML,Southern India,,,,,,,,,2001-03-01 02:37:13.460000+00:00,,isc,3444931.0,BHUJ2,BHUJ2,BHUJ2,4357009.0,BHUJ2,earthquake,2001,3,2000,4077.1091835648144,shallow
isc_3444951,23.471,70.403,30.1,2.1,ML,Southern India,,,,,,,,,2001-03-01 03:17:58.450000+00:00,,isc,3444951.0,BHUJ2,BHUJ2,BHUJ2,4357019.0,BHUJ2,earthquake,2001,3,2000,4077.137482060185,shallow
isc_3444965,23.411,70.159,25.6,2.1,ML,Southern India,,,,,,,,,2001-03-01 03:39:19.630000+00:00,,isc,3444965.0,BHUJ2,BHUJ2,BHUJ2,4357026.0,BHUJ2,earthquake,2001,3,2000,4077.1523105324072,shallow
isc_3444977,23.304,70.138,28.2,3.4,ML,Southern India,,,,,,,,,2001-03-01 03:58:40.870000+00:00,,isc,3444977.0,BHUJ2,BHUJ2,BHUJ2,4357032.0,NDI,earthquake,2001,3,2000,4077.1657508101853,shallow
isc_3444991,23.427,70.582,21.1,2.1,ML,Southern India,,,,,,,,,2001-03-01 04:27:48.730000+00:00,,isc,3444991.0,BHUJ2,BHUJ2,BHUJ2,4357038.0,BHUJ2,earthquake,2001,3,2000,4077.1859806712964,shallow
isc_3444997,23.494,70.452,26.1,2.0,ML,Southern India,,,,,,,,,2001-03-01 04:42:40.850000+00:00,,isc,3444997.0,BHUJ2,BHUJ2,BHUJ2,4357042.0,BHUJ2,earthquake,2001,3,2000,4077.1963061342594,shallow
isc_3445009,23.373,70.206,33.6,2.1,ML,Southern India,,,,,,,,,2001-03-01 04:59:16.270000+00:00,,isc,3445009.0,BHUJ2,BHUJ2,BHUJ2,4357048.0,BHUJ2,earthquake,2001,3,2000,4077.207827199074,shallow
isc_3445013,23.359,70.335,30.2,2.0,ML,Southern India,,,,,,,,,2001-03-01 05:08:45.130000+00:00,,isc,3445013.0,BHUJ2,BHUJ2,BHUJ2,4357050.0,BHUJ2,earthquake,2001,3,2000,4077.214411226852,shallow
isc_3445019,23.471,70.372,30.0,2.5,ML,Southern India,,,,,,,,,2001-03-01 05:17:06.120000+00:00,,isc,3445019.0,BHUJ2,BHUJ2,BHUJ2,4357054.0,BHUJ2,earthquake,2001,3,2000,4077.220209722222,shallow
isc_3445061,23.457,70.232,21.6,3.6,ML,Southern India,,,,,,,,,2001-03-01 06:35:02.070000+00:00,,isc,3445061.0,BHUJ2,BHUJ2,BHUJ2,4357074.0,NDI,earthquake,2001,3,2000,4077.274329513889,shallow
isc_3445069,23.587,69.981,25.2,2.3,ML,Southern India,,,,,,,,,2001-03-01 06:45:54.180000+00:00,,isc,3445069.0,BHUJ2,BHUJ2,BHUJ2,4357078.0,BHUJ2,earthquake,2001,3,2000,4077.2818770833333,shallow
isc_3445083,23.432,70.377,29.8,2.0,ML,Southern India,,,,,,,,,2001-03-01 07:11:09.210000+00:00,,isc,3445083.0,BHUJ2,BHUJ2,BHUJ2,4357085.0,BHUJ2,earthquake,2001,3,2000,4077.2994121527777,shallow
isc_3445087,23.859,70.355,63.7,2.1,ML,Southern India,,,,,,,,,2001-03-01 07:15:05.960000+00:00,,isc,3445087.0,BHUJ2,BHUJ2,BHUJ2,4357087.0,BHUJ2,earthquake,2001,3,2000,4077.3021523148145,shallow
isc_3445113,23.491,70.347,20.5,2.3,ML,Southern India,,,,,,,,,2001-03-01 08:12:24.680000+00:00,,isc,3445113.0,BHUJ2,BHUJ2,BHUJ2,4357100.0,BHUJ2,earthquake,2001,3,2000,4077.341952314815,shallow
isc_3445187,23.849,70.183,35.4,2.4,ML,Southern India,,,,,,,,,2001-03-01 10:52:35.940000+00:00,,isc,3445187.0,BHUJ2,BHUJ2,BHUJ2,4357136.0,BHUJ2,earthquake,2001,3,2000,4077.45319375,shallow
isc_3445223,23.355,70.236,25.2,2.1,ML,Southern India,,,,,,,,,2001-03-01 12:26:45.070000+00:00,,isc,3445223.0,BHUJ2,BHUJ2,BHUJ2,4357155.0,BHUJ2,earthquake,2001,3,2000,4077.518577199074,shallow
isc_3445225,23.479,70.161,24.7,2.0,ML,Southern India,,,,,,,,,2001-03-01 12:35:21.370000+00:00,,isc,3445225.0,BHUJ2,BHUJ2,BHUJ2,4357156.0,BHUJ2,earthquake,2001,3,2000,4077.5245528935184,shallow
isc_3445251,23.41,70.395,26.7,2.5,ML,Southern India,,,,,,,,,2001-03-01 13:59:36.580000+00:00,,isc,3445251.0,BHUJ2,BHUJ2,BHUJ2,4357170.0,BHUJ2,earthquake,2001,3,2000,4077.5830622685185,shallow
isc_3445261,23.37,70.298,33.5,2.7,ML,Southern India,,,,,,,,,2001-03-01 14:23:49.440000+00:00,,isc,3445261.0,BHUJ2,BHUJ2,BHUJ2,4357174.0,NDI,earthquake,2001,3,2000,4077.5998777777777,shallow
isc_3445269,23.569,70.421,25.9,2.2,ML,Southern India,,,,,,,,,2001-03-01 14:45:45.300000+00:00,,isc,3445269.0,BHUJ2,BHUJ2,BHUJ2,4357178.0,BHUJ2,earthquake,2001,3,2000,4077.615107638889,shallow
isc_3445293,23.48,70.273,20.3,2.3,ML,Southern India,,,,,,,,,2001-03-01 15:45:23.450000+00:00,,isc,3445293.0,BHUJ2,BHUJ2,BHUJ2,4357190.0,BHUJ2,earthquake,2001,3,2000,4077.656521412037,shallow
usp000aapw,23.279,70.465,10.0,4.3,mb,"12 km E of Bhach?u, India",earthquake,reviewed,us,19.0,,1.14,,https://earthquake.usgs.gov/earthquakes/eventpage/usp000aapw,2001-03-01 15:51:17.330000+00:00,2014-11-07 01:12:16.217000+00:00,usgs,,,,,,,,2001,3,2000,4077.6606172453703,shallow
isc_1833181,23.2939,70.6573,13.0,4.03,mb,Southern India,,,,,,,,,2001-03-01 15:51:19.601000+00:00,,isc,1833181.0,ISC,ISC,ISC,4581113.0,ISC,earthquake,2001,3,2000,4077.660643530093,shallow
isc_3445300,23.46,70.142,30.2,2.0,ML,Southern India,,,,,,,,,2001-03-01 16:00:09.310000+00:00,,isc,3445300.0,BHUJ2,BHUJ2,BHUJ2,4357194.0,BHUJ2,earthquake,2001,3,2000,4077.6667744212964,shallow
isc_3445324,23.345,70.28,40.4,2.4,ML,Southern India,,,,,,,,,2001-03-01 16:51:34.430000+00:00,,isc,3445324.0,BHUJ2,BHUJ2,BHUJ2,4357206.0,BHUJ2,earthquake,2001,3,2000,4077.7024818287036,shallow
isc_3445350,23.59,70.483,30.2,2.3,ML,Southern India,,,,,,,,,2001-03-01 17:26:01.200000+00:00,,isc,3445350.0,BHUJ2,BHUJ2,BHUJ2,4357219.0,BHUJ2,earthquake,2001,3,2000,4077.726402777778,shallow
isc_3445352,23.365,70.352,32.2,2.2,ML,Southern India,,,,,,,,,2001-03-01 17:27:10.860000+00:00,,isc,3445352.0,BHUJ2,BHUJ2,BHUJ2,4357220.0,BHUJ2,earthquake,2001,3,2000,4077.727209027778,shallow
isc_3445354,23.403,70.213,27.5,2.3,ML,Southern India,,,,,,,,,2001-03-01 17:29:28.890000+00:00,,isc,3445354.0,BHUJ2,BHUJ2,BHUJ2,4357221.0,BHUJ2,earthquake,2001,3,2000,4077.728806597222,shallow
isc_3445368,23.53,70.435,9.7,3.1,ML,Southern India,,,,,,,,,2001-03-01 17:59:21.380000+00:00,,isc,3445368.0,BHUJ2,BHUJ2,BHUJ2,4357228.0,NDI,earthquake,2001,3,2000,4077.749553009259,shallow
isc_3445382,23.292,70.112,30.1,2.4,ML,Southern India,,,,,,,,,2001-03-01 18:38:19.930000+00:00,,isc,3445382.0,BHUJ2,BHUJ2,BHUJ2,4357235.0,BHUJ2,earthquake,2001,3,2000,4077.7766195601853,shallow
isc_3445384,23.426,70.392,30.2,2.1,ML,Southern India,,,,,,,,,2001-03-01 18:41:08.190000+00:00,,isc,3445384.0,BHUJ2,BHUJ2,BHUJ2,4357236.0,BHUJ2,earthquake,2001,3,2000,4077.7785670138887,shallow
isc_3445410,23.402,70.372,26.9,2.0,ML,Southern India,,,,,,,,,2001-03-01 19:33:07.030000+00:00,,isc,3445410.0,BHUJ2,BHUJ2,BHUJ2,4357249.0,BHUJ2,earthquake,2001,3,2000,4077.8146646990735,shallow
isc_3445430,23.541,70.164,18.8,2.1,ML,Southern India,,,,,,,,,2001-03-01 20:17:57.040000+00:00,,isc,3445430.0,BHUJ2,BHUJ2,BHUJ2,4357260.0,BHUJ2,earthquake,2001,3,2000,4077.8457990740744,shallow
isc_3445446,23.495,70.158,22.6,2.0,ML,Southern India,,,,,,,,,2001-03-01 20:46:19.410000+00:00,,isc,3445446.0,BHUJ2,BHUJ2,BHUJ2,4357267.0,BHUJ2,earthquake,2001,3,2000,4077.865502430556,shallow
isc_3445498,23.352,70.311,37.9,2.3,ML,Southern India,,,,,,,,,2001-03-01 22:31:56.450000+00:00,,isc,3445498.0,BHUJ2,BHUJ2,BHUJ2,4357293.0,BHUJ2,earthquake,2001,3,2000,4077.938847800926,shallow
isc_3445510,23.367,70.311,17.9,2.2,ML,Southern India,,,,,,,,,2001-03-01 22:47:20.600000+00:00,,isc,3445510.0,BHUJ2,BHUJ2,BHUJ2,4357300.0,BHUJ2,earthquake,2001,3,2000,4077.949543981482,shallow
isc_3445520,23.509,70.389,20.7,2.3,ML,Southern India,,,,,,,,,2001-03-01 23:06:54.400000+00:00,,isc,3445520.0,BHUJ2,BHUJ2,BHUJ2,4357304.0,BHUJ2,earthquake,2001,3,2000,4077.9631296296293,shallow
isc_3445524,23.324,70.39,28.3,2.7,ML,Southern India,,,,,,,,,2001-03-01 23:13:12.810000+00:00,,isc,3445524.0,BHUJ2,BHUJ2,BHUJ2,4357306.0,NDI,earthquake,2001,3,2000,4077.967509375,shallow
isc_3445534,23.515,70.336,9.6,3.2,ML,Southern India,,,,,,,,,2001-03-01 23:46:49.990000+00:00,,isc,3445534.0,BHUJ2,BHUJ2,BHUJ2,4357311.0,NDI,earthquake,2001,3,2000,4077.990856365741,shallow
isc_3445540,23.362,70.305,38.8,2.9,ML,Southern India,,,,,,,,,2001-03-01 23:55:54.800000+00:00,,isc,3445540.0,BHUJ2,BHUJ2,BHUJ2,4357314.0,NDI,earthquake,2001,3,2000,4077.997162037037,shallow
isc_3445574,23.405,70.17,30.2,2.0,ML,Southern India,,,,,,,,,2001-03-02 00:55:06.800000+00:00,,isc,3445574.0,BHUJ2,BHUJ2,BHUJ2,4357332.0,BHUJ2,earthquake,2001,3,2000,4078.038273148148,shallow
isc_3445578,23.476,70.169,30.3,2.6,ML,Southern India,,,,,,,,,2001-03-02 00:57:42.340000+00:00,,isc,3445578.0,BHUJ2,BHUJ2,BHUJ2,4357333.0,BHUJ2,earthquake,2001,3,2000,4078.040073379629,shallow
isc_3445590,23.38,70.319,32.0,3.0,ML,Southern India,,,,,,,,,2001-03-02 01:23:04.610000+00:00,,isc,3445590.0,BHUJ2,BHUJ2,BHUJ2,4357339.0,NDI,earthquake,2001,3,2000,4078.0576922453706,shallow
isc_3445592,23.534,70.13,28.8,2.0,ML,Southern India,,,,,,,,,2001-03-02 01:32:45.400000+00:00,,isc,3445592.0,BHUJ2,BHUJ2,BHUJ2,4357340.0,BHUJ2,earthquake,2001,3,2000,4078.0644143518516,shallow
isc_3445664,23.491,70.08,32.6,2.0,ML,Southern India,,,,,,,,,2001-03-02 04:17:29.670000+00:00,,isc,3445664.0,BHUJ2,BHUJ2,BHUJ2,4357376.0,BHUJ2,earthquake,2001,3,2000,4078.178815625,shallow
isc_3445678,23.515,70.205,15.1,2.4,ML,Southern India,,,,,,,,,2001-03-02 04:45:25.370000+00:00,,isc,3445678.0,BHUJ2,BHUJ2,BHUJ2,4357382.0,BHUJ2,earthquake,2001,3,2000,4078.198210300926,shallow
isc_3445680,23.484,70.29,19.3,2.6,ML,Southern India,,,,,,,,,2001-03-02 04:49:26.590000+00:00,,isc,3445680.0,BHUJ2,BHUJ2,BHUJ2,4357384.0,BHUJ2,earthquake,2001,3,2000,4078.2010021990736,shallow
isc_3445684,23.449,70.41,29.0,2.2,ML,Southern India,,,,,,,,,2001-03-02 04:56:40.170000+00:00,,isc,3445684.0,BHUJ2,BHUJ2,BHUJ2,4357386.0,BHUJ2,earthquake,2001,3,2000,4078.2060204861114,shallow
isc_3445686,23.419,70.327,31.2,2.0,ML,Southern India,,,,,,,,,2001-03-02 05:01:02.280000+00:00,,isc,3445686.0,BHUJ2,BHUJ2,BHUJ2,4357387.0,BHUJ2,earthquake,2001,3,2000,4078.209054166666,shallow
isc_3445708,23.455,70.401,16.9,2.4,ML,Southern India,,,,,,,,,2001-03-02 06:00:22.250000+00:00,,isc,3445708.0,BHUJ2,BHUJ2,BHUJ2,4357398.0,BHUJ2,earthquake,2001,3,2000,4078.2502575231483,shallow
isc_3445710,23.335,70.376,25.5,2.0,ML,Southern India,,,,,,,,,2001-03-02 06:09:26.820000+00:00,,isc,3445710.0,BHUJ2,BHUJ2,BHUJ2,4357399.0,BHUJ2,earthquake,2001,3,2000,4078.2565604166666,shallow
isc_3445712,23.4,70.361,28.6,2.0,ML,Southern India,,,,,,,,,2001-03-02 06:12:33.710000+00:00,,isc,3445712.0,BHUJ2,BHUJ2,BHUJ2,4357400.0,BHUJ2,earthquake,2001,3,2000,4078.2587234953703,shallow
isc_3445714,23.437,70.395,30.9,2.4,ML,Southern India,,,,,,,,,2001-03-02 06:16:44.600000+00:00,,isc,3445714.0,BHUJ2,BHUJ2,BHUJ2,4357401.0,BHUJ2,earthquake,2001,3,2000,4078.261627314815,shallow
isc_3445722,23.387,70.171,32.6,2.2,ML,Southern India,,,,,,,,,2001-03-02 06:33:25.580000+00:00,,isc,3445722.0,BHUJ2,BHUJ2,BHUJ2,4357405.0,BHUJ2,earthquake,2001,3,2000,4078.273212731481,shallow
isc_3445758,23.404,70.354,33.5,3.6,ML,Southern India,,,,,,,,,2001-03-02 07:32:02.120000+00:00,,isc,3445758.0,BHUJ2,BHUJ2,BHUJ2,4357423.0,NDI,earthquake,2001,3,2000,4078.313913425926,shallow
isc_3445764,23.37,70.365,33.3,2.2,ML,Southern India,,,,,,,,,2001-03-02 07:44:19.240000+00:00,,isc,3445764.0,BHUJ2,BHUJ2,BHUJ2,4357426.0,BHUJ2,earthquake,2001,3,2000,4078.3224449074073,shallow
isc_3445776,23.368,70.18,33.2,2.3,ML,Southern India,,,,,,,,,2001-03-02 08:08:42.950000+00:00,,isc,3445776.0,BHUJ2,BHUJ2,BHUJ2,4357432.0,BHUJ2,earthquake,2001,3,2000,4078.3393859953703,shallow
isc_3445804,23.389,70.361,29.3,2.0,ML,Southern India,,,,,,,,,2001-03-02 08:54:33.800000+00:00,,isc,3445804.0,BHUJ2,BHUJ2,BHUJ2,4357446.0,BHUJ2,earthquake,2001,3,2000,4078.371224537037,shallow
isc_3445814,23.472,70.388,28.3,2.2,ML,Southern India,,,,,,,,,2001-03-02 09:02:35.820000+00:00,,isc,3445814.0,BHUJ2,BHUJ2,BHUJ2,4357451.0,BHUJ2,earthquake,2001,3,2000,4078.376803472222,shallow
isc_3445832,23.405,70.203,30.2,2.6,ML,Southern India,,,,,,,,,2001-03-02 09:36:30.900000+00:00,,isc,3445832.0,BHUJ2,BHUJ2,BHUJ2,4357460.0,BHUJ2,earthquake,2001,3,2000,4078.4003576388886,shallow
isc_3445846,23.432,70.404,28.7,2.0,ML,Southern India,,,,,,,,,2001-03-02 10:21:19.360000+00:00,,isc,3445846.0,BHUJ2,BHUJ2,BHUJ2,4357468.0,BHUJ2,earthquake,2001,3,2000,4078.4314740740742,shallow
isc_3445854,23.388,70.355,34.7,2.0,ML,Southern India,,,,,,,,,2001-03-02 10:35:19.480000+00:00,,isc,3445854.0,BHUJ2,BHUJ2,BHUJ2,4357471.0,BHUJ2,earthquake,2001,3,2000,4078.441197685185,shallow
isc_3445858,23.466,70.428,23.0,2.0,ML,Southern India,,,,,,,,,2001-03-02 10:42:09.290000+00:00,,isc,3445858.0,BHUJ2,BHUJ2,BHUJ2,4357473.0,BHUJ2,earthquake,2001,3,2000,4078.4459408564817,shallow
isc_3445878,23.358,70.386,29.7,3.9,ML,Southern India,,,,,,,,,2001-03-02 11:37:40.890000+00:00,,isc,3445878.0,BHUJ2,BHUJ2,BHUJ2,4357483.0,NDI,earthquake,2001,3,2000,4078.4845010416666,shallow
isc_3445982,23.419,70.46,26.6,2.2,ML,Southern India,,,,,,,,,2001-03-02 14:43:47.190000+00:00,,isc,3445982.0,BHUJ2,BHUJ2,BHUJ2,4357536.0,BHUJ2,earthquake,2001,3,2000,4078.613740625,shallow
isc_3445992,23.196,70.37,37.3,2.5,ML,Southern India,,,,,,,,,2001-03-02 15:01:06.660000+00:00,,isc,3445992.0,BHUJ2,BHUJ2,BHUJ2,4357541.0,BHUJ2,earthquake,2001,3,2000,4078.625771527778,shallow
isc_3446000,23.362,70.388,30.0,2.8,ML,Southern India,,,,,,,,,2001-03-02 15:12:01.670000+00:00,,isc,3446000.0,BHUJ2,BHUJ2,BHUJ2,4357545.0,BHUJ2,earthquake,2001,3,2000,4078.6333526620374,shallow
isc_3446040,23.527,70.16,30.7,2.1,ML,Southern India,,,,,,,,,2001-03-02 16:22:11.630000+00:00,,isc,3446040.0,BHUJ2,BHUJ2,BHUJ2,4357565.0,BHUJ2,earthquake,2001,3,2000,4078.682079050926,shallow
isc_3446046,23.465,70.25,22.9,2.2,ML,Southern India,,,,,,,,,2001-03-02 16:32:04.020000+00:00,,isc,3446046.0,BHUJ2,BHUJ2,BHUJ2,4357568.0,BHUJ2,earthquake,2001,3,2000,4078.6889354166665,shallow
isc_3446068,23.389,70.276,32.3,2.2,ML,Southern India,,,,,,,,,2001-03-02 17:13:31.750000+00:00,,isc,3446068.0,BHUJ2,BHUJ2,BHUJ2,4357579.0,BHUJ2,earthquake,2001,3,2000,4078.717728587963,shallow
isc_3446074,23.389,70.154,28.6,2.1,ML,Southern India,,,,,,,,,2001-03-02 17:25:18.520000+00:00,,isc,3446074.0,BHUJ2,BHUJ2,BHUJ2,4357583.0,BHUJ2,earthquake,2001,3,2000,4078.725908796296,shallow
isc_3446092,23.4,70.341,29.9,2.1,ML,Southern India,,,,,,,,,2001-03-02 17:46:30.810000+00:00,,isc,3446092.0,BHUJ2,BHUJ2,BHUJ2,4357591.0,BHUJ2,earthquake,2001,3,2000,4078.740634375,shallow
isc_3446096,23.399,70.383,25.1,3.1,ML,Southern India,,,,,,,,,2001-03-02 17:54:03.400000+00:00,,isc,3446096.0,BHUJ2,BHUJ2,BHUJ2,4357595.0,NDI,earthquake,2001,3,2000,4078.745872685185,shallow
isc_3446152,23.375,70.205,33.2,2.4,ML,Southern India,,,,,,,,,2001-03-02 19:29:37.630000+00:00,,isc,3446152.0,BHUJ2,BHUJ2,BHUJ2,4357621.0,BHUJ2,earthquake,2001,3,2000,4078.812241087963,shallow
isc_3446192,23.58,70.45,27.9,2.1,ML,Southern India,,,,,,,,,2001-03-02 20:21:45.130000+00:00,,isc,3446192.0,BHUJ2,BHUJ2,BHUJ2,4357640.0,BHUJ2,earthquake,2001,3,2000,4078.8484390046297,shallow
isc_3446212,23.416,70.417,28.6,3.3,ML,Southern India,,,,,,,,,2001-03-02 20:55:04.650000+00:00,,isc,3446212.0,BHUJ2,BHUJ2,BHUJ2,4357651.0,NDI,earthquake,2001,3,2000,4078.871581597222,shallow
isc_3446216,23.476,70.376,13.0,2.0,ML,Southern India,,,,,,,,,2001-03-02 21:00:22.220000+00:00,,isc,3446216.0,BHUJ2,BHUJ2,BHUJ2,4357653.0,BHUJ2,earthquake,2001,3,2000,4078.8752571759264,shallow
usp000aasp,23.391,70.232,10.0,4.4,mb,"15 km NW of Bhach?u, India",earthquake,reviewed,us,16.0,,1.31,,https://earthquake.usgs.gov/earthquakes/eventpage/usp000aasp,2001-03-02 21:56:47.740000+00:00,2014-11-07 01:12:17.316000+00:00,usgs,,,,,,,,2001,3,2000,4078.9144414351854,shallow
isc_1833200,23.3902,70.4412,15.0,4.1,mb,Southern India,,,,,,,,,2001-03-02 21:56:50.239000+00:00,,isc,1833200.0,ISC,ISC,ISC,4581272.0,ISC,earthquake,2001,3,2000,4078.9144703587967,shallow
isc_3446359,23.498,70.345,18.8,2.0,ML,Southern India,,,,,,,,,2001-03-03 01:51:25.570000+00:00,,isc,3446359.0,BHUJ2,BHUJ2,BHUJ2,4357726.0,BHUJ2,earthquake,2001,3,2000,4079.0773792824075,shallow
isc_3446417,23.56,70.165,26.7,2.0,ML,Southern India,,,,,,,,,2001-03-03 05:54:39.300000+00:00,,isc,3446417.0,BHUJ2,BHUJ2,BHUJ2,4357754.0,BHUJ2,earthquake,2001,3,2000,4079.246288194445,shallow
isc_3446427,23.371,70.408,24.7,2.2,ML,Southern India,,,,,,,,,2001-03-03 06:54:27.520000+00:00,,isc,3446427.0,BHUJ2,BHUJ2,BHUJ2,4357759.0,BHUJ2,earthquake,2001,3,2000,4079.287818518518,shallow
isc_3446433,23.465,70.403,28.1,3.3,ML,Southern India,,,,,,,,,2001-03-03 07:08:14.730000+00:00,,isc,3446433.0,BHUJ2,BHUJ2,BHUJ2,4357762.0,NDI,earthquake,2001,3,2000,4079.2973927083335,shallow
isc_3446471,23.342,70.227,17.4,2.0,ML,Southern India,,,,,,,,,2001-03-03 09:12:36.980000+00:00,,isc,3446471.0,BHUJ2,BHUJ2,BHUJ2,4357783.0,BHUJ2,earthquake,2001,3,2000,4079.3837613425926,shallow
isc_3446487,23.506,70.153,28.2,2.0,ML,Southern India,,,,,,,,,2001-03-03 09:59:14.010000+00:00,,isc,3446487.0,BHUJ2,BHUJ2,BHUJ2,4357789.0,BHUJ2,earthquake,2001,3,2000,4079.4161343749997,shallow
isc_3446513,23.358,70.193,31.5,2.8,ML,Southern India,,,,,,,,,2001-03-03 12:17:58.300000+00:00,,isc,3446513.0,BHUJ2,BHUJ2,BHUJ2,4357802.0,NDI,earthquake,2001,3,2000,4079.512480324074,shallow
isc_3446537,23.507,70.212,16.0,3.1,ML,Southern India,,,,,,,,,2001-03-03 14:51:40.300000+00:00,,isc,3446537.0,BHUJ2,BHUJ2,BHUJ2,4357814.0,NDI,earthquake,2001,3,2000,4079.6192164351855,shallow
isc_3446539,23.32,70.365,33.2,2.8,ML,Southern India,,,,,,,,,2001-03-03 15:11:21.800000+00:00,,isc,3446539.0,BHUJ2,BHUJ2,BHUJ2,4357815.0,NDI,earthquake,2001,3,2000,4079.632891203704,shallow
isc_3446545,23.482,70.27,19.5,2.7,ML,Southern India,,,,,,,,,2001-03-03 15:30:08.980000+00:00,,isc,3446545.0,BHUJ2,BHUJ2,BHUJ2,4357818.0,NDI,earthquake,2001,3,2000,4079.6459372685185,shallow
isc_3446551,23.303,70.163,37.8,2.2,ML,Southern India,,,,,,,,,2001-03-03 15:52:57.440000+00:00,,isc,3446551.0,BHUJ2,BHUJ2,BHUJ2,4357821.0,BHUJ2,earthquake,2001,3,2000,4079.661775925926,shallow
isc_3446553,23.454,70.378,30.7,2.1,ML,Southern India,,,,,,,,,2001-03-03 15:57:19.450000+00:00,,isc,3446553.0,BHUJ2,BHUJ2,BHUJ2,4357822.0,BHUJ2,earthquake,2001,3,2000,4079.664808449074,shallow
isc_3446571,23.493,70.461,28.7,2.9,ML,Southern India,,,,,,,,,2001-03-03 17:46:27.450000+00:00,,isc,3446571.0,BHUJ2,BHUJ2,BHUJ2,4357831.0,NDI,earthquake,2001,3,2000,4079.740595486111,shallow
isc_3446581,23.686,70.163,32.4,2.2,ML,Southern India,,,,,,,,,2001-03-03 18:14:26.970000+00:00,,isc,3446581.0,BHUJ2,BHUJ2,BHUJ2,4357836.0,BHUJ2,earthquake,2001,3,2000,4079.7600343750005,shallow
isc_3446675,23.435,70.416,28.8,3.3,ML,Southern India,,,,,,,,,2001-03-03 23:22:12.410000+00:00,,isc,3446675.0,BHUJ2,BHUJ2,BHUJ2,4357884.0,NDI,earthquake,2001,3,2000,4079.9737547453706,shallow
isc_3446695,23.427,70.38,29.9,2.2,ML,Southern India,,,,,,,,,2001-03-04 00:12:31.600000+00:00,,isc,3446695.0,BHUJ2,BHUJ2,BHUJ2,4357892.0,BHUJ2,earthquake,2001,3,2000,4080.0086990740742,shallow
isc_3446693,23.394,70.383,29.6,2.1,ML,Southern India,,,,,,,,,2001-03-04 00:12:45.910000+00:00,,isc,3446693.0,BHUJ2,BHUJ2,BHUJ2,4357893.0,BHUJ2,earthquake,2001,3,2000,4080.0088646990744,shallow
isc_3446701,23.508,70.083,20.5,2.0,ML,Southern India,,,,,,,,,2001-03-04 00:20:14.920000+00:00,,isc,3446701.0,BHUJ2,BHUJ2,BHUJ2,4357897.0,BHUJ2,earthquake,2001,3,2000,4080.0140615740743,shallow
isc_3446731,23.453,70.407,26.2,2.1,ML,Southern India,,,,,,,,,2001-03-04 01:49:13.960000+00:00,,isc,3446731.0,BHUJ2,BHUJ2,BHUJ2,4357911.0,BHUJ2,earthquake,2001,3,2000,4080.075856018518,shallow
isc_3446733,23.369,70.352,29.0,2.1,ML,Southern India,,,,,,,,,2001-03-04 01:51:35.960000+00:00,,isc,3446733.0,BHUJ2,BHUJ2,BHUJ2,4357912.0,BHUJ2,earthquake,2001,3,2000,4080.0774995370366,shallow
isc_3446763,23.464,70.413,27.3,2.2,ML,Southern India,,,,,,,,,2001-03-04 03:31:11.980000+00:00,,isc,3446763.0,BHUJ2,BHUJ2,BHUJ2,4357927.0,BHUJ2,earthquake,2001,3,2000,4080.1466664351856,shallow
isc_3446767,23.438,70.405,30.3,2.2,ML,Southern India,,,,,,,,,2001-03-04 03:38:24.830000+00:00,,isc,3446767.0,BHUJ2,BHUJ2,BHUJ2,4357929.0,BHUJ2,earthquake,2001,3,2000,4080.151676273148,shallow
isc_3446779,23.451,70.39,28.1,2.2,ML,Southern India,,,,,,,,,2001-03-04 04:11:32.230000+00:00,,isc,3446779.0,BHUJ2,BHUJ2,BHUJ2,4357934.0,BHUJ2,earthquake,2001,3,2000,4080.174678587963,shallow
isc_3446801,23.402,70.404,29.0,2.1,ML,Southern India,,,,,,,,,2001-03-04 05:35:37.490000+00:00,,isc,3446801.0,BHUJ2,BHUJ2,BHUJ2,4357946.0,BHUJ2,earthquake,2001,3,2000,4080.233072800926,shallow
isc_3446813,23.398,70.371,33.2,2.1,ML,Southern India,,,,,,,,,2001-03-04 06:15:30.920000+00:00,,isc,3446813.0,BHUJ2,BHUJ2,BHUJ2,4357952.0,BHUJ2,earthquake,2001,3,2000,4080.2607745370374,shallow
isc_3446821,23.411,70.409,25.4,2.0,ML,Southern India,,,,,,,,,2001-03-04 07:43:26.330000+00:00,,isc,3446821.0,BHUJ2,BHUJ2,BHUJ2,4357956.0,BHUJ2,earthquake,2001,3,2000,4080.321832523148,shallow
usp000aaw7,23.019,70.484,10.0,4.8,mb,"27 km E of K?ndla, India",earthquake,reviewed,us,52.0,,1.16,,https://earthquake.usgs.gov/earthquakes/eventpage/usp000aaw7,2001-03-04 07:54:23.150000+00:00,2020-09-18 18:16:16.856000+00:00,usgs,,,,,,,,2001,3,2000,4080.3294346064813,shallow
isc_3446834,23.133,70.523,17.1,3.5,ML,Southern India,,,,,,,,,2001-03-04 08:13:46.350000+00:00,,isc,3446834.0,BHUJ2,BHUJ2,BHUJ2,4357963.0,NDI,earthquake,2001,3,2000,4080.3428975694446,shallow
isc_3446854,23.383,70.358,28.3,2.6,ML,Southern India,,,,,,,,,2001-03-04 09:21:05.750000+00:00,,isc,3446854.0,BHUJ2,BHUJ2,BHUJ2,4357973.0,BHUJ2,earthquake,2001,3,2000,4080.389649884259,shallow
isc_3446894,23.121,70.547,17.9,2.7,MD,Southern India,,,,,,,,,2001-03-04 11:32:11.480000+00:00,,isc,3446894.0,BHUJ2,BHUJ2,BHUJ2,4357993.0,NDI,earthquake,2001,3,2000,4080.480688425926,shallow
isc_3446898,23.377,70.283,34.6,2.4,ML,Southern India,,,,,,,,,2001-03-04 12:02:24.130000+00:00,,isc,3446898.0,BHUJ2,BHUJ2,BHUJ2,4357995.0,BHUJ2,earthquake,2001,3,2000,4080.5016681712964,shallow
isc_3446912,23.432,70.172,31.9,2.1,ML,Southern India,,,,,,,,,2001-03-04 13:34:10.820000+00:00,,isc,3446912.0,BHUJ2,BHUJ2,BHUJ2,4358002.0,BHUJ2,earthquake,2001,3,2000,4080.565403009259,shallow
isc_3446924,23.35,70.238,16.3,2.4,MD,Southern India,,,,,,,,,2001-03-04 14:27:59.230000+00:00,,isc,3446924.0,BHUJ2,BHUJ2,BHUJ2,4358009.0,NDI,earthquake,2001,3,2000,4080.602768865741,shallow
isc_3446934,23.452,70.762,15.0,2.8,ML,Southern India,,,,,,,,,2001-03-04 15:11:46.600000+00:00,,isc,3446934.0,NDI,NDI,NDI,4494965.0,NDI,earthquake,2001,3,2000,4080.633178240741,shallow
isc_3446942,23.306,70.304,11.3,2.2,ML,Southern India,,,,,,,,,2001-03-04 15:40:03.570000+00:00,,isc,3446942.0,BHUJ2,BHUJ2,BHUJ2,4358017.0,BHUJ2,earthquake,2001,3,2000,4080.652819097222,shallow
isc_3446960,23.385,70.218,28.7,2.2,ML,Southern India,,,,,,,,,2001-03-04 16:45:52.150000+00:00,,isc,3446960.0,BHUJ2,BHUJ2,BHUJ2,4358026.0,BHUJ2,earthquake,2001,3,2000,4080.6985202546293,shallow
isc_3446966,23.505,70.16,21.1,3.2,ML,Southern India,,,,,,,,,2001-03-04 17:16:28.400000+00:00,,isc,3446966.0,BHUJ2,BHUJ2,BHUJ2,4358029.0,NDI,earthquake,2001,3,2000,4080.719773148148,shallow
isc_3446988,23.446,70.4,25.3,2.2,ML,Southern India,,,,,,,,,2001-03-04 18:22:59.610000+00:00,,isc,3446988.0,BHUJ2,BHUJ2,BHUJ2,4358041.0,BHUJ2,earthquake,2001,3,2000,4080.7659677083334,shallow
isc_3446996,23.48,70.451,26.2,2.0,ML,Southern India,,,,,,,,,2001-03-04 18:42:55.290000+00:00,,isc,3446996.0,BHUJ2,BHUJ2,BHUJ2,4358044.0,BHUJ2,earthquake,2001,3,2000,4080.7798065972224,shallow
isc_3447000,23.379,70.2,33.0,2.1,ML,Southern India,,,,,,,,,2001-03-04 18:45:56.910000+00:00,,isc,3447000.0,BHUJ2,BHUJ2,BHUJ2,4358046.0,BHUJ2,earthquake,2001,3,2000,4080.7819086805557,shallow
isc_3447002,23.477,70.37,29.6,2.3,ML,Southern India,,,,,,,,,2001-03-04 18:55:40.070000+00:00,,isc,3447002.0,BHUJ2,BHUJ2,BHUJ2,4358047.0,BHUJ2,earthquake,2001,3,2000,4080.7886582175925,shallow
isc_3447018,23.495,70.371,27.8,2.1,ML,Southern India,,,,,,,,,2001-03-04 19:45:37.800000+00:00,,isc,3447018.0,BHUJ2,BHUJ2,BHUJ2,4358055.0,BHUJ2,earthquake,2001,3,2000,4080.823354166667,shallow
isc_3447032,23.406,70.412,25.5,2.2,ML,Southern India,,,,,,,,,2001-03-04 20:20:04.300000+00:00,,isc,3447032.0,BHUJ2,BHUJ2,BHUJ2,4358062.0,BHUJ2,earthquake,2001,3,2000,4080.847271990741,shallow
isc_3447192,23.367,70.351,33.9,2.1,ML,Southern India,,,,,,,,,2001-03-05 04:29:18.620000+00:00,,isc,3447192.0,BHUJ2,BHUJ2,BHUJ2,4358142.0,BHUJ2,earthquake,2001,3,2000,4081.187021064815,shallow
isc_3447194,23.914,70.773,10.0,2.8,ML,Southern India,,,,,,,,,2001-03-05 04:56:22.100000+00:00,,isc,3447194.0,NDI,NDI,NDI,4494972.0,NDI,earthquake,2001,3,2000,4081.205811342593,shallow
isc_3447226,23.853,70.373,41.1,2.9,ML,Southern India,,,,,,,,,2001-03-05 06:29:51.500000+00:00,,isc,3447226.0,NDI,NDI,NDI,4494973.0,NDI,earthquake,2001,3,2000,4081.2707349537036,shallow
isc_3447312,23.346,70.208,37.5,3.5,ML,Southern India,,,,,,,,,2001-03-05 12:55:23.190000+00:00,,isc,3447312.0,BHUJ2,BHUJ2,BHUJ2,4358202.0,NDI,earthquake,2001,3,2000,4081.538462847222,shallow
isc_3447338,23.503,70.98,38.7,3.2,ML,Southern India,,,,,,,,,2001-03-05 15:08:10.400000+00:00,,isc,3447338.0,NDI,NDI,NDI,4494978.0,NDI,earthquake,2001,3,2000,4081.6306759259255,shallow
isc_3447418,23.425,70.151,33.0,2.0,ML,Southern India,,,,,,,,,2001-03-05 22:25:54.280000+00:00,,isc,3447418.0,BHUJ2,BHUJ2,BHUJ2,4358255.0,BHUJ2,earthquake,2001,3,2000,4081.934656018518,shallow
isc_3447442,23.497,70.142,33.8,2.2,ML,Southern India,,,,,,,,,2001-03-05 23:46:00.620000+00:00,,isc,3447442.0,BHUJ2,BHUJ2,BHUJ2,4358267.0,BHUJ2,earthquake,2001,3,2000,4081.990284953704,shallow
isc_3447448,23.53,70.317,20.8,2.0,ML,Southern India,,,,,,,,,2001-03-06 00:02:37.150000+00:00,,isc,3447448.0,BHUJ2,BHUJ2,BHUJ2,4358270.0,BHUJ2,earthquake,2001,3,2000,4082.0018188657405,shallow
isc_3447496,23.46,70.166,29.0,2.1,ML,Southern India,,,,,,,,,2001-03-06 05:00:04.200000+00:00,,isc,3447496.0,BHUJ2,BHUJ2,BHUJ2,4358294.0,BHUJ2,earthquake,2001,3,2000,4082.208381944444,shallow
isc_3625275,23.757,70.074,15.0,2.7,ML,Southern India,,,,,,,,,2001-03-06 07:31:42.500000+00:00,,isc,3625275.0,NDI,NDI,NDI,4494991.0,NDI,earthquake,2001,3,2000,4082.3136863425925,shallow
isc_3625282,23.727,70.331,15.0,3.2,ML,Southern India,,,,,,,,,2001-03-06 17:23:23.700000+00:00,,isc,3625282.0,NDI,NDI,NDI,4494996.0,NDI,earthquake,2001,3,2000,4082.724579861111,shallow
isc_3625288,23.317,70.427,15.0,2.9,ML,Southern India,,,,,,,,,2001-03-06 20:27:55.300000+00:00,,isc,3625288.0,NDI,NDI,NDI,4494999.0,NDI,earthquake,2001,3,2000,4082.85272337963,shallow
isc_3625292,23.384,70.214,18.1,3.6,ML,Southern India,,,,,,,,,2001-03-07 01:34:16.400000+00:00,,isc,3625292.0,NDI,NDI,NDI,4495001.0,NDI,earthquake,2001,3,2000,4083.0654675925925,shallow
isc_3625296,22.671,70.436,41.0,3.2,ML,Southern India,,,,,,,,,2001-03-07 06:04:32.900000+00:00,,isc,3625296.0,NDI,NDI,NDI,4495004.0,NDI,earthquake,2001,3,2000,4083.2531585648144,shallow
isc_3625299,23.594,70.42,15.0,2.9,ML,Southern India,,,,,,,,,2001-03-07 09:40:14.400000+00:00,,isc,3625299.0,NDI,NDI,NDI,4495006.0,NDI,earthquake,2001,3,2000,4083.402944444444,shallow
isc_3625303,22.723,70.586,40.8,2.9,ML,Southern India,,,,,,,,,2001-03-07 13:11:25.500000+00:00,,isc,3625303.0,NDI,NDI,NDI,4495008.0,NDI,earthquake,2001,3,2000,4083.5496006944445,shallow
isc_3625305,23.343,70.04,15.0,3.2,ML,Southern India,,,,,,,,,2001-03-07 19:52:14.900000+00:00,,isc,3625305.0,NDI,NDI,NDI,4495009.0,NDI,earthquake,2001,3,2000,4083.8279502314813,shallow
isc_3625307,23.108,70.594,15.0,3.1,ML,Southern India,,,,,,,,,2001-03-07 20:28:04.800000+00:00,,isc,3625307.0,NDI,NDI,NDI,4495010.0,NDI,earthquake,2001,3,2000,4083.8528333333334,shallow
isc_3625309,23.064,70.182,10.0,3.4,ML,Southern India,,,,,,,,,2001-03-07 21:23:38.600000+00:00,,isc,3625309.0,NDI,NDI,NDI,4495011.0,NDI,earthquake,2001,3,2000,4083.891418981482,shallow
usp000ab35,23.483,70.172,10.0,4.4,mb,"26 km NW of Bhach?u, India",earthquake,reviewed,us,17.0,,1.23,,https://earthquake.usgs.gov/earthquakes/eventpage/usp000ab35,2001-03-08 02:56:17.970000+00:00,2014-11-07 01:12:19.440000+00:00,usgs,,,,,,,,2001,3,2000,4084.1224302083338,shallow
isc_3625326,23.578,70.289,15.0,3.1,ML,Southern India,,,,,,,,,2001-03-08 09:48:49.100000+00:00,,isc,3625326.0,NDI,NDI,NDI,4495024.0,NDI,earthquake,2001,3,2000,4084.4089016203707,shallow
isc_3625332,23.375,70.122,15.0,3.3,ML,Southern India,,,,,,,,,2001-03-08 10:32:02.400000+00:00,,isc,3625332.0,NDI,NDI,NDI,4495027.0,NDI,earthquake,2001,3,2000,4084.4389166666665,shallow
isc_3625343,23.382,70.341,22.6,3.5,ML,Southern India,,,,,,,,,2001-03-09 03:05:05.600000+00:00,,isc,3625343.0,NDI,NDI,NDI,4495036.0,NDI,earthquake,2001,3,2000,4085.1285370370374,shallow
isc_3625345,23.722,70.01,15.0,3.3,ML,Southern India,,,,,,,,,2001-03-09 05:01:19.900000+00:00,,isc,3625345.0,NDI,NDI,NDI,4495037.0,NDI,earthquake,2001,3,2000,4085.2092581018514,shallow
isc_3625347,23.204,70.847,39.0,3.1,ML,Southern India,,,,,,,,,2001-03-09 10:36:54.800000+00:00,,isc,3625347.0,NDI,NDI,NDI,4495038.0,NDI,earthquake,2001,3,2000,4085.4423009259262,shallow
usp000ab57,23.622,70.072,10.0,4.2,mb,"45 km NW of Bhach?u, India",earthquake,reviewed,us,9.0,,0.81,,https://earthquake.usgs.gov/earthquakes/eventpage/usp000ab57,2001-03-09 12:40:54.310000+00:00,2014-11-07 01:12:19.708000+00:00,usgs,,,,,,,,2001,3,2000,4085.528406365741,shallow
isc_2937949,23.3487,70.6218,15.0,3.76,mb,Southern India,,,,,,,,,2001-03-09 17:28:53.012000+00:00,,isc,2937949.0,ISC,ISC,ISC,4582041.0,ISC,earthquake,2001,3,2000,4085.7283913425927,shallow
isc_3625354,23.653,70.302,15.0,2.9,ML,Southern India,,,,,,,,,2001-03-10 03:22:30.400000+00:00,,isc,3625354.0,NDI,NDI,NDI,4495046.0,NDI,earthquake,2001,3,2000,4086.1406296296295,shallow
isc_3625361,23.721,70.003,15.0,3.6,ML,Southern India,,,,,,,,,2001-03-10 10:28:01.900000+00:00,,isc,3625361.0,NDI,NDI,NDI,4495051.0,NDI,earthquake,2001,3,2000,4086.4361331018517,shallow
isc_3625368,23.388,70.32,26.3,3.0,ML,Southern India,,,,,,,,,2001-03-10 16:36:35.400000+00:00,,isc,3625368.0,NDI,NDI,NDI,4495055.0,NDI,earthquake,2001,3,2000,4086.692076388889,shallow
isc_3625370,23.014,70.441,15.0,3.1,ML,Southern India,,,,,,,,,2001-03-10 17:33:42.100000+00:00,,isc,3625370.0,NDI,NDI,NDI,4495056.0,NDI,earthquake,2001,3,2000,4086.731737268519,shallow
isc_3625372,23.14,71.052,39.1,2.7,ML,Southern India,,,,,,,,,2001-03-10 19:21:24.800000+00:00,,isc,3625372.0,NDI,NDI,NDI,4495057.0,NDI,earthquake,2001,3,2000,4086.8065370370373,shallow
isc_3625374,23.538,70.207,15.0,3.3,ML,Southern India,,,,,,,,,2001-03-10 19:26:22.700000+00:00,,isc,3625374.0,NDI,NDI,NDI,4495058.0,NDI,earthquake,2001,3,2000,4086.8099849537034,shallow
isc_3625377,23.292,70.781,15.0,3.1,ML,Southern India,,,,,,,,,2001-03-10 21:47:48.400000+00:00,,isc,3625377.0,NDI,NDI,NDI,4495061.0,NDI,earthquake,2001,3,2000,4086.9081990740738,shallow
isc_3625379,23.145,70.513,15.0,3.2,ML,Southern India,,,,,,,,,2001-03-10 21:54:49.200000+00:00,,isc,3625379.0,NDI,NDI,NDI,4495062.0,NDI,earthquake,2001,3,2000,4086.9130694444443,shallow
isc_3625384,23.554,70.061,20.0,3.5,ML,Southern India,,,,,,,,,2001-03-11 01:29:12.700000+00:00,,isc,3625384.0,NDI,NDI,NDI,4495065.0,NDI,earthquake,2001,3,2000,4087.061952546296,shallow
isc_3625386,23.703,70.025,14.8,3.1,ML,Southern India,,,,,,,,,2001-03-11 01:56:27.400000+00:00,,isc,3625386.0,NDI,NDI,NDI,4495066.0,NDI,earthquake,2001,3,2000,4087.080872685185,shallow
isc_3016184,23.4303,70.3033,15.0,4.07,mb,Southern India,,,,,,,,,2001-03-11 12:38:28.247000+00:00,,isc,3016184.0,ISC,ISC,ISC,4582213.0,ISC,earthquake,2001,3,2000,4087.526715821759,shallow
usp000ab7r,23.603,69.847,10.0,4.0,mb,"42 km NNE of Bhuj, India",earthquake,reviewed,us,11.0,,0.53,,https://earthquake.usgs.gov/earthquakes/eventpage/usp000ab7r,2001-03-11 12:38:28.550000+00:00,2014-11-07 01:12:20.004000+00:00,usgs,,,,,,,,2001,3,2000,4087.5267193287036,shallow
isc_3625390,22.67,70.3,15.0,3.0,ML,Southern India,,,,,,,,,2001-03-11 14:32:37.200000+00:00,,isc,3625390.0,NDI,NDI,NDI,4495069.0,NDI,earthquake,2001,3,2000,4087.605986111111,shallow
isc_3625392,23.043,70.715,25.0,2.7,ML,Southern India,,,,,,,,,2001-03-11 16:53:56.800000+00:00,,isc,3625392.0,NDI,NDI,NDI,4495070.0,NDI,earthquake,2001,3,2000,4087.7041296296297,shallow
isc_3625397,23.571,70.117,15.0,2.9,ML,Southern India,,,,,,,,,2001-03-11 20:32:43.900000+00:00,,isc,3625397.0,NDI,NDI,NDI,4495077.0,NDI,earthquake,2001,3,2000,4087.856063657407,shallow
isc_3625399,23.294,70.38,43.7,3.2,ML,Southern India,,,,,,,,,2001-03-11 23:40:55.500000+00:00,,isc,3625399.0,NDI,NDI,NDI,4495078.0,NDI,earthquake,2001,3,2000,4087.986753472222,shallow
isc_3625406,23.246,70.041,15.0,3.1,ML,Southern India,,,,,,,,,2001-03-12 14:47:29.100000+00:00,,isc,3625406.0,NDI,NDI,NDI,4495085.0,NDI,earthquake,2001,3,2000,4088.6163090277782,shallow
isc_3625408,23.408,70.23,16.8,3.5,ML,Southern India,,,,,,,,,2001-03-12 15:15:02.400000+00:00,,isc,3625408.0,NDI,NDI,NDI,4495086.0,NDI,earthquake,2001,3,2000,4088.635444444444,shallow
isc_3625414,23.401,70.053,15.0,3.1,ML,Southern India,,,,,,,,,2001-03-13 06:53:08.700000+00:00,,isc,3625414.0,NDI,NDI,NDI,4495091.0,NDI,earthquake,2001,3,2000,4089.28690625,shallow
isc_3625416,23.164,70.387,15.0,3.5,MD,Southern India,,,,,,,,,2001-03-13 09:32:36.300000+00:00,,isc,3625416.0,NDI,NDI,NDI,4495092.0,NDI,earthquake,2001,3,2000,4089.397642361111,shallow
usp000abay,23.5,70.128,10.0,3.7,mb,"31 km NW of Bhach?u, India",earthquake,reviewed,us,8.0,,0.76,,https://earthquake.usgs.gov/earthquakes/eventpage/usp000abay,2001-03-13 12:05:44.070000+00:00,2014-11-07 01:12:20.809000+00:00,usgs,,,,,,,,2001,3,2000,4089.5039822916665,shallow
isc_2043450,23.3533,70.4209,15.0,3.9,MW,Southern India,,,,,,,,,2001-03-13 12:05:46.042000+00:00,,isc,2043450.0,ISC,ISC,ISC,4582425.0,NDI,earthquake,2001,3,2000,4089.5040051157407,shallow
isc_2043458,23.4965,70.4293,15.0,4.3,MW,Southern India,,,,,,,,,2001-03-13 13:48:17.827000+00:00,,isc,2043458.0,ISC,ISC,ISC,4582436.0,NDI,earthquake,2001,3,2000,4089.5752063310188,shallow
isc_3625424,23.634,70.227,15.0,3.3,ML,Southern India,,,,,,,,,2001-03-13 22:22:29.300000+00:00,,isc,3625424.0,NDI,NDI,NDI,4495107.0,NDI,earthquake,2001,3,2000,4089.932283564815,shallow
isc_3625427,23.384,70.309,18.4,3.8,ML,Southern India,,,,,,,,,2001-03-14 09:05:57.700000+00:00,,isc,3625427.0,NDI,NDI,NDI,4495109.0,NDI,earthquake,2001,3,2000,4090.379140046296,shallow
usp000abcv,23.383,70.329,28.8,4.5,mb,"9 km N of Bhach?u, India",earthquake,reviewed,us,19.0,,1.21,,https://earthquake.usgs.gov/earthquakes/eventpage/usp000abcv,2001-03-14 10:42:08.380000+00:00,2020-09-18 18:17:02.831000+00:00,usgs,,,,,,,,2001,3,2000,4090.445930324074,shallow
isc_3625432,23.691,70.243,15.0,3.7,MD,Southern India,,,,,,,,,2001-03-14 18:24:20.600000+00:00,,isc,3625432.0,NDI,NDI,NDI,4495113.0,NDI,earthquake,2001,3,2000,4090.766905092593,shallow
usp000abdv,22.587,69.846,10.0,4.0,mb,"17 km N of Sikka, India",earthquake,reviewed,us,11.0,,1.32,,https://earthquake.usgs.gov/earthquakes/eventpage/usp000abdv,2001-03-14 23:49:04.990000+00:00,2014-11-07 01:12:21.163000+00:00,usgs,,,,,,,,2001,3,2000,4090.992418865741,shallow
isc_3016443,23.4086,70.515,15.0,3.8,mb,Southern India,,,,,,,,,2001-03-14 23:49:07.823000+00:00,,isc,3016443.0,ISC,ISC,ISC,4582590.0,ISC,earthquake,2001,3,2000,4090.9924516550927,shallow
isc_3625444,23.514,70.242,15.0,2.9,ML,Southern India,,,,,,,,,2001-03-15 12:34:47.600000+00:00,,isc,3625444.0,NDI,NDI,NDI,4495126.0,NDI,earthquake,2001,3,2000,4091.5241620370375,shallow
isc_3625456,23.512,70.218,2.0,3.6,ML,Southern India,,,,,,,,,2001-03-16 01:14:48.900000+00:00,,isc,3625456.0,NDI,NDI,NDI,4495133.0,NDI,earthquake,2001,3,2000,4092.051954861111,shallow
isc_3625460,23.95,70.147,15.0,3.1,ML,Southern India,,,,,,,,,2001-03-16 02:54:34.900000+00:00,,isc,3625460.0,NDI,NDI,NDI,4495135.0,NDI,earthquake,2001,3,2000,4092.121237268518,shallow
isc_3625472,23.531,70.024,2.3,3.6,ML,Southern India,,,,,,,,,2001-03-16 07:54:30.700000+00:00,,isc,3625472.0,NDI,NDI,NDI,4495142.0,NDI,earthquake,2001,3,2000,4092.3295219907404,shallow
isc_3625474,23.33,70.469,15.0,3.3,ML,Southern India,,,,,,,,,2001-03-16 15:25:14.700000+00:00,,isc,3625474.0,NDI,NDI,NDI,4495143.0,NDI,earthquake,2001,3,2000,4092.64253125,shallow
isc_3625477,23.392,70.358,11.4,3.2,ML,Southern India,,,,,,,,,2001-03-16 16:40:56.800000+00:00,,isc,3625477.0,NDI,NDI,NDI,4495145.0,NDI,earthquake,2001,3,2000,4092.695101851852,shallow
isc_3625479,23.275,70.378,15.0,3.2,ML,Southern India,,,,,,,,,2001-03-16 18:30:24.200000+00:00,,isc,3625479.0,NDI,NDI,NDI,4495146.0,NDI,earthquake,2001,3,2000,4092.7711134259257,shallow
isc_3625481,23.227,70.425,15.0,3.3,ML,Southern India,,,,,,,,,2001-03-16 19:00:36.200000+00:00,,isc,3625481.0,NDI,NDI,NDI,4495147.0,NDI,earthquake,2001,3,2000,4092.792085648148,shallow
isc_3625483,23.709,70.57,15.0,3.3,ML,Southern India,,,,,,,,,2001-03-16 20:23:30.500000+00:00,,isc,3625483.0,NDI,NDI,NDI,4495148.0,NDI,earthquake,2001,3,2000,4092.849658564815,shallow
isc_3625489,23.414,70.334,29.8,3.6,ML,Southern India,,,,,,,,,2001-03-17 06:36:22.300000+00:00,,isc,3625489.0,NDI,NDI,NDI,4495153.0,NDI,earthquake,2001,3,2000,4093.275258101852,shallow
isc_3625496,23.565,70.534,25.0,3.1,ML,Southern India,,,,,,,,,2001-03-17 11:29:36.400000+00:00,,isc,3625496.0,NDI,NDI,NDI,4495157.0,NDI,earthquake,2001,3,2000,4093.4788935185184,shallow
isc_3625500,23.449,70.009,9.0,3.4,ML,Southern India,,,,,,,,,2001-03-17 20:21:47.500000+00:00,,isc,3625500.0,NDI,NDI,NDI,4495162.0,NDI,earthquake,2001,3,2000,4093.8484664351854,shallow
isc_3272666,23.456,70.2687,15.0,3.73,mb,Southern India,,,,,,,,,2001-03-18 19:57:07.978000+00:00,,isc,3272666.0,ISC,ISC,ISC,4583088.0,ISC,earthquake,2001,3,2000,4094.8313423379627,shallow
isc_3625509,23.689,70.107,33.0,3.1,ML,Southern India,,,,,,,,,2001-03-18 21:23:03.200000+00:00,,isc,3625509.0,NDI,NDI,NDI,4495169.0,NDI,earthquake,2001,3,2000,4094.891009259259,shallow
isc_3625511,23.417,70.551,13.0,3.0,ML,Southern India,,,,,,,,,2001-03-18 21:33:16.800000+00:00,,isc,3625511.0,NDI,NDI,NDI,4495170.0,NDI,earthquake,2001,3,2000,4094.898111111111,shallow
isc_3625513,23.277,70.087,15.0,3.2,ML,Southern India,,,,,,,,,2001-03-18 21:59:45.500000+00:00,,isc,3625513.0,NDI,NDI,NDI,4495171.0,NDI,earthquake,2001,3,2000,4094.916498842593,shallow
isc_3625523,23.348,70.303,15.0,3.8,ML,Southern India,,,,,,,,,2001-03-19 16:17:41.200000+00:00,,isc,3625523.0,NDI,NDI,NDI,4495179.0,NDI,earthquake,2001,3,2000,4095.678949074074,shallow
usp000abrb,23.393,70.105,10.0,4.9,ms,"26 km WNW of Bhach?u, India",earthquake,reviewed,us,59.0,,1.11,,https://earthquake.usgs.gov/earthquakes/eventpage/usp000abrb,2001-03-19 20:06:48.330000+00:00,2020-09-18 18:18:04.954000+00:00,usgs,,,,,,,,2001,3,2000,4095.838059375,shallow
isc_1833442,23.5055,70.2488,15.0,4.7,MW,Southern India,,,,,,,,,2001-03-19 20:06:51.278000+00:00,,isc,1833442.0,ISC,ISC,ISC,4583210.0,NDI,earthquake,2001,3,2000,4095.8380934953702,shallow
isc_3625527,23.586,70.185,15.0,3.1,ML,Southern India,,,,,,,,,2001-03-19 20:31:02.700000+00:00,,isc,3625527.0,NDI,NDI,NDI,4495183.0,NDI,earthquake,2001,3,2000,4095.854892361111,shallow
isc_3625529,23.537,70.334,33.0,3.4,ML,Southern India,,,,,,,,,2001-03-20 00:28:56.300000+00:00,,isc,3625529.0,NDI,NDI,NDI,4495184.0,NDI,earthquake,2001,3,2000,4096.020096064815,shallow
isc_3625535,23.522,70.361,26.6,3.5,ML,Southern India,,,,,,,,,2001-03-20 11:53:46.800000+00:00,,isc,3625535.0,NDI,NDI,NDI,4495188.0,NDI,earthquake,2001,3,2000,4096.495680555556,shallow
isc_3625537,23.429,70.298,17.6,3.4,ML,Southern India,,,,,,,,,2001-03-20 15:10:43.700000+00:00,,isc,3625537.0,NDI,NDI,NDI,4495189.0,NDI,earthquake,2001,3,2000,4096.632450231481,shallow
isc_3625539,23.39,70.361,22.9,3.5,ML,Southern India,,,,,,,,,2001-03-20 18:12:09.700000+00:00,,isc,3625539.0,NDI,NDI,NDI,4495190.0,NDI,earthquake,2001,3,2000,4096.758445601852,shallow
isc_3625547,23.888,70.144,15.0,3.1,ML,Southern India,,,,,,,,,2001-03-21 07:33:23.400000+00:00,,isc,3625547.0,NDI,NDI,NDI,4495196.0,NDI,earthquake,2001,3,2000,4097.314854166666,shallow
isc_3625549,23.491,70.329,22.2,2.9,ML,Southern India,,,,,,,,,2001-03-21 10:33:54.600000+00:00,,isc,3625549.0,NDI,NDI,NDI,4495197.0,NDI,earthquake,2001,3,2000,4097.440215277778,shallow
isc_3625551,23.762,70.268,20.7,3.0,ML,Southern India,,,,,,,,,2001-03-21 13:00:06.600000+00:00,,isc,3625551.0,NDI,NDI,NDI,4495198.0,NDI,earthquake,2001,3,2000,4097.541743055556,shallow
isc_3625582,23.668,70.381,25.0,3.0,ML,Southern India,,,,,,,,,2001-03-23 09:06:07.300000+00:00,,isc,3625582.0,NDI,NDI,NDI,4495217.0,NDI,earthquake,2001,3,2000,4099.379251157407,shallow
isc_3625584,23.545,70.063,2.0,3.8,ML,Southern India,,,,,,,,,2001-03-23 10:01:25.100000+00:00,,isc,3625584.0,NDI,NDI,NDI,4495218.0,NDI,earthquake,2001,3,2000,4099.417651620371,shallow
isc_2939104,23.4238,70.5422,15.0,3.94,mb,Southern India,,,,,,,,,2001-03-24 01:13:49.099000+00:00,,isc,2939104.0,ISC,ISC,ISC,4583656.0,ISC,earthquake,2001,3,2000,4100.051262719907,shallow
isc_3625600,23.436,70.243,8.2,3.9,ML,Southern India,,,,,,,,,2001-03-24 08:22:33.300000+00:00,,isc,3625600.0,NDI,NDI,NDI,4495234.0,NDI,earthquake,2001,3,2000,4100.348996527778,shallow
isc_3625602,23.198,70.215,15.0,3.3,ML,Southern India,,,,,,,,,2001-03-24 12:29:21.500000+00:00,,isc,3625602.0,NDI,NDI,NDI,4495235.0,NDI,earthquake,2001,3,2000,4100.520387731482,shallow
isc_3625608,23.536,70.224,15.0,3.4,ML,Southern India,,,,,,,,,2001-03-25 00:05:40.500000+00:00,,isc,3625608.0,NDI,NDI,NDI,4495240.0,NDI,earthquake,2001,3,2000,4101.003940972222,shallow
isc_3625624,23.75,70.221,15.0,3.3,ML,Southern India,,,,,,,,,2001-03-25 10:35:58.600000+00:00,,isc,3625624.0,NDI,NDI,NDI,4495250.0,NDI,earthquake,2001,3,2000,4101.4416504629635,shallow
isc_3625628,23.767,70.127,33.0,3.0,ML,Southern India,,,,,,,,,2001-03-25 20:38:28.500000+00:00,,isc,3625628.0,NDI,NDI,NDI,4495252.0,NDI,earthquake,2001,3,2000,4101.860052083333,shallow
isc_3625635,23.376,70.441,7.5,3.1,ML,Southern India,,,,,,,,,2001-03-26 11:48:11.500000+00:00,,isc,3625635.0,NDI,NDI,NDI,4495256.0,NDI,earthquake,2001,3,2000,4102.491799768519,shallow
isc_3625638,23.144,70.141,15.0,3.1,MD,Southern India,,,,,,,,,2001-03-26 14:59:32.100000+00:00,,isc,3625638.0,NDI,NDI,NDI,4495259.0,NDI,earthquake,2001,3,2000,4102.624677083334,shallow
isc_3625640,23.277,70.336,30.4,3.5,ML,Southern India,,,,,,,,,2001-03-26 16:15:30.500000+00:00,,isc,3625640.0,NDI,NDI,NDI,4495260.0,NDI,earthquake,2001,3,2000,4102.677436342593,shallow
isc_3625646,23.579,70.268,17.8,3.3,ML,Southern India,,,,,,,,,2001-03-26 19:13:38.900000+00:00,,isc,3625646.0,NDI,NDI,NDI,4495263.0,NDI,earthquake,2001,3,2000,4102.801144675926,shallow
isc_3625650,23.426,70.639,15.0,3.2,ML,Southern India,,,,,,,,,2001-03-26 22:03:38.200000+00:00,,isc,3625650.0,NDI,NDI,NDI,4495265.0,NDI,earthquake,2001,3,2000,4102.91919212963,shallow
isc_3625652,23.546,70.497,17.0,3.5,ML,Southern India,,,,,,,,,2001-03-27 00:57:41.200000+00:00,,isc,3625652.0,NDI,NDI,NDI,4495266.0,NDI,earthquake,2001,3,2000,4103.040060185185,shallow
isc_3625655,23.331,70.218,15.0,2.7,ML,Southern India,,,,,,,,,2001-03-27 13:08:29.900000+00:00,,isc,3625655.0,NDI,NDI,NDI,4495269.0,NDI,earthquake,2001,3,2000,4103.5475682870365,shallow
isc_3625659,23.285,70.454,15.0,3.2,ML,Southern India,,,,,,,,,2001-03-27 19:24:59.400000+00:00,,isc,3625659.0,NDI,NDI,NDI,4495271.0,NDI,earthquake,2001,3,2000,4103.809020833333,shallow
isc_3625661,23.603,70.175,15.0,3.3,ML,Southern India,,,,,,,,,2001-03-27 20:38:06.100000+00:00,,isc,3625661.0,NDI,NDI,NDI,4495272.0,NDI,earthquake,2001,3,2000,4103.859792824074,shallow
isc_3625678,23.458,70.351,15.0,3.5,ML,Southern India,,,,,,,,,2001-03-28 18:49:50.900000+00:00,,isc,3625678.0,NDI,NDI,NDI,4495284.0,NDI,earthquake,2001,3,2000,4104.784616898148,shallow
isc_3625698,23.739,71.037,15.0,3.1,ML,Southern India,,,,,,,,,2001-03-30 13:47:59.500000+00:00,,isc,3625698.0,NDI,NDI,NDI,4495305.0,NDI,earthquake,2001,3,2000,4106.574994212963,shallow
isc_3625717,23.584,70.323,15.0,3.2,ML,Southern India,,,,,,,,,2001-03-31 21:04:03.600000+00:00,,isc,3625717.0,NDI,NDI,NDI,4495319.0,NDI,earthquake,2001,3,2000,4107.877819444445,shallow
isc_3625721,23.394,70.125,15.0,3.3,ML,Southern India,,,,,,,,,2001-03-31 22:59:51.300000+00:00,,isc,3625721.0,NDI,NDI,NDI,4495321.0,NDI,earthquake,2001,3,2000,4107.958232638889,shallow
isc_3660900,23.496,70.319,15.0,3.4,ML,Southern India,,,,,,,,,2001-04-01 00:17:04.900000+00:00,,isc,3660900.0,NDI,NDI,NDI,4532299.0,NDI,earthquake,2001,4,2000,4108.011862268519,shallow
usp000acc3,23.47,70.5,17.9,4.6,mb,"18 km SW of R?par, India",earthquake,reviewed,us,26.0,,1.0,,https://earthquake.usgs.gov/earthquakes/eventpage/usp000acc3,2001-04-01 08:56:50.920000+00:00,2020-09-18 18:18:36.642000+00:00,usgs,,,,,,,,2001,4,2000,4108.372811574074,shallow
isc_3660909,23.279,70.17,14.0,3.4,ML,Southern India,,,,,,,,,2001-04-02 03:56:46.100000+00:00,,isc,3660909.0,NDI,NDI,NDI,4532309.0,NDI,earthquake,2001,4,2000,4109.164422453704,shallow
isc_3660912,23.105,70.332,15.0,3.0,ML,Southern India,,,,,,,,,2001-04-02 08:26:51.100000+00:00,,isc,3660912.0,NDI,NDI,NDI,4532311.0,NDI,earthquake,2001,4,2000,4109.351980324074,shallow
isc_3660916,23.762,70.151,26.0,3.2,ML,Southern India,,,,,,,,,2001-04-02 10:49:18.700000+00:00,,isc,3660916.0,NDI,NDI,NDI,4532313.0,NDI,earthquake,2001,4,2000,4109.450910879629,shallow
isc_3660922,23.408,70.011,10.0,3.4,ML,Southern India,,,,,,,,,2001-04-02 18:22:44.100000+00:00,,isc,3660922.0,NDI,NDI,NDI,4532316.0,NDI,earthquake,2001,4,2000,4109.765788194445,shallow
isc_3660929,23.429,70.306,14.8,3.6,ML,Southern India,,,,,,,,,2001-04-03 02:54:50.400000+00:00,,isc,3660929.0,NDI,NDI,NDI,4532324.0,NDI,earthquake,2001,4,2000,4110.121416666666,shallow
isc_3660933,23.492,70.411,41.8,3.5,ML,Southern India,,,,,,,,,2001-04-03 07:55:41.900000+00:00,,isc,3660933.0,NDI,NDI,NDI,4532326.0,NDI,earthquake,2001,4,2000,4110.330346064815,shallow
isc_3660940,23.345,70.578,15.0,2.6,ML,Southern India,,,,,,,,,2001-04-03 15:27:46.100000+00:00,,isc,3660940.0,NDI,NDI,NDI,4532339.0,NDI,earthquake,2001,4,2000,4110.644283564815,shallow
isc_3660945,23.369,70.123,38.7,3.2,ML,Southern India,,,,,,,,,2001-04-03 19:57:20.900000+00:00,,isc,3660945.0,NDI,NDI,NDI,4532342.0,NDI,earthquake,2001,4,2000,4110.831491898148,shallow
isc_3660947,23.381,70.485,15.0,2.7,ML,Southern India,,,,,,,,,2001-04-03 21:03:54.900000+00:00,,isc,3660947.0,NDI,NDI,NDI,4532343.0,NDI,earthquake,2001,4,2000,4110.87771875,shallow
isc_3660950,23.339,70.447,5.6,2.3,ML,Southern India,,,,,,,,,2001-04-03 22:05:29.400000+00:00,,isc,3660950.0,NDI,NDI,NDI,4532345.0,NDI,earthquake,2001,4,2000,4110.920479166666,shallow
isc_3660973,23.45,70.408,15.0,2.7,ML,Southern India,,,,,,,,,2001-04-04 20:17:42.600000+00:00,,isc,3660973.0,NDI,NDI,NDI,4532362.0,NDI,earthquake,2001,4,2000,4111.845631944445,shallow
isc_3660992,23.335,70.294,15.0,3.5,ML,Southern India,,,,,,,,,2001-04-06 03:29:12.700000+00:00,,isc,3660992.0,NDI,NDI,NDI,4532374.0,NDI,earthquake,2001,4,2000,4113.145285879629,shallow
isc_3661003,23.528,70.476,15.0,3.2,ML,Southern India,,,,,,,,,2001-04-07 01:42:55.700000+00:00,,isc,3661003.0,NDI,NDI,NDI,4532383.0,NDI,earthquake,2001,4,2000,4114.071478009259,shallow
isc_3661008,23.477,70.474,25.2,3.6,ML,Southern India,,,,,,,,,2001-04-07 04:51:16.800000+00:00,,isc,3661008.0,NDI,NDI,NDI,4532386.0,NDI,earthquake,2001,4,2000,4114.202277777778,shallow
isc_3661040,23.393,70.196,6.9,4.1,ML,Southern India,,,,,,,,,2001-04-08 12:15:30.100000+00:00,,isc,3661040.0,NDI,NDI,NDI,4532404.0,NDI,earthquake,2001,4,2000,4115.510765046297,shallow
isc_3661063,23.311,70.613,15.0,3.2,ML,Southern India,,,,,,,,,2001-04-10 13:34:42.900000+00:00,,isc,3661063.0,NDI,NDI,NDI,4532427.0,NDI,earthquake,2001,4,2000,4117.565774305555,shallow
isc_3018841,23.5878,70.5391,15.0,4.33,mb,Southern India,,,,,,,,,2001-04-11 01:17:59.571000+00:00,,isc,3018841.0,ISC,ISC,ISC,4611460.0,ISC,earthquake,2001,4,2000,4118.054161701389,shallow
isc_3661083,23.508,70.136,5.0,3.7,ML,Southern India,,,,,,,,,2001-04-12 09:38:15.800000+00:00,,isc,3661083.0,NDI,NDI,NDI,4532444.0,NDI,earthquake,2001,4,2000,4119.401571759259,shallow
usp000ad3s,23.773,70.75,10.0,4.1,mb,"24 km NNE of R?par, India",earthquake,reviewed,us,18.0,,1.06,,https://earthquake.usgs.gov/earthquakes/eventpage/usp000ad3s,2001-04-12 17:24:27.550000+00:00,2014-11-07 01:12:34.283000+00:00,usgs,,,,,,,,2001,4,2000,4119.7253188657405,shallow
isc_2972787,23.4239,70.6095,15.0,4.0,MW,Southern India,,,,,,,,,2001-04-12 17:24:29.337000+00:00,,isc,2972787.0,ISC,ISC,ISC,4611663.0,NDI,earthquake,2001,4,2000,4119.725339548611,shallow
isc_3019313,23.5677,70.4398,15.0,3.89,mb,Southern India,,,,,,,,,2001-04-15 12:18:20.813000+00:00,,isc,3019313.0,ISC,ISC,ISC,4611944.0,ISC,earthquake,2001,4,2000,4122.512740891204,shallow
isc_3661134,23.206,70.219,15.0,3.0,ML,Southern India,,,,,,,,,2001-04-16 08:13:19.400000+00:00,,isc,3661134.0,NDI,NDI,NDI,4532491.0,NDI,earthquake,2001,4,2000,4123.342585648148,shallow
usp000adcc,23.464,70.098,10.0,4.1,mb,"31 km NW of Bhach?u, India",earthquake,reviewed,us,10.0,,1.07,,https://earthquake.usgs.gov/earthquakes/eventpage/usp000adcc,2001-04-16 14:25:59.300000+00:00,2014-11-07 01:12:35.270000+00:00,usgs,,,,,,,,2001,4,2000,4123.601380787037,shallow
isc_2045659,23.6089,70.2992,15.0,3.9,mb,Southern India,,,,,,,,,2001-04-16 14:26:02.784000+00:00,,isc,2045659.0,ISC,ISC,ISC,4612055.0,ISC,earthquake,2001,4,2000,4123.6014211111105,shallow
usp000adeg,23.045,70.521,10.0,4.2,mb,"31 km E of K?ndla, India",earthquake,reviewed,us,9.0,,1.42,,https://earthquake.usgs.gov/earthquakes/eventpage/usp000adeg,2001-04-17 11:29:52.780000+00:00,2014-11-07 01:12:35.529000+00:00,usgs,,,,,,,,2001,4,2000,4124.479083101852,shallow
isc_3019524,23.5261,70.6549,16.1,3.98,mb,Southern India,,,,,,,,,2001-04-17 11:29:53.278000+00:00,,isc,3019524.0,ISC,ISC,ISC,4612133.0,ISC,earthquake,2001,4,2000,4124.479088865741,shallow
isc_3661153,23.732,70.384,15.0,3.2,ML,Southern India,,,,,,,,,2001-04-17 12:41:39.800000+00:00,,isc,3661153.0,NDI,NDI,NDI,4532513.0,NDI,earthquake,2001,4,2000,4124.52893287037,shallow
isc_3661155,23.351,70.254,33.0,3.5,ML,Southern India,,,,,,,,,2001-04-17 13:11:41.600000+00:00,,isc,3661155.0,NDI,NDI,NDI,4532514.0,NDI,earthquake,2001,4,2000,4124.549787037037,shallow
isc_3661159,23.564,70.34,15.0,3.2,ML,Southern India,,,,,,,,,2001-04-17 18:18:24.600000+00:00,,isc,3661159.0,NDI,NDI,NDI,4532516.0,NDI,earthquake,2001,4,2000,4124.762784722223,shallow
isc_3276351,23.2562,70.2973,10.0,3.89,mb,Southern India,,,,,,,,,2001-04-21 01:22:20.863000+00:00,,isc,3276351.0,ISC,ISC,ISC,4612507.0,ISC,earthquake,2001,4,2000,4128.057185914352,shallow
isc_3661213,23.192,70.257,15.0,3.7,MW,Southern India,,,,,,,,,2001-04-21 01:43:13.800000+00:00,,isc,3661213.0,NDI,NDI,NDI,4532563.0,NDI,earthquake,2001,4,2000,4128.0716875,shallow
isc_3661229,22.997,70.305,20.4,3.5,ML,Southern India,,,,,,,,,2001-04-23 05:44:13.300000+00:00,,isc,3661229.0,NDI,NDI,NDI,4532577.0,NDI,earthquake,2001,4,2000,4130.239042824074,shallow
isc_3661233,23.423,70.227,15.0,3.3,ML,Southern India,,,,,,,,,2001-04-23 07:40:38.200000+00:00,,isc,3661233.0,NDI,NDI,NDI,4532579.0,NDI,earthquake,2001,4,2000,4130.319886574074,shallow
usp000advu,23.377,70.162,10.0,4.1,mb,"20 km WNW of Bhach?u, India",earthquake,reviewed,us,8.0,,0.54,,https://earthquake.usgs.gov/earthquakes/eventpage/usp000advu,2001-04-24 06:05:45.110000+00:00,2014-11-07 01:12:37.725000+00:00,usgs,,,,,,,,2001,4,2000,4131.253994328704,shallow
isc_2973031,23.3783,70.4305,12.3,3.88,mb,Southern India,,,,,,,,,2001-04-24 06:05:46.413000+00:00,,isc,2973031.0,ISC,ISC,ISC,4612774.0,ISC,earthquake,2001,4,2000,4131.254009409722,shallow
usp000adzg,23.52,70.548,10.0,4.2,mb,"Gujarat, India",earthquake,reviewed,us,35.0,,1.13,,https://earthquake.usgs.gov/earthquakes/eventpage/usp000adzg,2001-04-26 09:00:23.200000+00:00,2014-11-07 01:12:38.210000+00:00,usgs,,,,,,,,2001,4,2000,4133.375268518518,shallow
isc_3661281,23.66,70.091,35.8,3.7,ML,Southern India,,,,,,,,,2001-04-26 21:17:11.500000+00:00,,isc,3661281.0,NDI,NDI,NDI,4532617.0,NDI,earthquake,2001,4,2000,4133.886938657407,shallow
isc_3277179,23.2028,70.0217,26.0,3.74,mb,Southern India,,,,,,,,,2001-04-28 11:23:56.694000+00:00,,isc,3277179.0,ISC,ISC,ISC,4613138.0,ISC,earthquake,2001,4,2000,4135.474961736111,shallow
isc_3661304,23.501,70.064,20.3,3.1,ML,Southern India,,,,,,,,,2001-04-28 23:33:09.600000+00:00,,isc,3661304.0,NDI,NDI,NDI,4532639.0,NDI,earthquake,2001,4,2000,4135.981361111111,shallow
isc_3715885,23.408,70.183,7.1,3.6,ML,Southern India,,,,,,,,,2001-05-01 03:44:29.300000+00:00,,isc,3715885.0,NDI,NDI,NDI,4579959.0,NDI,earthquake,2001,5,2000,4138.155894675926,shallow
isc_3715889,23.558,70.121,20.3,3.3,ML,Southern India,,,,,,,,,2001-05-01 19:03:21.600000+00:00,,isc,3715889.0,NDI,NDI,NDI,4579962.0,NDI,earthquake,2001,5,2000,4138.794,shallow
isc_3715913,23.521,70.186,5.0,3.2,ML,Southern India,,,,,,,,,2001-05-05 02:26:59.600000+00:00,,isc,3715913.0,NDI,NDI,NDI,4579983.0,NDI,earthquake,2001,5,2000,4142.102078703704,shallow
usp000aegr,23.406,70.092,10.0,4.7,mb,"28 km WNW of Bhach?u, India",earthquake,reviewed,us,16.0,,1.39,,https://earthquake.usgs.gov/earthquakes/eventpage/usp000aegr,2001-05-06 07:42:32.070000+00:00,2020-09-18 18:20:59.011000+00:00,usgs,,,,,,,,2001,5,2000,4143.321204513889,shallow
isc_1893263,23.4129,70.3174,15.0,4.16,mb,Southern India,,,,,,,,,2001-05-06 07:42:32.793000+00:00,,isc,1893263.0,ISC,ISC,ISC,4658643.0,ISC,earthquake,2001,5,2000,4143.321212881944,shallow
usp000aehq,23.462,70.049,10.0,4.7,mb,"35 km WNW of Bhach?u, India",earthquake,reviewed,us,18.0,,0.86,,https://earthquake.usgs.gov/earthquakes/eventpage/usp000aehq,2001-05-06 22:58:51.270000+00:00,2020-09-18 18:21:07.543000+00:00,usgs,,,,,,,,2001,5,2000,4143.957537847222,shallow
usp000aejz,23.122,70.223,10.0,3.7,mb,"9 km N of K?ndla, India",earthquake,reviewed,us,14.0,,1.21,,https://earthquake.usgs.gov/earthquakes/eventpage/usp000aejz,2001-05-07 16:44:04.740000+00:00,2014-11-07 01:12:46.335000+00:00,usgs,,,,,,,,2001,5,2000,4144.697277083334,shallow
isc_3150648,23.1156,70.0475,26.0,3.8,mb,Southern India,,,,,,,,,2001-05-07 16:44:07.774000+00:00,,isc,3150648.0,ISC,ISC,ISC,4658751.0,ISC,earthquake,2001,5,2000,4144.697312199074,shallow
isc_3715959,23.584,70.266,5.0,3.0,ML,Southern India,,,,,,,,,2001-05-09 13:00:58.300000+00:00,,isc,3715959.0,NDI,NDI,NDI,4580023.0,NDI,earthquake,2001,5,2000,4146.542341435185,shallow
usp000aeve,23.376,70.213,10.0,4.4,mb,"15 km WNW of Bhach?u, India",earthquake,reviewed,us,21.0,,1.02,,https://earthquake.usgs.gov/earthquakes/eventpage/usp000aeve,2001-05-13 04:05:40.220000+00:00,2014-11-07 01:12:47.496000+00:00,usgs,,,,,,,,2001,5,2000,4150.1706043981485,shallow
isc_1907922,23.3369,70.4231,15.0,4.3,MW,Southern India,,,,,,,,,2001-05-13 04:05:42.660000+00:00,,isc,1907922.0,ISC,ISC,ISC,4659287.0,NDI,earthquake,2001,5,2000,4150.170632638889,shallow
isc_3716008,23.532,70.122,14.3,3.5,ML,Southern India,,,,,,,,,2001-05-13 11:30:14.600000+00:00,,isc,3716008.0,NDI,NDI,NDI,4580063.0,NDI,earthquake,2001,5,2000,4150.479335648149,shallow
isc_3716010,23.454,70.049,5.0,3.1,ML,Southern India,,,,,,,,,2001-05-13 22:51:11.600000+00:00,,isc,3716010.0,NDI,NDI,NDI,4580064.0,NDI,earthquake,2001,5,2000,4150.952217592593,shallow
isc_3716017,23.28,70.168,11.3,3.3,ML,Southern India,,,,,,,,,2001-05-15 09:24:39.500000+00:00,,isc,3716017.0,NDI,NDI,NDI,4580069.0,NDI,earthquake,2001,5,2000,4152.392123842593,shallow
isc_3716023,23.561,70.064,19.7,3.2,ML,Southern India,,,,,,,,,2001-05-15 17:48:11.600000+00:00,,isc,3716023.0,NDI,NDI,NDI,4580080.0,NDI,earthquake,2001,5,2000,4152.741800925926,shallow
isc_3716029,23.473,70.097,10.9,3.0,ML,Southern India,,,,,,,,,2001-05-16 10:06:25.800000+00:00,,isc,3716029.0,NDI,NDI,NDI,4580085.0,NDI,earthquake,2001,5,2000,4153.421131944445,shallow
isc_3151558,23.4882,70.0991,15.0,3.78,mb,Southern India,,,,,,,,,2001-05-17 12:26:03.082000+00:00,,isc,3151558.0,ISC,ISC,ISC,4659652.0,ISC,earthquake,2001,5,2000,4154.518091226852,shallow
isc_3716040,23.562,70.268,25.0,3.8,ML,Southern India,,,,,,,,,2001-05-17 13:15:08.500000+00:00,,isc,3716040.0,NDI,NDI,NDI,4580095.0,NDI,earthquake,2001,5,2000,4154.552181712963,shallow
isc_3716043,23.42,70.038,17.6,3.0,MD,Southern India,,,,,,,,,2001-05-17 21:49:43.900000+00:00,,isc,3716043.0,NDI,NDI,NDI,4580098.0,NDI,earthquake,2001,5,2000,4154.909535879629,shallow
isc_3716052,23.594,70.434,21.4,3.1,ML,Southern India,,,,,,,,,2001-05-18 20:38:03.800000+00:00,,isc,3716052.0,NDI,NDI,NDI,4580104.0,NDI,earthquake,2001,5,2000,4155.859766203704,shallow
isc_3716078,23.011,70.269,15.0,3.0,MD,Southern India,,,,,,,,,2001-05-22 16:43:03.400000+00:00,,isc,3716078.0,NDI,NDI,NDI,4580125.0,NDI,earthquake,2001,5,2000,4159.696567129629,shallow
isc_3716106,23.227,70.178,15.0,3.2,MD,Southern India,,,,,,,,,2001-05-25 16:45:16.800000+00:00,,isc,3716106.0,NDI,NDI,NDI,4580153.0,NDI,earthquake,2001,5,2000,4162.698111111111,shallow
isc_3716110,23.534,70.253,15.0,3.1,MD,Southern India,,,,,,,,,2001-05-26 02:32:11.100000+00:00,,isc,3716110.0,NDI,NDI,NDI,4580155.0,NDI,earthquake,2001,5,2000,4163.105684027778,shallow
isc_3716119,23.437,70.073,15.3,3.8,MD,Southern India,,,,,,,,,2001-05-27 10:19:02.900000+00:00,,isc,3716119.0,NDI,NDI,NDI,4580167.0,NDI,earthquake,2001,5,2000,4164.429894675925,shallow
isc_3716137,23.313,70.444,15.0,3.0,MD,Southern India,,,,,,,,,2001-05-29 14:35:02.600000+00:00,,isc,3716137.0,NDI,NDI,NDI,4580179.0,NDI,earthquake,2001,5,2000,4166.607668981482,shallow
isc_3736316,23.262,70.91,20.4,2.7,ML,Southern India,,,,,,,,,2001-06-01 15:08:27.400000+00:00,,isc,3736316.0,NDI,NDI,NDI,4602632.0,NDI,earthquake,2001,6,2000,4169.630872685185,shallow
isc_3736339,23.387,70.377,15.0,3.0,ML,Southern India,,,,,,,,,2001-06-03 07:09:40.900000+00:00,,isc,3736339.0,NDI,NDI,NDI,4602653.0,NDI,earthquake,2001,6,2000,4171.298390046296,shallow
isc_3736341,23.082,70.459,15.0,3.1,ML,Southern India,,,,,,,,,2001-06-03 11:49:20.700000+00:00,,isc,3736341.0,NDI,NDI,NDI,4602654.0,NDI,earthquake,2001,6,2000,4171.492600694444,shallow
isc_3736351,23.514,70.202,15.0,3.2,MD,Southern India,,,,,,,,,2001-06-04 14:39:03.800000+00:00,,isc,3736351.0,NDI,NDI,NDI,4602662.0,NDI,earthquake,2001,6,2000,4172.610460648149,shallow
isc_3736357,23.455,70.141,5.0,3.3,ML,Southern India,,,,,,,,,2001-06-05 01:15:14.800000+00:00,,isc,3736357.0,NDI,NDI,NDI,4602667.0,NDI,earthquake,2001,6,2000,4173.05225462963,shallow
isc_3321491,23.1368,70.4949,20.0,3.28,MS,Southern India,,,,,,,,,2001-06-06 06:18:54.494000+00:00,,isc,3321491.0,ISC,ISC,ISC,4733887.0,ISC,earthquake,2001,6,2000,4174.2631307175925,shallow
isc_3736369,23.434,70.169,8.1,3.3,ML,Southern India,,,,,,,,,2001-06-06 10:35:30.700000+00:00,,isc,3736369.0,NDI,NDI,NDI,4602677.0,NDI,earthquake,2001,6,2000,4174.441327546296,shallow
isc_3736371,23.081,70.219,19.2,3.4,ML,Southern India,,,,,,,,,2001-06-06 12:24:59.800000+00:00,,isc,3736371.0,NDI,NDI,NDI,4602678.0,NDI,earthquake,2001,6,2000,4174.517358796296,shallow
isc_3736377,23.482,70.144,5.1,3.3,ML,Southern India,,,,,,,,,2001-06-07 12:59:04.700000+00:00,,isc,3736377.0,NDI,NDI,NDI,4602683.0,NDI,earthquake,2001,6,2000,4175.54102662037,shallow
isc_3736396,23.092,70.371,5.0,3.2,ML,Southern India,,,,,,,,,2001-06-10 03:56:31.900000+00:00,,isc,3736396.0,NDI,NDI,NDI,4602698.0,NDI,earthquake,2001,6,2000,4178.164258101851,shallow
isc_3736398,23.034,70.006,38.7,3.2,ML,Southern India,,,,,,,,,2001-06-10 05:07:27.100000+00:00,,isc,3736398.0,NDI,NDI,NDI,4602699.0,NDI,earthquake,2001,6,2000,4178.213508101852,shallow
isc_3736402,23.452,70.221,12.4,3.2,ML,Southern India,,,,,,,,,2001-06-10 06:13:59.100000+00:00,,isc,3736402.0,NDI,NDI,NDI,4602701.0,NDI,earthquake,2001,6,2000,4178.2597118055555,shallow
isc_3736405,23.312,70.458,5.0,4.0,MW,Southern India,,,,,,,,,2001-06-10 12:09:45.600000+00:00,,isc,3736405.0,NDI,NDI,NDI,4602703.0,NDI,earthquake,2001,6,2000,4178.506777777778,shallow
isc_3736412,23.445,70.23,15.0,3.9,ML,Southern India,,,,,,,,,2001-06-11 01:32:42.400000+00:00,,isc,3736412.0,NDI,NDI,NDI,4602709.0,NDI,earthquake,2001,6,2000,4179.064379629629,shallow
isc_3736441,23.458,70.141,10.7,3.2,ML,Southern India,,,,,,,,,2001-06-14 17:40:44.100000+00:00,,isc,3736441.0,NDI,NDI,NDI,4602741.0,NDI,earthquake,2001,6,2000,4182.736621527778,shallow
isc_3736465,23.831,70.159,20.0,3.1,ML,Southern India,,,,,,,,,2001-06-17 12:14:44.100000+00:00,,isc,3736465.0,NDI,NDI,NDI,4602760.0,NDI,earthquake,2001,6,2000,4185.510232638889,shallow
usp000agur,23.607,70.088,10.0,4.2,mb,"42 km NW of Bhach?u, India",earthquake,reviewed,us,23.0,,1.55,,https://earthquake.usgs.gov/earthquakes/eventpage/usp000agur,2001-06-17 16:02:27.210000+00:00,2014-11-07 01:13:04.747000+00:00,usgs,,,,,,,,2001,6,2000,4185.668370486111,shallow
isc_2056479,23.6431,70.2849,15.0,3.98,MS,Southern India,,,,,,,,,2001-06-17 16:02:29.893000+00:00,,isc,2056479.0,ISC,ISC,ISC,4734884.0,ISC,earthquake,2001,6,2000,4185.668401539352,shallow
isc_3736482,23.494,70.265,15.0,3.9,ML,Southern India,,,,,,,,,2001-06-19 19:14:28.600000+00:00,,isc,3736482.0,NDI,NDI,NDI,4602779.0,NDI,earthquake,2001,6,2000,4187.8017199074075,shallow
isc_3736484,23.469,70.338,15.0,3.2,ML,Southern India,,,,,,,,,2001-06-19 20:37:22.100000+00:00,,isc,3736484.0,NDI,NDI,NDI,4602780.0,NDI,earthquake,2001,6,2000,4187.859283564815,shallow
isc_3736491,23.78,70.225,15.0,3.1,ML,Southern India,,,,,,,,,2001-06-20 07:31:13.900000+00:00,,isc,3736491.0,NDI,NDI,NDI,4602786.0,NDI,earthquake,2001,6,2000,4188.313355324074,shallow
isc_3736495,23.418,70.527,15.0,3.2,ML,Southern India,,,,,,,,,2001-06-20 12:05:35.900000+00:00,,isc,3736495.0,NDI,NDI,NDI,4602790.0,NDI,earthquake,2001,6,2000,4188.503887731481,shallow
isc_3736498,23.567,70.009,33.0,3.3,ML,Southern India,,,,,,,,,2001-06-20 16:45:29.900000+00:00,,isc,3736498.0,NDI,NDI,NDI,4602793.0,NDI,earthquake,2001,6,2000,4188.698262731481,shallow
isc_3736504,23.45,70.087,15.0,3.2,ML,Southern India,,,,,,,,,2001-06-20 21:41:53.300000+00:00,,isc,3736504.0,NDI,NDI,NDI,4602798.0,NDI,earthquake,2001,6,2000,4188.90408912037,shallow
isc_3736513,23.467,70.224,5.0,2.9,ML,Southern India,,,,,,,,,2001-06-21 09:08:22.300000+00:00,,isc,3736513.0,NDI,NDI,NDI,4602803.0,NDI,earthquake,2001,6,2000,4189.380813657408,shallow
usp000ah0y,22.93,69.553,10.0,4.4,mb,"20 km WNW of Mundra, India",earthquake,reviewed,us,20.0,,1.03,,https://earthquake.usgs.gov/earthquakes/eventpage/usp000ah0y,2001-06-21 14:19:19.830000+00:00,2014-11-07 01:13:06.228000+00:00,usgs,,,,,,,,2001,6,2000,4189.596757291666,shallow
isc_1969608,23.0342,69.7264,16.4,4.2,mb,Southern India,,,,,,,,,2001-06-21 14:19:23.249000+00:00,,isc,1969608.0,ISC,ISC,ISC,4735195.0,ISC,earthquake,2001,6,2000,4189.596796863426,shallow
isc_3736519,23.273,70.334,10.0,2.9,ML,Southern India,,,,,,,,,2001-06-21 20:16:21.100000+00:00,,isc,3736519.0,NDI,NDI,NDI,4602809.0,NDI,earthquake,2001,6,2000,4189.8446886574075,shallow
isc_3736521,23.596,70.464,15.0,3.1,ML,Southern India,,,,,,,,,2001-06-22 16:25:49.600000+00:00,,isc,3736521.0,NDI,NDI,NDI,4602810.0,NDI,earthquake,2001,6,2000,4190.684601851852,shallow
isc_3323037,23.4298,69.9639,15.0,4.08,mb,Southern India,,,,,,,,,2001-06-23 02:58:53.653000+00:00,,isc,3323037.0,ISC,ISC,ISC,4735317.0,ISC,earthquake,2001,6,2000,4191.124232094908,shallow
isc_3707240,23.399,70.289,8.7,3.9,ML,Southern India,,,,,,,,,2001-06-24 20:13:01.100000+00:00,,isc,3707240.0,NDI,NDI,NDI,4602837.0,NDI,earthquake,2001,6,2000,4192.842373842593,shallow
isc_3736551,23.442,70.437,5.0,3.4,ML,Southern India,,,,,,,,,2001-06-24 21:04:58.800000+00:00,,isc,3736551.0,NDI,NDI,NDI,4602838.0,NDI,earthquake,2001,6,2000,4192.878458333334,shallow
isc_3736556,23.459,70.353,15.0,2.9,ML,Southern India,,,,,,,,,2001-06-25 16:14:21.500000+00:00,,isc,3736556.0,NDI,NDI,NDI,4602842.0,NDI,earthquake,2001,6,2000,4193.676637731482,shallow
isc_3736558,23.388,70.47,15.0,2.9,ML,Southern India,,,,,,,,,2001-06-25 18:24:43.100000+00:00,,isc,3736558.0,NDI,NDI,NDI,4602843.0,NDI,earthquake,2001,6,2000,4193.76716550926,shallow
isc_3736563,23.558,70.32,15.0,3.1,ML,Southern India,,,,,,,,,2001-06-25 23:53:39.200000+00:00,,isc,3736563.0,NDI,NDI,NDI,4602848.0,NDI,earthquake,2001,6,2000,4193.995592592592,shallow
usp000ahry,23.365,70.06,10.0,4.5,mb,"28 km N of Anj?r, India",earthquake,reviewed,us,38.0,,1.03,,https://earthquake.usgs.gov/earthquakes/eventpage/usp000ahry,2001-06-30 20:19:48.490000+00:00,2020-09-18 18:26:18.147000+00:00,usgs,,,,,,,,2001,6,2000,4198.84708900463,shallow
usp000ahyb,23.285,70.129,10.0,4.1,mb,"21 km NNE of Anj?r, India",earthquake,reviewed,us,14.0,,0.9,,https://earthquake.usgs.gov/earthquakes/eventpage/usp000ahyb,2001-07-04 02:15:14.350000+00:00,2014-11-07 01:13:13.714000+00:00,usgs,,,,,,,,2001,7,2000,4202.093916087963,shallow
isc_3159984,23.2889,70.4174,20.0,4.12,mb,Southern India,,,,,,,,,2001-07-04 02:15:16.596000+00:00,,isc,3159984.0,ISC,ISC,ISC,4749895.0,ISC,earthquake,2001,7,2000,4202.093942083334,shallow
isc_3871641,23.355,70.402,5.0,2.9,ML,Southern India,,,,,,,,,2001-07-06 22:47:04.600000+00:00,,isc,3871641.0,NDI,NDI,NDI,4693006.0,NDI,earthquake,2001,7,2000,4204.949358796297,shallow
isc_3871645,23.362,70.355,6.4,2.4,ML,Southern India,,,,,,,,,2001-07-07 03:00:35.100000+00:00,,isc,3871645.0,NDI,NDI,NDI,4693008.0,NDI,earthquake,2001,7,2000,4205.12540625,shallow
isc_3871651,23.5,70.023,10.3,3.2,ML,Southern India,,,,,,,,,2001-07-07 16:11:38.300000+00:00,,isc,3871651.0,NDI,NDI,NDI,4693013.0,NDI,earthquake,2001,7,2000,4205.674748842593,shallow
isc_3871654,23.081,70.201,2.0,3.1,ML,Southern India,,,,,,,,,2001-07-08 02:05:15.200000+00:00,,isc,3871654.0,NDI,NDI,NDI,4693016.0,NDI,earthquake,2001,7,2000,4206.086981481481,shallow
isc_3871665,23.37,70.334,14.0,3.6,ML,Southern India,,,,,,,,,2001-07-09 07:55:10.100000+00:00,,isc,3871665.0,NDI,NDI,NDI,4693024.0,NDI,earthquake,2001,7,2000,4207.329978009259,shallow
isc_3871680,23.472,70.354,5.0,2.8,ML,Southern India,,,,,,,,,2001-07-11 19:20:05.600000+00:00,,isc,3871680.0,NDI,NDI,NDI,4693038.0,NDI,earthquake,2001,7,2000,4209.805620370371,shallow
isc_3325427,23.6993,70.5165,15.0,3.9,mb,Southern India,,,,,,,,,2001-07-11 22:37:32.437000+00:00,,isc,3325427.0,ISC,ISC,ISC,4750578.0,ISC,earthquake,2001,7,2000,4209.942736539351,shallow
isc_3325436,23.5743,69.9751,15.0,3.85,mb,Southern India,,,,,,,,,2001-07-12 02:03:27.277000+00:00,,isc,3325436.0,ISC,ISC,ISC,4750588.0,ISC,earthquake,2001,7,2000,4210.085732372685,shallow
isc_3871687,23.307,70.328,15.0,3.3,ML,Southern India,,,,,,,,,2001-07-13 00:51:11.200000+00:00,,isc,3871687.0,NDI,NDI,NDI,4693047.0,NDI,earthquake,2001,7,2000,4211.035546296296,shallow
isc_3871700,23.965,70.122,20.0,2.8,ML,Southern India,,,,,,,,,2001-07-14 11:52:29.800000+00:00,,isc,3871700.0,NDI,NDI,NDI,4693056.0,NDI,earthquake,2001,7,2000,4212.494789351852,shallow
isc_3871702,23.559,70.312,5.0,3.0,ML,Southern India,,,,,,,,,2001-07-14 12:56:09.400000+00:00,,isc,3871702.0,NDI,NDI,NDI,4693057.0,NDI,earthquake,2001,7,2000,4212.538997685185,shallow
isc_2977109,23.3993,70.8642,10.0,3.9,MW,Southern India,,,,,,,,,2001-07-15 00:04:24.831000+00:00,,isc,2977109.0,ISC,ISC,ISC,4750788.0,NDI,earthquake,2001,7,2000,4213.003065173611,shallow
usp000ajj7,23.705,70.367,10.0,4.2,mb,"32 km WNW of R?par, India",earthquake,reviewed,us,6.0,,0.8,,https://earthquake.usgs.gov/earthquakes/eventpage/usp000ajj7,2001-07-15 00:04:27.020000+00:00,2014-11-07 01:13:17.034000+00:00,usgs,,,,,,,,2001,7,2000,4213.003090509259,shallow
isc_3871710,23.774,70.378,5.0,3.2,ML,Southern India,,,,,,,,,2001-07-15 00:11:27.800000+00:00,,isc,3871710.0,NDI,NDI,NDI,4693064.0,NDI,earthquake,2001,7,2000,4213.007960648149,shallow
isc_3871738,23.502,70.384,7.8,2.8,ML,Southern India,,,,,,,,,2001-07-19 06:28:50.400000+00:00,,isc,3871738.0,NDI,NDI,NDI,4693096.0,NDI,earthquake,2001,7,2000,4217.270027777778,shallow
isc_3871740,23.998,70.065,41.6,3.4,ML,Southern India,,,,,,,,,2001-07-19 07:04:28.600000+00:00,,isc,3871740.0,NDI,NDI,NDI,4693097.0,NDI,earthquake,2001,7,2000,4217.294775462963,shallow
isc_3871743,23.224,70.502,20.4,3.2,ML,Southern India,,,,,,,,,2001-07-19 16:12:24.300000+00:00,,isc,3871743.0,NDI,NDI,NDI,4693099.0,NDI,earthquake,2001,7,2000,4217.67528125,shallow
isc_3871755,23.426,70.347,15.0,3.1,ML,Southern India,,,,,,,,,2001-07-21 05:47:02.200000+00:00,,isc,3871755.0,NDI,NDI,NDI,4693110.0,NDI,earthquake,2001,7,2000,4219.240997685185,shallow
isc_3871759,23.606,70.311,33.0,3.2,ML,Southern India,,,,,,,,,2001-07-21 19:25:52.200000+00:00,,isc,3871759.0,NDI,NDI,NDI,4693112.0,NDI,earthquake,2001,7,2000,4219.809631944444,shallow
usp000ak78,23.725,70.208,10.0,4.2,mb,"47 km WNW of R?par, India",earthquake,reviewed,us,12.0,,1.46,,https://earthquake.usgs.gov/earthquakes/eventpage/usp000ak78,2001-07-26 11:36:59.230000+00:00,2014-11-07 01:13:21.844000+00:00,usgs,,,,,,,,2001,7,2000,4224.484018865741,shallow
isc_3326627,23.6508,70.4881,35.0,4.0,MW,Southern India,,,,,,,,,2001-07-26 11:37:03.427000+00:00,,isc,3326627.0,ISC,ISC,ISC,4751642.0,NDI,earthquake,2001,7,2000,4224.484067442129,shallow
isc_3871820,23.414,70.275,15.0,3.0,ML,Southern India,,,,,,,,,2001-07-29 03:41:41.100000+00:00,,isc,3871820.0,NDI,NDI,NDI,4693164.0,NDI,earthquake,2001,7,2000,4227.153947916667,shallow
isc_3871831,23.52,70.103,15.0,3.3,ML,Southern India,,,,,,,,,2001-07-30 14:57:01.800000+00:00,,isc,3871831.0,NDI,NDI,NDI,4693171.0,NDI,earthquake,2001,7,2000,4228.6229375,shallow
usp000aknk,23.6,70.405,10.0,4.0,mb,"24 km W of R?par, India",earthquake,reviewed,us,13.0,,0.82,,https://earthquake.usgs.gov/earthquakes/eventpage/usp000aknk,2001-08-01 06:20:06.040000+00:00,2014-11-07 01:13:26.703000+00:00,usgs,,,,,,,,2001,8,2000,4230.263958796297,shallow
isc_2974879,23.6356,70.582,15.0,4.0,mb,Southern India,,,,,,,,,2001-08-01 06:20:08.482000+00:00,,isc,2974879.0,ISC,ISC,ISC,4772918.0,ISC,earthquake,2001,8,2000,4230.263987060185,shallow
isc_3954536,23.547,70.318,16.2,3.2,ML,Southern India,,,,,,,,,2001-08-02 03:36:03.200000+00:00,,isc,3954536.0,NDI,NDI,NDI,4741804.0,NDI,earthquake,2001,8,2000,4231.150037037037,shallow
usp000aks8,23.53,70.026,10.0,4.4,mb,"41 km NW of Bhach?u, India",earthquake,reviewed,us,28.0,,1.04,,https://earthquake.usgs.gov/earthquakes/eventpage/usp000aks8,2001-08-03 04:24:20.800000+00:00,2014-11-07 01:13:28.668000+00:00,usgs,,,,,,,,2001,8,2000,4232.183574074074,shallow
isc_2057666,23.4942,70.2416,15.0,4.1,MW,Southern India,,,,,,,,,2001-08-03 04:24:23.291000+00:00,,isc,2057666.0,ISC,ISC,ISC,4773081.0,NDI,earthquake,2001,8,2000,4232.183602905093,shallow
usp000aktx,23.307,70.265,10.0,4.3,mb,"8 km W of Bhach?u, India",earthquake,reviewed,us,36.0,,1.07,,https://earthquake.usgs.gov/earthquakes/eventpage/usp000aktx,2001-08-04 11:24:35.390000+00:00,2014-11-07 01:13:29.255000+00:00,usgs,,,,,,,,2001,8,2000,4233.475409606482,shallow
isc_1955359,23.4181,70.4574,24.0,4.23,mb,Southern India,,,,,,,,,2001-08-04 11:24:39.345000+00:00,,isc,1955359.0,ISC,ISC,ISC,4773183.0,ISC,earthquake,2001,8,2000,4233.475455381945,shallow
isc_3954568,23.538,70.176,2.4,2.9,ML,Southern India,,,,,,,,,2001-08-05 15:51:42.800000+00:00,,isc,3954568.0,NDI,NDI,NDI,4741833.0,NDI,earthquake,2001,8,2000,4234.660912037037,shallow
isc_3954582,23.454,70.355,22.8,2.9,ML,Southern India,,,,,,,,,2001-08-07 03:58:12.300000+00:00,,isc,3954582.0,NDI,NDI,NDI,4741846.0,NDI,earthquake,2001,8,2000,4236.165420138889,shallow
isc_3954585,22.885,70.97,4.8,3.2,ML,Southern India,,,,,,,,,2001-08-07 11:14:53.600000+00:00,,isc,3954585.0,NDI,NDI,NDI,4741849.0,NDI,earthquake,2001,8,2000,4236.468675925927,shallow
isc_3954594,23.466,70.386,23.2,2.7,ML,Southern India,,,,,,,,,2001-08-07 23:21:03.600000+00:00,,isc,3954594.0,NDI,NDI,NDI,4741857.0,NDI,earthquake,2001,8,2000,4236.972958333334,shallow
usp000am2k,23.211,70.642,10.0,4.0,mb,"32 km ESE of Bhach?u, India",earthquake,reviewed,us,15.0,,1.08,,https://earthquake.usgs.gov/earthquakes/eventpage/usp000am2k,2001-08-08 23:47:14.490000+00:00,2014-11-07 01:13:30.776000+00:00,usgs,,,,,,,,2001,8,2000,4237.991139930556,shallow
isc_3327980,23.4976,70.394,15.0,3.9,mb,Southern India,,,,,,,,,2001-08-08 23:47:18.897000+00:00,,isc,3327980.0,ISC,ISC,ISC,4773570.0,ISC,earthquake,2001,8,2000,4237.9911909375005,shallow
isc_3954619,23.365,70.215,19.8,3.1,ML,Southern India,,,,,,,,,2001-08-10 16:59:03.400000+00:00,,isc,3954619.0,NDI,NDI,NDI,4741881.0,NDI,earthquake,2001,8,2000,4239.70767824074,shallow
isc_3954645,23.526,70.434,20.4,2.8,ML,Southern India,,,,,,,,,2001-08-13 18:12:38.600000+00:00,,isc,3954645.0,NDI,NDI,NDI,4741905.0,NDI,earthquake,2001,8,2000,4242.758780092593,shallow
isc_3954649,23.247,70.468,33.0,2.9,ML,Southern India,,,,,,,,,2001-08-14 09:14:27.700000+00:00,,isc,3954649.0,NDI,NDI,NDI,4741908.0,NDI,earthquake,2001,8,2000,4243.385042824074,shallow
isc_3954658,23.662,70.135,5.0,3.1,ML,Southern India,,,,,,,,,2001-08-15 16:09:42.100000+00:00,,isc,3954658.0,NDI,NDI,NDI,4741917.0,NDI,earthquake,2001,8,2000,4244.673403935186,shallow
isc_3954674,23.481,70.207,16.3,3.1,ML,Southern India,,,,,,,,,2001-08-18 13:21:25.300000+00:00,,isc,3954674.0,NDI,NDI,NDI,4741932.0,NDI,earthquake,2001,8,2000,4247.556542824074,shallow
isc_3954677,23.627,70.21,11.0,3.1,ML,Southern India,,,,,,,,,2001-08-19 15:43:36.100000+00:00,,isc,3954677.0,NDI,NDI,NDI,4741935.0,NDI,earthquake,2001,8,2000,4248.655278935185,shallow
isc_3954682,23.28,70.301,16.6,3.4,ML,Southern India,,,,,,,,,2001-08-20 06:43:51.900000+00:00,,isc,3954682.0,NDI,NDI,NDI,4741938.0,NDI,earthquake,2001,8,2000,4249.280461805555,shallow
usp000amyy,22.979,70.543,10.0,4.4,mb,"33 km E of K?ndla, India",earthquake,reviewed,us,11.0,,0.95,,https://earthquake.usgs.gov/earthquakes/eventpage/usp000amyy,2001-08-24 12:33:02.590000+00:00,2014-11-07 01:13:36.333000+00:00,usgs,,,,,,,,2001,8,2000,4253.5229466435185,shallow
isc_3329267,23.2255,70.4594,10.0,4.09,mb,Southern India,,,,,,,,,2001-08-24 12:33:04.359000+00:00,,isc,3329267.0,ISC,ISC,ISC,4774891.0,ISC,earthquake,2001,8,2000,4253.522967118056,shallow
isc_3954713,23.254,70.548,15.0,3.1,ML,Southern India,,,,,,,,,2001-08-24 19:13:03.300000+00:00,,isc,3954713.0,NDI,NDI,NDI,4741964.0,NDI,earthquake,2001,8,2000,4253.800732638889,shallow
isc_3954728,23.542,70.142,15.0,3.2,ML,Southern India,,,,,,,,,2001-08-25 21:46:22.400000+00:00,,isc,3954728.0,NDI,NDI,NDI,4741978.0,NDI,earthquake,2001,8,2000,4254.907203703703,shallow
isc_3954730,23.604,70.406,15.0,3.0,ML,Southern India,,,,,,,,,2001-08-25 23:11:06.900000+00:00,,isc,3954730.0,NDI,NDI,NDI,4741979.0,NDI,earthquake,2001,8,2000,4254.966052083333,shallow
isc_3954743,23.463,70.472,27.6,2.9,ML,Southern India,,,,,,,,,2001-08-26 16:25:27.100000+00:00,,isc,3954743.0,NDI,NDI,NDI,4741987.0,NDI,earthquake,2001,8,2000,4255.684341435185,shallow
isc_3954759,23.534,70.116,6.9,2.9,ML,Southern India,,,,,,,,,2001-08-27 20:55:44.200000+00:00,,isc,3954759.0,NDI,NDI,NDI,4742004.0,NDI,earthquake,2001,8,2000,4256.8720393518515,shallow
isc_3954774,23.753,70.352,5.0,3.1,ML,Southern India,,,,,,,,,2001-08-28 15:43:13.600000+00:00,,isc,3954774.0,NDI,NDI,NDI,4742016.0,NDI,earthquake,2001,8,2000,4257.655018518519,shallow
isc_3964901,23.559,70.223,15.0,3.0,ML,Southern India,,,,,,,,,2001-09-01 19:26:42.800000+00:00,,isc,3964901.0,NDI,NDI,NDI,4752568.0,NDI,earthquake,2001,9,2000,4261.810217592592,shallow
isc_3964912,23.479,70.104,9.4,3.1,ML,Southern India,,,,,,,,,2001-09-02 14:06:52.700000+00:00,,isc,3964912.0,NDI,NDI,NDI,4752579.0,NDI,earthquake,2001,9,2000,4262.588109953704,shallow
isc_3964931,23.457,70.353,15.0,3.4,ML,Southern India,,,,,,,,,2001-09-04 18:05:12.200000+00:00,,isc,3964931.0,NDI,NDI,NDI,4752597.0,NDI,earthquake,2001,9,2000,4264.753613425926,shallow
isc_3964942,23.551,70.357,14.4,3.2,ML,Southern India,,,,,,,,,2001-09-06 05:22:14.900000+00:00,,isc,3964942.0,NDI,NDI,NDI,4752611.0,NDI,earthquake,2001,9,2000,4266.223783564815,shallow
isc_3964946,23.477,70.278,15.0,3.0,ML,Southern India,,,,,,,,,2001-09-08 14:25:14.600000+00:00,,isc,3964946.0,NDI,NDI,NDI,4752614.0,NDI,earthquake,2001,9,2000,4268.600863425926,shallow
isc_3964968,23.44,70.183,15.0,3.3,ML,Southern India,,,,,,,,,2001-09-10 06:19:36.600000+00:00,,isc,3964968.0,NDI,NDI,NDI,4752630.0,NDI,earthquake,2001,9,2000,4270.2636180555555,shallow
isc_3964976,23.435,70.362,18.6,3.4,ML,Southern India,,,,,,,,,2001-09-10 13:13:31.800000+00:00,,isc,3964976.0,NDI,NDI,NDI,4752636.0,NDI,earthquake,2001,9,2000,4270.5510625,shallow
isc_3964978,23.421,70.213,23.9,3.2,ML,Southern India,,,,,,,,,2001-09-10 15:41:16.400000+00:00,,isc,3964978.0,NDI,NDI,NDI,4752637.0,NDI,earthquake,2001,9,2000,4270.653662037037,shallow
isc_3964991,23.354,70.239,33.0,3.0,ML,Southern India,,,,,,,,,2001-09-11 22:17:31.500000+00:00,,isc,3964991.0,NDI,NDI,NDI,4752646.0,NDI,earthquake,2001,9,2000,4271.928836805556,shallow
isc_3964993,23.37,70.4,15.0,3.7,ML,Southern India,,,,,,,,,2001-09-11 23:41:14.400000+00:00,,isc,3964993.0,NDI,NDI,NDI,4752647.0,NDI,earthquake,2001,9,2000,4271.986972222222,shallow
isc_3964995,23.494,70.342,15.0,3.4,ML,Southern India,,,,,,,,,2001-09-12 01:40:51.300000+00:00,,isc,3964995.0,NDI,NDI,NDI,4752648.0,NDI,earthquake,2001,9,2000,4272.070038194444,shallow
isc_3965008,23.429,70.178,22.8,3.4,ML,Southern India,,,,,,,,,2001-09-12 18:14:37.200000+00:00,,isc,3965008.0,NDI,NDI,NDI,4752669.0,NDI,earthquake,2001,9,2000,4272.760152777778,shallow
isc_3965025,23.787,70.86,8.6,3.1,ML,Southern India,,,,,,,,,2001-09-14 05:48:16.900000+00:00,,isc,3965025.0,NDI,NDI,NDI,4752687.0,NDI,earthquake,2001,9,2000,4274.241862268518,shallow
isc_3965035,23.411,70.172,11.2,3.0,ML,Southern India,,,,,,,,,2001-09-14 23:30:56.800000+00:00,,isc,3965035.0,NDI,NDI,NDI,4752698.0,NDI,earthquake,2001,9,2000,4274.979824074074,shallow
isc_3965039,23.481,70.176,20.4,3.3,ML,Southern India,,,,,,,,,2001-09-15 08:47:48.800000+00:00,,isc,3965039.0,NDI,NDI,NDI,4752701.0,NDI,earthquake,2001,9,2000,4275.366537037037,shallow
isc_3965043,23.625,70.28,5.0,3.0,ML,Southern India,,,,,,,,,2001-09-15 09:54:00.400000+00:00,,isc,3965043.0,NDI,NDI,NDI,4752703.0,NDI,earthquake,2001,9,2000,4275.412504629629,shallow
isc_3965045,23.516,70.466,15.0,3.3,ML,Southern India,,,,,,,,,2001-09-15 13:56:15.900000+00:00,,isc,3965045.0,NDI,NDI,NDI,4752704.0,NDI,earthquake,2001,9,2000,4275.580739583333,shallow
isc_3965048,23.55,70.332,5.0,3.1,ML,Southern India,,,,,,,,,2001-09-15 18:55:05.100000+00:00,,isc,3965048.0,NDI,NDI,NDI,4752706.0,NDI,earthquake,2001,9,2000,4275.788253472222,shallow
isc_3965056,23.515,70.081,13.5,3.4,ML,Southern India,,,,,,,,,2001-09-16 07:52:52.900000+00:00,,isc,3965056.0,NDI,NDI,NDI,4752730.0,NDI,earthquake,2001,9,2000,4276.328390046296,shallow
isc_3965076,23.503,70.125,15.0,2.9,ML,Southern India,,,,,,,,,2001-09-19 14:36:10.600000+00:00,,isc,3965076.0,NDI,NDI,NDI,4752754.0,NDI,earthquake,2001,9,2000,4279.608456018519,shallow
usp000apgz,23.573,70.28,10.0,4.7,mb,"31 km NNW of Bhach?u, India",earthquake,reviewed,us,37.0,,0.9,,https://earthquake.usgs.gov/earthquakes/eventpage/usp000apgz,2001-09-20 13:34:29.900000+00:00,2020-09-18 18:31:41.707000+00:00,usgs,,,,,,,,2001,9,2000,4280.565623842593,shallow
isc_2109678,23.5019,70.4473,16.0,3.65,MS,Southern India,,,,,,,,,2001-09-20 13:34:31.968000+00:00,,isc,2109678.0,ISC,ISC,ISC,4846697.0,ISC,earthquake,2001,9,2000,4280.5656477777775,shallow
usp000aphw,23.468,70.075,10.0,4.5,mb,"33 km NW of Bhach?u, India",earthquake,reviewed,us,16.0,,1.26,,https://earthquake.usgs.gov/earthquakes/eventpage/usp000aphw,2001-09-21 02:40:37.710000+00:00,2020-09-18 18:31:50.379000+00:00,usgs,,,,,,,,2001,9,2000,4281.111547569444,shallow
isc_3965116,23.537,70.31,6.5,3.1,ML,Southern India,,,,,,,,,2001-09-24 15:17:30.200000+00:00,,isc,3965116.0,NDI,NDI,NDI,4752790.0,NDI,earthquake,2001,9,2000,4284.637155092592,shallow
isc_3965137,23.334,70.445,20.4,3.2,ML,Southern India,,,,,,,,,2001-09-26 04:32:56.800000+00:00,,isc,3965137.0,NDI,NDI,NDI,4752806.0,NDI,earthquake,2001,9,2000,4286.189546296297,shallow
isc_3965194,23.592,70.357,10.6,3.0,ML,Southern India,,,,,,,,,2001-09-30 12:51:29.600000+00:00,,isc,3965194.0,NDI,NDI,NDI,4752854.0,NDI,earthquake,2001,9,2000,4290.53575925926,shallow
isc_3965196,23.723,70.396,15.6,3.0,ML,Southern India,,,,,,,,,2001-09-30 18:43:38.800000+00:00,,isc,3965196.0,NDI,NDI,NDI,4752855.0,NDI,earthquake,2001,9,2000,4290.780310185185,shallow
usp000aq5c,23.207,69.973,10.0,3.9,mb,"11 km NNW of Anj?r, India",earthquake,reviewed,us,13.0,,0.64,,https://earthquake.usgs.gov/earthquakes/eventpage/usp000aq5c,2001-10-03 00:48:02.840000+00:00,2014-11-07 01:13:55.540000+00:00,usgs,,,,,,,,2001,10,2000,4293.033366203704,shallow
isc_3333140,23.2694,70.2778,26.6,3.8,MW,Southern India,,,,,,,,,2001-10-03 00:48:06.535000+00:00,,isc,3333140.0,ISC,ISC,ISC,5201564.0,NDI,earthquake,2001,10,2000,4293.033408969908,shallow
isc_3333170,23.528,70.2267,15.0,4.1,MW,Southern India,,,,,,,,,2001-10-03 09:00:40.152000+00:00,,isc,3333170.0,ISC,ISC,ISC,5201593.0,NDI,earthquake,2001,10,2000,4293.375464722222,shallow
isc_3975329,23.536,70.665,20.0,2.8,ML,Southern India,,,,,,,,,2001-10-05 12:02:11.200000+00:00,,isc,3975329.0,NDI,NDI,NDI,4760256.0,NDI,earthquake,2001,10,2000,4295.501518518518,shallow
isc_3975348,23.535,70.495,5.0,3.4,ML,Southern India,,,,,,,,,2001-10-08 00:52:34.200000+00:00,,isc,3975348.0,NDI,NDI,NDI,4760269.0,NDI,earthquake,2001,10,2000,4298.036506944444,shallow
isc_3975396,23.492,70.209,10.0,3.4,MW,Southern India,,,,,,,,,2001-10-14 08:42:34.100000+00:00,,isc,3975396.0,NDI,NDI,NDI,4760304.0,NDI,earthquake,2001,10,2000,4304.362894675926,shallow
isc_3975407,23.557,70.261,5.0,3.5,ML,Southern India,,,,,,,,,2001-10-14 19:57:11.500000+00:00,,isc,3975407.0,NDI,NDI,NDI,4760311.0,NDI,earthquake,2001,10,2000,4304.831383101852,shallow
isc_3975414,24.226,70.784,5.2,3.3,ML,India-Pakistan border region,,,,,,,,,2001-10-15 12:41:42.400000+00:00,,isc,3975414.0,NDI,NDI,NDI,4760317.0,NDI,earthquake,2001,10,2000,4305.528962962962,shallow
isc_3975456,23.572,70.266,11.6,2.9,ML,Southern India,,,,,,,,,2001-10-19 16:49:01.400000+00:00,,isc,3975456.0,NDI,NDI,NDI,4760370.0,NDI,earthquake,2001,10,2000,4309.700710648148,shallow
isc_3975474,23.229,70.447,11.3,2.9,ML,Southern India,,,,,,,,,2001-10-21 00:47:32.600000+00:00,,isc,3975474.0,NDI,NDI,NDI,4760386.0,NDI,earthquake,2001,10,2000,4311.033016203704,shallow
isc_3334753,23.4131,70.5725,15.0,3.65,mb,Southern India,,,,,,,,,2001-10-21 08:31:55.816000+00:00,,isc,3334753.0,ISC,ISC,ISC,5203209.0,ISC,earthquake,2001,10,2000,4311.35550712963,shallow
isc_3975530,23.573,70.268,13.3,3.0,ML,Southern India,,,,,,,,,2001-10-27 01:07:16.300000+00:00,,isc,3975530.0,NDI,NDI,NDI,4760432.0,NDI,earthquake,2001,10,2000,4317.046716435186,shallow
isc_3975540,23.386,70.188,30.7,3.4,MW,Southern India,,,,,,,,,2001-10-27 15:54:57.400000+00:00,,isc,3975540.0,NDI,NDI,NDI,4760440.0,NDI,earthquake,2001,10,2000,4317.663164351851,shallow
isc_3975562,23.332,70.137,31.2,3.1,ML,Southern India,,,,,,,,,2001-10-29 00:57:23.200000+00:00,,isc,3975562.0,NDI,NDI,NDI,4760460.0,NDI,earthquake,2001,10,2000,4319.039851851851,shallow
isc_2976322,23.6776,70.0615,35.0,3.97,MS,Southern India,,,,,,,,,2001-10-29 18:11:11.505000+00:00,,isc,2976322.0,ISC,ISC,ISC,5203941.0,ISC,earthquake,2001,10,2000,4319.757772048611,shallow
isc_3975572,23.41,70.26,33.0,3.2,ML,Southern India,,,,,,,,,2001-10-29 22:46:53.900000+00:00,,isc,3975572.0,NDI,NDI,NDI,4760470.0,NDI,earthquake,2001,10,2000,4319.949234953703,shallow
usp000arz6,23.766,70.086,10.0,4.8,mb,"58 km NNW of Bhach?u, India",earthquake,reviewed,us,15.0,,0.81,,https://earthquake.usgs.gov/earthquakes/eventpage/usp000arz6,2001-10-31 09:17:47.290000+00:00,2020-09-18 18:33:55.974000+00:00,usgs,,,,,,,,2001,10,2000,4321.387352893519,shallow
isc_4089810,23.452,70.335,15.0,2.8,ML,Southern India,,,,,,,,,2001-11-02 05:15:51.300000+00:00,,isc,4089810.0,NDI,NDI,NDI,4843216.0,NDI,earthquake,2001,11,2000,4323.21934375,shallow
isc_4089816,23.529,70.084,5.0,3.0,ML,Southern India,,,,,,,,,2001-11-02 19:54:28.200000+00:00,,isc,4089816.0,NDI,NDI,NDI,4843221.0,NDI,earthquake,2001,11,2000,4323.829493055556,shallow
isc_4089886,24.016,71.119,5.0,2.9,ML,Northern India,,,,,,,,,2001-11-09 08:40:04.800000+00:00,,isc,4089886.0,NDI,NDI,NDI,4843264.0,NDI,earthquake,2001,11,2000,4330.361166666667,shallow
isc_4089904,23.521,70.236,1.4,2.8,ML,Southern India,,,,,,,,,2001-11-11 03:23:56.600000+00:00,,isc,4089904.0,NDI,NDI,NDI,4843278.0,NDI,earthquake,2001,11,2000,4332.141627314815,shallow
isc_4089931,23.444,70.306,21.6,2.7,ML,Southern India,,,,,,,,,2001-11-12 22:22:44.400000+00:00,,isc,4089931.0,NDI,NDI,NDI,4843295.0,NDI,earthquake,2001,11,2000,4333.932458333333,shallow
isc_4089964,23.449,70.125,22.0,3.4,ML,Southern India,,,,,,,,,2001-11-14 18:55:00.200000+00:00,,isc,4089964.0,NDI,NDI,NDI,4843333.0,NDI,earthquake,2001,11,2000,4335.788196759259,shallow
isc_4089988,23.442,70.313,15.0,2.9,ML,Southern India,,,,,,,,,2001-11-16 22:12:51.300000+00:00,,isc,4089988.0,NDI,NDI,NDI,4843356.0,NDI,earthquake,2001,11,2000,4337.92559375,shallow
isc_4089990,23.663,70.113,15.0,3.1,ML,Southern India,,,,,,,,,2001-11-17 08:23:16.500000+00:00,,isc,4089990.0,NDI,NDI,NDI,4843357.0,NDI,earthquake,2001,11,2000,4338.349496527778,shallow
isc_2932596,23.6513,70.165,15.0,4.3,mb,Southern India,,,,,,,,,2001-11-17 20:31:04.955000+00:00,,isc,2932596.0,ISC,ISC,ISC,5250082.0,ISC,earthquake,2001,11,2000,4338.854918460648,shallow
isc_4090009,23.567,70.956,10.0,3.3,ML,Southern India,,,,,,,,,2001-11-20 07:44:51.700000+00:00,,isc,4090009.0,NDI,NDI,NDI,4843379.0,NDI,earthquake,2001,11,2000,4341.322820601852,shallow
isc_4090016,23.391,70.26,20.3,3.0,ML,Southern India,,,,,,,,,2001-11-21 07:29:57.900000+00:00,,isc,4090016.0,NDI,NDI,NDI,4843384.0,NDI,earthquake,2001,11,2000,4342.312475694444,shallow
isc_4090018,23.501,70.074,10.0,2.7,ML,Southern India,,,,,,,,,2001-11-21 10:06:44.600000+00:00,,isc,4090018.0,NDI,NDI,NDI,4843385.0,NDI,earthquake,2001,11,2000,4342.421349537038,shallow
isc_4090028,23.194,70.445,15.0,3.0,ML,Southern India,,,,,,,,,2001-11-22 03:15:12.500000+00:00,,isc,4090028.0,NDI,NDI,NDI,4843394.0,NDI,earthquake,2001,11,2000,4343.135561342592,shallow
isc_4090034,23.281,70.45,20.0,2.9,ML,Southern India,,,,,,,,,2001-11-23 09:54:49.100000+00:00,,isc,4090034.0,NDI,NDI,NDI,4843400.0,NDI,earthquake,2001,11,2000,4344.413068287037,shallow
usp000atcx,23.615,70.414,10.0,4.6,mb,"24 km W of R?par, India",earthquake,reviewed,us,21.0,,1.38,,https://earthquake.usgs.gov/earthquakes/eventpage/usp000atcx,2001-11-24 02:42:39.650000+00:00,2020-09-18 18:34:51.007000+00:00,usgs,,,,,,,,2001,11,2000,4345.112958912036,shallow
isc_2727540,23.593,70.5727,15.0,4.1,MW,Southern India,,,,,,,,,2001-11-24 02:42:41.663000+00:00,,isc,2727540.0,ISC,ISC,ISC,5250584.0,NDI,earthquake,2001,11,2000,4345.112982210648,shallow
isc_4090064,23.536,70.182,5.0,3.1,ML,Southern India,,,,,,,,,2001-11-27 19:48:38.400000+00:00,,isc,4090064.0,NDI,NDI,NDI,4843438.0,NDI,earthquake,2001,11,2000,4348.825444444444,shallow
isc_4090068,23.438,70.408,20.0,3.0,ML,Southern India,,,,,,,,,2001-11-28 08:05:57.300000+00:00,,isc,4090068.0,NDI,NDI,NDI,4843440.0,NDI,earthquake,2001,11,2000,4349.33746875,shallow
usp000atur,23.201,70.076,10.0,4.1,mb,"10 km NNE of Anj?r, India",earthquake,reviewed,us,16.0,,1.17,,https://earthquake.usgs.gov/earthquakes/eventpage/usp000atur,2001-12-01 22:03:22.300000+00:00,2014-11-07 01:14:23.768000+00:00,usgs,,,,,,,,2001,12,2000,4352.919008101852,shallow
isc_2764403,23.3602,70.2269,22.9,4.4,MW,Southern India,,,,,,,,,2001-12-01 22:03:26.451000+00:00,,isc,2764403.0,ISC,ISC,ISC,5280980.0,NDI,earthquake,2001,12,2000,4352.919056145833,shallow
isc_4176524,23.435,70.011,18.5,3.5,ML,Southern India,,,,,,,,,2001-12-03 06:29:02.500000+00:00,,isc,4176524.0,NDI,NDI,NDI,4907959.0,NDI,earthquake,2001,12,2000,4354.270167824074,shallow
isc_4176527,23.409,70.043,5.0,3.4,ML,Southern India,,,,,,,,,2001-12-03 08:36:09.600000+00:00,,isc,4176527.0,NDI,NDI,NDI,4907962.0,NDI,earthquake,2001,12,2000,4354.358444444445,shallow
isc_4176533,23.436,70.371,10.0,3.1,ML,Southern India,,,,,,,,,2001-12-03 20:05:04.100000+00:00,,isc,4176533.0,NDI,NDI,NDI,4907966.0,NDI,earthquake,2001,12,2000,4354.836853009259,shallow
isc_4176552,23.418,70.316,27.0,3.1,ML,Southern India,,,,,,,,,2001-12-07 18:09:43.700000+00:00,,isc,4176552.0,NDI,NDI,NDI,4907986.0,NDI,earthquake,2001,12,2000,4358.756755787037,shallow
isc_4176583,23.094,70.476,15.0,3.0,ML,Southern India,,,,,,,,,2001-12-11 14:02:34.800000+00:00,,isc,4176583.0,NDI,NDI,NDI,4908015.0,NDI,earthquake,2001,12,2000,4362.5851250000005,shallow
isc_2974469,23.6098,70.4988,15.0,3.91,mb,Southern India,,,,,,,,,2001-12-12 15:00:20.164000+00:00,,isc,2974469.0,ISC,ISC,ISC,5281952.0,ISC,earthquake,2001,12,2000,4363.625233379629,shallow
isc_4176595,23.18,70.339,15.0,3.2,ML,Southern India,,,,,,,,,2001-12-12 17:13:40.400000+00:00,,isc,4176595.0,NDI,NDI,NDI,4908027.0,NDI,earthquake,2001,12,2000,4363.717828703703,shallow
isc_4176620,23.535,70.36,15.0,3.0,ML,Southern India,,,,,,,,,2001-12-15 11:53:32.200000+00:00,,isc,4176620.0,NDI,NDI,NDI,4908049.0,NDI,earthquake,2001,12,2000,4366.495511574074,shallow
isc_4176634,23.414,70.34,22.7,3.0,ML,Southern India,,,,,,,,,2001-12-16 18:38:21.400000+00:00,,isc,4176634.0,NDI,NDI,NDI,4908063.0,NDI,earthquake,2001,12,2000,4367.776636574074,shallow
isc_4176640,23.633,70.746,15.0,3.2,ML,Southern India,,,,,,,,,2001-12-17 07:44:00.200000+00:00,,isc,4176640.0,NDI,NDI,NDI,4908068.0,NDI,earthquake,2001,12,2000,4368.322224537037,shallow
isc_4176660,23.543,70.05,23.0,3.1,ML,Southern India,,,,,,,,,2001-12-20 23:20:13.100000+00:00,,isc,4176660.0,NDI,NDI,NDI,4908089.0,NDI,earthquake,2001,12,2000,4371.972373842593,shallow
usp000av10,23.765,70.051,10.0,4.6,mb,"59 km NNW of Bhach?u, India",earthquake,reviewed,us,24.0,,1.32,,https://earthquake.usgs.gov/earthquakes/eventpage/usp000av10,2001-12-21 17:33:21.110000+00:00,2020-09-18 18:37:18.071000+00:00,usgs,,,,,,,,2001,12,2000,4372.731494328704,shallow
isc_2974659,23.5996,70.0837,15.0,4.08,MS,Southern India,,,,,,,,,2001-12-21 17:33:21.913000+00:00,,isc,2974659.0,ISC,ISC,ISC,5283031.0,ISC,earthquake,2001,12,2000,4372.731503622685,shallow
isc_4176689,23.388,70.213,5.0,3.3,ML,Southern India,,,,,,,,,2001-12-24 07:18:49.800000+00:00,,isc,4176689.0,NDI,NDI,NDI,4908121.0,NDI,earthquake,2001,12,2000,4375.304743055555,shallow
isc_4176727,23.491,70.46,20.4,3.1,ML,Southern India,,,,,,,,,2001-12-28 03:53:51.700000+00:00,,isc,4176727.0,NDI,NDI,NDI,4908153.0,NDI,earthquake,2001,12,2000,4379.1624039351855,shallow
isc_4495821,23.566,70.082,5.0,3.5,ML,Southern India,,,,,,,,,2002-01-04 13:13:05.300000+00:00,,isc,4495821.0,NDI,NDI,NDI,5077818.0,NDI,earthquake,2002,1,2000,4386.550755787037,shallow
usp000aw4u,23.557,70.203,10.0,4.8,mb,"31 km NNW of Bhach?u, India",earthquake,reviewed,us,73.0,,0.81,,https://earthquake.usgs.gov/earthquakes/eventpage/usp000aw4u,2002-01-09 23:52:41.930000+00:00,2020-09-18 18:40:00.789000+00:00,usgs,,,,,,,,2002,1,2000,4391.99492974537,shallow
isc_2708512,23.5634,70.4288,15.0,3.72,MS,Southern India,,,,,,,,,2002-01-09 23:52:44.274000+00:00,,isc,2708512.0,ISC,ISC,ISC,5342017.0,ISC,earthquake,2002,1,2000,4391.994956875,shallow
isc_4495951,23.729,70.081,10.0,3.4,ML,Southern India,,,,,,,,,2002-01-17 05:46:20.500000+00:00,,isc,4495951.0,NDI,NDI,NDI,5077931.0,NDI,earthquake,2002,1,2000,4399.240515046296,shallow
isc_4495953,23.975,70.041,5.0,3.2,MD,Southern India,,,,,,,,,2002-01-17 11:43:57.800000+00:00,,isc,4495953.0,NDI,NDI,NDI,5077932.0,NDI,earthquake,2002,1,2000,4399.488863425926,shallow
usp000awq7,23.148,69.757,10.0,4.2,mb,"14 km SE of Bhuj, India",earthquake,reviewed,us,11.0,,1.44,,https://earthquake.usgs.gov/earthquakes/eventpage/usp000awq7,2002-01-18 13:44:45.350000+00:00,2014-11-07 01:14:42.626000+00:00,usgs,,,,,,,,2002,1,2000,4400.572747106482,shallow
isc_2970459,23.452,70.2721,15.9,4.23,mb,Southern India,,,,,,,,,2002-01-18 13:44:50.885000+00:00,,isc,2970459.0,ISC,ISC,ISC,5342829.0,ISC,earthquake,2002,1,2000,4400.572811168981,shallow
isc_4495967,23.451,70.207,15.0,2.7,ML,Southern India,,,,,,,,,2002-01-19 18:17:33.300000+00:00,,isc,4495967.0,NDI,NDI,NDI,5077944.0,NDI,earthquake,2002,1,2000,4401.762190972222,shallow
isc_4496035,23.5,70.484,3.5,3.5,ML,Southern India,,,,,,,,,2002-01-26 16:16:30.800000+00:00,,isc,4496035.0,NDI,NDI,NDI,5077999.0,NDI,earthquake,2002,1,2000,4408.678134259259,shallow
isc_4496049,23.918,70.12,18.7,3.5,ML,Southern India,,,,,,,,,2002-01-27 23:04:04.300000+00:00,,isc,4496049.0,NDI,NDI,NDI,5078011.0,NDI,earthquake,2002,1,2000,4409.9611608796295,shallow
isc_4496051,23.636,70.164,18.5,3.3,ML,Southern India,,,,,,,,,2002-01-28 02:36:53.200000+00:00,,isc,4496051.0,NDI,NDI,NDI,5078012.0,NDI,earthquake,2002,1,2000,4410.108949074074,shallow
isc_4496071,23.514,70.064,10.0,3.1,ML,Southern India,,,,,,,,,2002-01-29 10:48:55.400000+00:00,,isc,4496071.0,NDI,NDI,NDI,5078024.0,NDI,earthquake,2002,1,2000,4411.4506412037035,shallow
isc_4496074,23.413,71.31,10.0,3.2,ML,Southern India,,,,,,,,,2002-01-29 17:42:03.200000+00:00,,isc,4496074.0,NDI,NDI,NDI,5078027.0,NDI,earthquake,2002,1,2000,4411.737537037037,shallow
isc_4496093,23.556,70.296,12.0,3.2,ML,Southern India,,,,,,,,,2002-01-31 15:31:01.300000+00:00,,isc,4496093.0,NDI,NDI,NDI,5078043.0,NDI,earthquake,2002,1,2000,4413.6465428240745,shallow
isc_4626697,23.487,70.228,10.0,3.4,MW,Southern India,,,,,,,,,2002-02-02 21:37:55.100000+00:00,,isc,4626697.0,NDI,NDI,NDI,5163524.0,NDI,earthquake,2002,2,2000,4415.901332175927,shallow
isc_4626719,23.532,70.461,20.0,2.9,ML,Southern India,,,,,,,,,2002-02-05 13:40:16.400000+00:00,,isc,4626719.0,NDI,NDI,NDI,5163546.0,NDI,earthquake,2002,2,2000,4418.569634259259,shallow
isc_4626744,23.545,70.402,30.0,3.0,ML,Southern India,,,,,,,,,2002-02-08 04:10:49.800000+00:00,,isc,4626744.0,NDI,NDI,NDI,5163571.0,NDI,earthquake,2002,2,2000,4421.1741875,shallow
isc_4626864,23.432,70.362,33.0,3.6,MW,Southern India,,,,,,,,,2002-02-15 20:51:22.200000+00:00,,isc,4626864.0,NDI,NDI,NDI,5163656.0,NDI,earthquake,2002,2,2000,4428.869006944445,shallow
isc_3187572,23.7788,70.8523,35.0,3.58,mb,Southern India,,,,,,,,,2002-02-16 13:12:07.461000+00:00,,isc,3187572.0,ISC,ISC,ISC,5396045.0,ISC,earthquake,2002,2,2000,4429.5500863541665,shallow
isc_4626882,23.802,70.742,5.0,3.2,ML,Southern India,,,,,,,,,2002-02-16 14:44:32.700000+00:00,,isc,4626882.0,NDI,NDI,NDI,5163667.0,NDI,earthquake,2002,2,2000,4429.614267361111,shallow
isc_4626903,23.579,70.116,5.0,3.9,ML,Southern India,,,,,,,,,2002-02-18 03:58:01.900000+00:00,,isc,4626903.0,NDI,NDI,NDI,5163684.0,NDI,earthquake,2002,2,2000,4431.165299768518,shallow
isc_4626905,23.57,70.108,5.0,3.3,ML,Southern India,,,,,,,,,2002-02-18 05:17:35.300000+00:00,,isc,4626905.0,NDI,NDI,NDI,5163685.0,NDI,earthquake,2002,2,2000,4431.220547453704,shallow
isc_3753782,23.6129,70.1196,15.0,4.0,mb,Southern India,,,,,,,,,2002-02-20 04:57:36.762000+00:00,,isc,3753782.0,ISC,ISC,ISC,5396342.0,ISC,earthquake,2002,2,2000,4433.206675486112,shallow
isc_4626946,23.491,70.332,38.0,2.9,ML,Southern India,,,,,,,,,2002-02-21 22:54:20.800000+00:00,,isc,4626946.0,NDI,NDI,NDI,5163715.0,NDI,earthquake,2002,2,2000,4434.954407407407,shallow
isc_4626948,23.488,70.354,20.0,3.0,ML,Southern India,,,,,,,,,2002-02-21 23:41:59.300000+00:00,,isc,4626948.0,NDI,NDI,NDI,5163716.0,NDI,earthquake,2002,2,2000,4434.987491898149,shallow
isc_4626954,23.467,70.235,20.0,3.0,ML,Southern India,,,,,,,,,2002-02-22 15:11:36.700000+00:00,,isc,4626954.0,NDI,NDI,NDI,5163723.0,NDI,earthquake,2002,2,2000,4435.633063657408,shallow
isc_4747074,23.644,70.479,12.6,3.7,MW,Southern India,,,,,,,,,2002-03-02 04:21:03.500000+00:00,,isc,4747074.0,NDI,NDI,NDI,5254100.0,NDI,earthquake,2002,3,2000,4443.181290509259,shallow
isc_4747175,23.4,70.029,18.4,3.4,MW,Southern India,,,,,,,,,2002-03-05 10:24:02.200000+00:00,,isc,4747175.0,NDI,NDI,NDI,5254181.0,NDI,earthquake,2002,3,2000,4446.4333587962965,shallow
isc_4747195,23.587,70.402,15.0,2.9,ML,Southern India,,,,,,,,,2002-03-05 14:52:05.300000+00:00,,isc,4747195.0,NDI,NDI,NDI,5254189.0,NDI,earthquake,2002,3,2000,4446.619505787037,shallow
isc_4747234,23.383,70.351,24.7,3.1,ML,Southern India,,,,,,,,,2002-03-07 07:18:55.300000+00:00,,isc,4747234.0,NDI,NDI,NDI,5254246.0,NDI,earthquake,2002,3,2000,4448.304806712963,shallow
isc_4747254,23.386,70.201,23.3,3.3,ML,Southern India,,,,,,,,,2002-03-09 11:53:24.200000+00:00,,isc,4747254.0,NDI,NDI,NDI,5254260.0,NDI,earthquake,2002,3,2000,4450.495418981482,shallow
isc_4747285,23.773,70.707,9.7,3.1,ML,Southern India,,,,,,,,,2002-03-13 23:47:47.700000+00:00,,isc,4747285.0,NDI,NDI,NDI,5254318.0,NDI,earthquake,2002,3,2000,4454.991524305556,shallow
isc_4747458,23.511,70.083,4.1,3.1,ML,Southern India,,,,,,,,,2002-03-20 03:37:30.500000+00:00,,isc,4747458.0,NDI,NDI,NDI,5254525.0,NDI,earthquake,2002,3,2000,4461.1510474537035,shallow
isc_4747585,23.575,70.257,10.0,3.3,ML,Southern India,,,,,,,,,2002-03-26 18:03:36.300000+00:00,,isc,4747585.0,NDI,NDI,NDI,5254655.0,NDI,earthquake,2002,3,2000,4467.752503472222,shallow
isc_4747617,23.46,70.214,10.0,3.1,ML,Southern India,,,,,,,,,2002-03-27 15:27:16.300000+00:00,,isc,4747617.0,NDI,NDI,NDI,5254691.0,NDI,earthquake,2002,3,2000,4468.6439386574075,shallow
usp000b177,23.579,69.983,10.0,4.2,mb,"48 km NW of Bhach?u, India",earthquake,reviewed,us,17.0,,0.94,,https://earthquake.usgs.gov/earthquakes/eventpage/usp000b177,2002-03-27 22:29:34.750000+00:00,2014-11-07 01:15:14.788000+00:00,usgs,,,,,,,,2002,3,2000,4468.9372077546295,shallow
isc_4747632,23.786,70.437,5.0,3.3,ML,Southern India,,,,,,,,,2002-03-29 05:40:06.300000+00:00,,isc,4747632.0,NDI,NDI,NDI,5254711.0,NDI,earthquake,2002,3,2000,4470.236184027778,shallow
isc_4747635,23.529,70.444,5.0,2.9,ML,Southern India,,,,,,,,,2002-03-29 08:46:40.300000+00:00,,isc,4747635.0,NDI,NDI,NDI,5254714.0,NDI,earthquake,2002,3,2000,4470.365744212963,shallow
usp000b1bn,23.483,70.345,10.0,4.5,mb,"20 km N of Bhach?u, India",earthquake,reviewed,us,48.0,,1.15,,https://earthquake.usgs.gov/earthquakes/eventpage/usp000b1bn,2002-03-30 06:17:46.640000+00:00,2020-09-18 18:48:03.456000+00:00,usgs,,,,,,,,2002,3,2000,4471.26234537037,shallow
isc_2945292,23.5429,70.525,18.6,4.33,mb,Southern India,,,,,,,,,2002-03-30 06:17:49.761000+00:00,,isc,2945292.0,ISC,ISC,ISC,5628821.0,ISC,earthquake,2002,3,2000,4471.262381493056,shallow
isc_4809126,23.362,70.312,26.9,3.2,ML,Southern India,,,,,,,,,2002-04-01 19:15:03.500000+00:00,,isc,4809126.0,NDI,NDI,NDI,5308408.0,NDI,earthquake,2002,4,2000,4473.802123842593,shallow
isc_4809130,23.371,70.309,23.8,3.2,ML,Southern India,,,,,,,,,2002-04-02 03:37:15.100000+00:00,,isc,4809130.0,NDI,NDI,NDI,5308412.0,NDI,earthquake,2002,4,2000,4474.150869212963,shallow
isc_4809132,23.712,70.406,15.8,3.4,ML,Southern India,,,,,,,,,2002-04-02 10:37:42.600000+00:00,,isc,4809132.0,NDI,NDI,NDI,5308413.0,NDI,earthquake,2002,4,2000,4474.442854166667,shallow
isc_4809141,23.569,70.405,7.2,3.0,ML,Southern India,,,,,,,,,2002-04-02 20:15:42.400000+00:00,,isc,4809141.0,NDI,NDI,NDI,5308422.0,NDI,earthquake,2002,4,2000,4474.84424074074,shallow
isc_4809207,23.468,70.31,15.0,3.3,ML,Southern India,,,,,,,,,2002-04-12 13:33:13.200000+00:00,,isc,4809207.0,NDI,NDI,NDI,5308495.0,NDI,earthquake,2002,4,2000,4484.564736111111,shallow
isc_4809218,23.475,70.372,18.2,3.0,ML,Southern India,,,,,,,,,2002-04-13 04:51:31.300000+00:00,,isc,4809218.0,NDI,NDI,NDI,5308511.0,NDI,earthquake,2002,4,2000,4485.202445601852,shallow
isc_4809221,23.463,70.41,31.1,2.8,ML,Southern India,,,,,,,,,2002-04-13 07:53:52.700000+00:00,,isc,4809221.0,NDI,NDI,NDI,5308513.0,NDI,earthquake,2002,4,2000,4485.329082175926,shallow
usp000b32x,23.393,70.024,10.0,4.0,mb,"30 km N of Anj?r, India",earthquake,reviewed,us,13.0,,1.03,,https://earthquake.usgs.gov/earthquakes/eventpage/usp000b32x,2002-04-24 17:08:48.110000+00:00,2014-11-07 01:15:28.149000+00:00,usgs,,,,,,,,2002,4,2000,4496.714445717593,shallow
isc_3149659,23.4407,70.2557,15.0,3.7,mb,Southern India,,,,,,,,,2002-04-24 17:08:50.878000+00:00,,isc,3149659.0,ISC,ISC,ISC,5842903.0,ISC,earthquake,2002,4,2000,4496.71447775463,shallow
isc_4809335,23.407,70.396,20.0,3.4,ML,Southern India,,,,,,,,,2002-04-28 01:15:02.800000+00:00,,isc,4809335.0,NDI,NDI,NDI,5308633.0,NDI,earthquake,2002,4,2000,4500.052115740741,shallow
isc_4809346,23.536,70.509,5.0,3.5,ML,Southern India,,,,,,,,,2002-04-29 20:25:28.600000+00:00,,isc,4809346.0,NDI,NDI,NDI,5308640.0,NDI,earthquake,2002,4,2000,4501.851025462964,shallow
isc_4852181,23.482,70.307,20.9,3.1,ML,Southern India,,,,,,,,,2002-05-01 21:48:15.500000+00:00,,isc,4852181.0,NDI,NDI,NDI,5343970.0,NDI,earthquake,2002,5,2000,4503.908512731481,shallow
isc_3256766,23.6033,70.3959,15.0,4.2,MW,Southern India,,,,,,,,,2002-05-09 16:51:20.423000+00:00,,isc,3256766.0,ISC,ISC,ISC,5930142.0,NDI,earthquake,2002,5,2000,4511.702319710648,shallow
isc_4852281,23.554,70.287,15.0,3.2,ML,Southern India,,,,,,,,,2002-05-15 22:59:00.900000+00:00,,isc,4852281.0,NDI,NDI,NDI,5344076.0,NDI,earthquake,2002,5,2000,4517.957649305556,shallow
isc_4852283,23.124,70.385,15.0,3.1,ML,Southern India,,,,,,,,,2002-05-16 00:05:32.400000+00:00,,isc,4852283.0,NDI,NDI,NDI,5344077.0,NDI,earthquake,2002,5,2000,4518.003847222222,shallow
isc_4852317,23.592,70.279,15.0,3.1,ML,Southern India,,,,,,,,,2002-05-21 06:33:41.400000+00:00,,isc,4852317.0,NDI,NDI,NDI,5344119.0,NDI,earthquake,2002,5,2000,4523.273395833333,shallow
isc_4852377,23.474,70.137,16.6,3.3,ML,Southern India,,,,,,,,,2002-05-29 03:50:21.900000+00:00,,isc,4852377.0,NDI,NDI,NDI,5344183.0,NDI,earthquake,2002,5,2000,4531.159975694444,shallow
isc_4876712,23.452,70.253,15.0,3.5,ML,Southern India,,,,,,,,,2002-06-11 15:32:34.900000+00:00,,isc,4876712.0,NDI,NDI,NDI,5359633.0,NDI,earthquake,2002,6,2000,4544.647626157407,shallow
isc_4876727,23.597,70.299,15.0,3.3,ML,Southern India,,,,,,,,,2002-06-12 13:14:34.400000+00:00,,isc,4876727.0,NDI,NDI,NDI,5359646.0,NDI,earthquake,2002,6,2000,4545.551787037037,shallow
isc_3793926,23.4417,70.4435,15.0,3.54,mb,Southern India,,,,,,,,,2002-06-12 15:33:59.106000+00:00,,isc,3793926.0,ISC,ISC,ISC,5977479.0,ISC,earthquake,2002,6,2000,4545.648600763889,shallow
isc_4876748,23.488,70.312,15.0,3.3,ML,Southern India,,,,,,,,,2002-06-14 23:56:46.100000+00:00,,isc,4876748.0,NDI,NDI,NDI,5359662.0,NDI,earthquake,2002,6,2000,4547.997755787037,shallow
isc_4876768,23.455,70.399,29.8,3.0,ML,Southern India,,,,,,,,,2002-06-18 06:33:38.200000+00:00,,isc,4876768.0,NDI,NDI,NDI,5359684.0,NDI,earthquake,2002,6,2000,4551.273358796296,shallow
isc_4876785,23.45,70.332,20.4,3.1,ML,Southern India,,,,,,,,,2002-06-20 08:54:19.100000+00:00,,isc,4876785.0,NDI,NDI,NDI,5359700.0,NDI,earthquake,2002,6,2000,4553.371054398149,shallow
isc_4876809,23.568,70.231,5.0,3.0,ML,Southern India,,,,,,,,,2002-06-24 03:43:58.200000+00:00,,isc,4876809.0,NDI,NDI,NDI,5359721.0,NDI,earthquake,2002,6,2000,4557.155534722222,shallow
isc_4910597,23.353,70.13,28.4,3.1,ML,Southern India,,,,,,,,,2002-07-04 04:39:21.500000+00:00,,isc,4910597.0,NDI,NDI,NDI,5406789.0,NDI,earthquake,2002,7,2000,4567.193998842593,shallow
isc_4910686,23.468,70.412,23.2,3.1,ML,Southern India,,,,,,,,,2002-07-13 13:40:22.500000+00:00,,isc,4910686.0,NDI,NDI,NDI,5406858.0,NDI,earthquake,2002,7,2000,4576.569704861111,shallow
isc_4910764,23.519,70.458,15.0,3.2,ML,Southern India,,,,,,,,,2002-07-21 01:50:04.300000+00:00,,isc,4910764.0,NDI,NDI,NDI,5406928.0,NDI,earthquake,2002,7,2000,4584.076438657407,shallow
isc_4910794,23.616,70.019,15.0,2.9,ML,Southern India,,,,,,,,,2002-07-24 19:20:17.300000+00:00,,isc,4910794.0,NDI,NDI,NDI,5406956.0,NDI,earthquake,2002,7,2000,4587.805755787037,shallow
isc_4929056,23.455,70.131,7.8,3.3,ML,Southern India,,,,,,,,,2002-08-01 19:13:27.300000+00:00,,isc,4929056.0,NDI,NDI,NDI,5430714.0,NDI,earthquake,2002,8,2000,4595.801010416667,shallow
isc_4929084,23.477,70.157,5.0,3.1,ML,Southern India,,,,,,,,,2002-08-06 19:49:26.200000+00:00,,isc,4929084.0,NDI,NDI,NDI,5430743.0,NDI,earthquake,2002,8,2000,4600.825997685185,shallow
usp000b9kq,23.409,70.306,10.0,4.6,mb,"12 km NNW of Bhach?u, India",earthquake,reviewed,us,32.0,,1.12,,https://earthquake.usgs.gov/earthquakes/eventpage/usp000b9kq,2002-08-09 21:00:55.890000+00:00,2020-09-18 18:59:16.296000+00:00,usgs,,,,,,,,2002,8,2000,4603.875646875,shallow
isc_3254863,23.5165,70.4171,15.0,3.37,MS,Southern India,,,,,,,,,2002-08-09 21:00:58.992000+00:00,,isc,3254863.0,ISC,ISC,ISC,6137472.0,ISC,earthquake,2002,8,2000,4603.875682777778,shallow
isc_4929112,23.429,70.184,28.4,2.9,ML,Southern India,,,,,,,,,2002-08-10 12:29:03.100000+00:00,,isc,4929112.0,NDI,NDI,NDI,5430770.0,NDI,earthquake,2002,8,2000,4604.520174768519,shallow
isc_4929140,23.913,70.457,38.8,3.2,ML,Southern India,,,,,,,,,2002-08-14 04:17:29.200000+00:00,,isc,4929140.0,NDI,NDI,NDI,5430798.0,NDI,earthquake,2002,8,2000,4608.178810185185,shallow
usp000ba52,23.236,70.234,10.0,3.9,mb,"13 km WSW of Bhach?u, India",earthquake,reviewed,us,6.0,,0.85,,https://earthquake.usgs.gov/earthquakes/eventpage/usp000ba52,2002-08-18 16:03:35.700000+00:00,2014-11-07 01:16:17.481000+00:00,usgs,,,,,,,,2002,8,2000,4612.669163194444,shallow
isc_3800325,23.3163,70.4843,15.0,3.75,mb,Southern India,,,,,,,,,2002-08-18 16:03:39.380000+00:00,,isc,3800325.0,ISC,ISC,ISC,6138183.0,ISC,earthquake,2002,8,2000,4612.669205787037,shallow
isc_4929175,23.973,71.409,5.0,2.9,ML,Southern India,,,,,,,,,2002-08-21 09:16:00.400000+00:00,,isc,4929175.0,NDI,NDI,NDI,5430835.0,NDI,earthquake,2002,8,2000,4615.38611574074,shallow
usp000bawa,23.063,70.263,10.0,3.8,mb,"5 km NE of K?ndla, India",earthquake,reviewed,us,8.0,,1.53,,https://earthquake.usgs.gov/earthquakes/eventpage/usp000bawa,2002-08-29 22:24:47.950000+00:00,2014-11-07 01:16:21.317000+00:00,usgs,,,,,,,,2002,8,2000,4623.9338883101855,shallow
isc_3801509,23.4574,70.4231,15.0,3.76,mb,Southern India,,,,,,,,,2002-08-29 22:24:52.264000+00:00,,isc,3801509.0,ISC,ISC,ISC,6139150.0,ISC,earthquake,2002,8,2000,4623.933938240741,shallow
isc_4929214,23.792,70.122,13.5,3.7,ML,Southern India,,,,,,,,,2002-08-30 01:42:31.500000+00:00,,isc,4929214.0,NDI,NDI,NDI,5430873.0,NDI,earthquake,2002,8,2000,4624.071197916666,shallow
isc_4929218,23.436,70.284,20.0,2.8,ML,Southern India,,,,,,,,,2002-08-30 17:06:45.200000+00:00,,isc,4929218.0,NDI,NDI,NDI,5430877.0,NDI,earthquake,2002,8,2000,4624.713023148148,shallow
isc_5670527,23.595,70.171,23.6,3.3,ML,Southern India,,,,,,,,,2002-09-01 22:52:47.600000+00:00,,isc,5670527.0,NDI,NDI,NDI,5851177.0,NDI,earthquake,2002,9,2000,4626.953328703704,shallow
isc_5670551,23.414,70.035,5.0,3.2,ML,Southern India,,,,,,,,,2002-09-05 21:39:31.700000+00:00,,isc,5670551.0,NDI,NDI,NDI,5851203.0,NDI,earthquake,2002,9,2000,4630.902450231481,shallow
isc_5670555,23.583,70.346,5.0,3.2,ML,Southern India,,,,,,,,,2002-09-05 23:08:04.700000+00:00,,isc,5670555.0,NDI,NDI,NDI,5851205.0,NDI,earthquake,2002,9,2000,4630.963943287037,shallow
isc_3796144,23.3604,70.4856,15.0,3.75,mb,Southern India,,,,,,,,,2002-09-07 23:38:19.215000+00:00,,isc,3796144.0,ISC,ISC,ISC,6149825.0,ISC,earthquake,2002,9,2000,4632.984944618055,shallow
isc_3796516,23.393,70.2562,14.1,3.22,MS,Southern India,,,,,,,,,2002-09-09 20:02:19.236000+00:00,,isc,3796516.0,ISC,ISC,ISC,6150043.0,ISC,earthquake,2002,9,2000,4634.834944861112,shallow
isc_5670613,23.19,70.421,10.0,3.0,ML,Southern India,,,,,,,,,2002-09-16 01:18:11.100000+00:00,,isc,5670613.0,NDI,NDI,NDI,5851268.0,NDI,earthquake,2002,9,2000,4641.054295138889,shallow
isc_5670633,23.419,70.365,26.9,3.5,ML,Southern India,,,,,,,,,2002-09-20 00:07:46.400000+00:00,,isc,5670633.0,NDI,NDI,NDI,5851289.0,NDI,earthquake,2002,9,2000,4645.005398148148,shallow
isc_5670685,23.478,70.258,10.7,2.8,ML,Southern India,,,,,,,,,2002-09-25 08:43:30.900000+00:00,,isc,5670685.0,NDI,NDI,NDI,5851334.0,NDI,earthquake,2002,9,2000,4650.363552083333,shallow
isc_5737709,23.382,70.296,10.0,3.2,ML,Southern India,,,,,,,,,2002-10-03 02:57:08.900000+00:00,,isc,5737709.0,NDI,NDI,NDI,5910459.0,NDI,earthquake,2002,10,2000,4658.123019675925,shallow
isc_5737762,23.42,70.399,5.0,2.7,ML,Southern India,,,,,,,,,2002-10-08 12:32:47.800000+00:00,,isc,5737762.0,NDI,NDI,NDI,5910511.0,NDI,earthquake,2002,10,2000,4663.522775462963,shallow
isc_5737764,23.484,70.415,7.5,2.8,ML,Southern India,,,,,,,,,2002-10-08 15:05:46.600000+00:00,,isc,5737764.0,NDI,NDI,NDI,5910512.0,NDI,earthquake,2002,10,2000,4663.629011574074,shallow
isc_5737807,23.326,70.109,10.0,2.7,ML,Southern India,,,,,,,,,2002-10-11 18:33:35.700000+00:00,,isc,5737807.0,NDI,NDI,NDI,5910544.0,NDI,earthquake,2002,10,2000,4666.773329861111,shallow
isc_5737812,23.791,70.35,15.0,2.9,ML,Southern India,,,,,,,,,2002-10-12 00:41:37.900000+00:00,,isc,5737812.0,NDI,NDI,NDI,5910550.0,NDI,earthquake,2002,10,2000,4667.02891087963,shallow
isc_5737852,23.54,70.168,5.0,3.3,ML,Southern India,,,,,,,,,2002-10-16 14:44:00.500000+00:00,,isc,5737852.0,NDI,NDI,NDI,5910575.0,NDI,earthquake,2002,10,2000,4671.613894675926,shallow
isc_5737887,23.633,70.423,5.0,2.9,ML,Southern India,,,,,,,,,2002-10-21 06:24:40.300000+00:00,,isc,5737887.0,NDI,NDI,NDI,5910608.0,NDI,earthquake,2002,10,2000,4676.267133101852,shallow
isc_5737943,23.409,70.32,10.0,2.9,ML,Southern India,,,,,,,,,2002-10-27 11:28:11.800000+00:00,,isc,5737943.0,NDI,NDI,NDI,5910654.0,NDI,earthquake,2002,10,2000,4682.477914351852,shallow
isc_6126397,23.544,70.051,13.8,3.0,ML,Southern India,,,,,,,,,2002-11-05 18:17:08.300000+00:00,,isc,6126397.0,NDI,NDI,NDI,5988817.0,NDI,earthquake,2002,11,2000,4691.761901620371,shallow
isc_6126883,23.428,70.038,20.3,3.1,ML,Southern India,,,,,,,,,2002-11-06 06:38:13.500000+00:00,,isc,6126883.0,NDI,NDI,NDI,5988825.0,NDI,earthquake,2002,11,2000,4692.276545138889,shallow
isc_6128608,23.477,70.324,14.1,2.6,ML,Southern India,,,,,,,,,2002-11-08 13:56:12.800000+00:00,,isc,6128608.0,NDI,NDI,NDI,5988851.0,NDI,earthquake,2002,11,2000,4694.580703703704,shallow
isc_6129244,23.431,70.23,14.0,3.3,MW,Southern India,,,,,,,,,2002-11-09 07:25:46.400000+00:00,,isc,6129244.0,NDI,NDI,NDI,5988860.0,NDI,earthquake,2002,11,2000,4695.309564814815,shallow
isc_6130039,23.756,70.508,22.1,2.8,ML,Southern India,,,,,,,,,2002-11-10 07:56:05.600000+00:00,,isc,6130039.0,NDI,NDI,NDI,5988867.0,NDI,earthquake,2002,11,2000,4696.3306203703705,shallow
isc_6130561,23.672,70.384,15.7,3.4,MW,Southern India,,,,,,,,,2002-11-11 02:21:16.700000+00:00,,isc,6130561.0,NDI,NDI,NDI,5988873.0,NDI,earthquake,2002,11,2000,4697.098109953704,shallow
isc_6132766,23.917,70.16,5.0,3.6,ML,Southern India,,,,,,,,,2002-11-14 09:20:44.500000+00:00,,isc,6132766.0,NDI,NDI,NDI,5988892.0,NDI,earthquake,2002,11,2000,4700.389403935185,shallow
isc_6133095,23.2382,70.342,15.0,3.78,mb,Southern India,,,,,,,,,2002-11-14 19:49:15.875000+00:00,,isc,6133095.0,ISC,ISC,ISC,6145782.0,ISC,earthquake,2002,11,2000,4700.82587818287,shallow
isc_6136759,23.493,70.35,11.2,3.1,ML,Southern India,,,,,,,,,2002-11-19 23:17:25.800000+00:00,,isc,6136759.0,NDI,NDI,NDI,5988927.0,NDI,earthquake,2002,11,2000,4705.9704375,shallow
isc_6136978,23.453,70.271,10.0,3.0,ML,Southern India,,,,,,,,,2002-11-20 07:51:15.700000+00:00,,isc,6136978.0,NDI,NDI,NDI,5988930.0,NDI,earthquake,2002,11,2000,4706.327265046296,shallow
isc_6137661,23.453,70.461,15.0,2.7,ML,Southern India,,,,,,,,,2002-11-21 05:23:16.700000+00:00,,isc,6137661.0,NDI,NDI,NDI,5988954.0,NDI,earthquake,2002,11,2000,4707.224498842593,shallow
isc_6138382,23.685,70.316,15.0,2.3,ML,Southern India,,,,,,,,,2002-11-22 09:10:07.100000+00:00,,isc,6138382.0,NDI,NDI,NDI,5988980.0,NDI,earthquake,2002,11,2000,4708.38202662037,shallow
isc_6143398,23.4095,70.2537,15.0,3.5,mb,Southern India,,,,,,,,,2002-11-29 22:39:30.579000+00:00,,isc,6143398.0,ISC,ISC,ISC,6193301.0,ISC,earthquake,2002,11,2000,4715.944103923611,shallow
isc_6252487,23.431,70.289,5.0,2.9,ML,Southern India,,,,,,,,,2002-12-04 14:02:38.500000+00:00,,isc,6252487.0,NDI,NDI,NDI,6071774.0,NDI,earthquake,2002,12,2000,4720.585167824074,shallow
isc_6253522,23.58,70.328,5.0,2.7,ML,Southern India,,,,,,,,,2002-12-06 09:10:03.400000+00:00,,isc,6253522.0,NDI,NDI,NDI,6071788.0,NDI,earthquake,2002,12,2000,4722.381983796296,shallow
isc_6256756,23.353,70.234,11.9,2.8,ML,Southern India,,,,,,,,,2002-12-12 02:59:02.900000+00:00,,isc,6256756.0,NDI,NDI,NDI,6071837.0,NDI,earthquake,2002,12,2000,4728.12433912037,shallow
isc_6262471,23.424,70.308,15.0,3.4,MD,Southern India,,,,,,,,,2002-12-22 15:26:58.700000+00:00,,isc,6262471.0,NDI,NDI,NDI,6071956.0,NDI,earthquake,2002,12,2000,4738.643734953704,shallow
isc_6262588,23.474,70.345,12.7,3.4,ML,Southern India,,,,,,,,,2002-12-22 20:33:05.900000+00:00,,isc,6262588.0,NDI,NDI,NDI,6071960.0,NDI,earthquake,2002,12,2000,4738.856318287037,shallow
isc_6262981,23.498,70.255,15.0,3.2,ML,Southern India,,,,,,,,,2002-12-23 13:30:57.400000+00:00,,isc,6262981.0,NDI,NDI,NDI,6071969.0,NDI,earthquake,2002,12,2000,4739.563164351852,shallow
isc_6263572,23.451,70.323,27.0,3.2,ML,Southern India,,,,,,,,,2002-12-24 11:49:49.500000+00:00,,isc,6263572.0,NDI,NDI,NDI,6071975.0,NDI,earthquake,2002,12,2000,4740.492934027778,shallow
isc_6263623,23.325,70.369,11.8,3.7,ML,Southern India,,,,,,,,,2002-12-24 13:30:32.300000+00:00,,isc,6263623.0,NDI,NDI,NDI,6071977.0,NDI,earthquake,2002,12,2000,4740.562873842593,shallow
isc_6529039,23.509,70.041,15.0,3.4,ML,Southern India,,,,,,,,,2003-01-01 09:55:20.900000+00:00,,isc,6529039.0,NDI,NDI,NDI,6122895.0,NDI,earthquake,2003,1,2000,4748.413436342592,shallow
isc_6531887,23.446,70.411,13.5,3.3,ML,Southern India,,,,,,,,,2003-01-06 10:44:16.100000+00:00,,isc,6531887.0,NDI,NDI,NDI,6122938.0,NDI,earthquake,2003,1,2000,4753.447408564815,shallow
isc_6532130,23.434,70.319,6.8,3.3,ML,Southern India,,,,,,,,,2003-01-06 20:37:15.900000+00:00,,isc,6532130.0,NDI,NDI,NDI,6122942.0,NDI,earthquake,2003,1,2000,4753.859211805555,shallow
isc_6532146,23.45,70.293,5.0,2.9,ML,Southern India,,,,,,,,,2003-01-06 20:54:57.100000+00:00,,isc,6532146.0,NDI,NDI,NDI,6122943.0,NDI,earthquake,2003,1,2000,4753.871494212964,shallow
isc_6533602,23.433,70.411,2.3,3.2,ML,Southern India,,,,,,,,,2003-01-09 07:43:07.200000+00:00,,isc,6533602.0,NDI,NDI,NDI,6122976.0,NDI,earthquake,2003,1,2000,4756.3216111111105,shallow
isc_6537336,23.629,70.37,19.9,3.2,ML,Southern India,,,,,,,,,2003-01-15 13:28:44.500000+00:00,,isc,6537336.0,NDI,NDI,NDI,6123020.0,NDI,earthquake,2003,1,2000,4762.561626157408,shallow
usp000bnv1,23.149,70.636,10.0,4.1,mb,"34 km ESE of Bhach?u, India",earthquake,reviewed,us,16.0,,1.24,,https://earthquake.usgs.gov/earthquakes/eventpage/usp000bnv1,2003-01-19 22:57:26.600000+00:00,2014-11-07 01:17:36.554000+00:00,usgs,,,,,,,,2003,1,2000,4766.9565578703705,shallow
isc_6542208,23.631,70.467,15.0,2.9,ML,Southern India,,,,,,,,,2003-01-23 07:39:43.500000+00:00,,isc,6542208.0,NDI,NDI,NDI,6123083.0,NDI,earthquake,2003,1,2000,4770.319253472222,shallow
isc_6583300,23.437,70.336,15.9,3.0,ML,Southern India,,,,,,,,,2003-02-08 11:47:56.600000+00:00,,isc,6583300.0,NDI,NDI,NDI,6141773.0,NDI,earthquake,2003,2,2000,4786.491627314815,shallow
isc_6584018,23.422,70.216,15.0,2.9,ML,Southern India,,,,,,,,,2003-02-09 15:20:33.700000+00:00,,isc,6584018.0,NDI,NDI,NDI,6141777.0,NDI,earthquake,2003,2,2000,4787.639278935185,shallow
isc_6584242,23.463,70.256,2.5,3.1,ML,Southern India,,,,,,,,,2003-02-09 22:44:50.800000+00:00,,isc,6584242.0,NDI,NDI,NDI,6141780.0,NDI,earthquake,2003,2,2000,4787.9478101851855,shallow
usp000bqg0,23.386,70.218,10.0,4.5,mb,"16 km NW of Bhach?u, India",earthquake,reviewed,us,23.0,,1.13,,https://earthquake.usgs.gov/earthquakes/eventpage/usp000bqg0,2003-02-11 19:27:14.670000+00:00,2020-09-18 19:17:02.214000+00:00,usgs,,,,,,,,2003,2,2000,4789.810586458333,shallow
isc_6585433,23.4484,70.3631,15.0,4.35,mb,Southern India,,,,,,,,,2003-02-11 19:27:16.925000+00:00,,isc,6585433.0,ISC,ISC,ISC,6351742.0,ISC,earthquake,2003,2,2000,4789.810612557871,shallow
isc_6586584,23.378,70.407,2.4,3.4,ML,Southern India,,,,,,,,,2003-02-13 14:15:52.800000+00:00,,isc,6586584.0,NDI,NDI,NDI,6141804.0,NDI,earthquake,2003,2,2000,4791.5943611111115,shallow
isc_6587198,23.385,70.448,9.3,3.1,ML,Southern India,,,,,,,,,2003-02-14 11:53:54.600000+00:00,,isc,6587198.0,NDI,NDI,NDI,6141810.0,NDI,earthquake,2003,2,2000,4792.495770833334,shallow
isc_6589183,23.525,70.439,5.0,3.4,ML,Southern India,,,,,,,,,2003-02-16 23:34:31.800000+00:00,,isc,6589183.0,NDI,NDI,NDI,6141832.0,NDI,earthquake,2003,2,2000,4794.9823125,shallow
isc_6589663,22.974,70.19,1.8,3.0,ML,Southern India,,,,,,,,,2003-02-17 14:38:33.100000+00:00,,isc,6589663.0,NDI,NDI,NDI,6141837.0,NDI,earthquake,2003,2,2000,4795.6101053240745,shallow
isc_6590264,23.649,70.263,15.0,2.9,ML,Southern India,,,,,,,,,2003-02-18 11:37:04.100000+00:00,,isc,6590264.0,NDI,NDI,NDI,6141840.0,NDI,earthquake,2003,2,2000,4796.484075231482,shallow
isc_6595575,23.556,70.183,5.0,3.2,ML,Southern India,,,,,,,,,2003-02-26 11:33:11.800000+00:00,,isc,6595575.0,NDI,NDI,NDI,6141919.0,NDI,earthquake,2003,2,2000,4804.481386574074,shallow
isc_6609420,23.322,70.463,1.2,3.0,ML,Southern India,,,,,,,,,2003-03-06 08:26:59.300000+00:00,,isc,6609420.0,NDI,NDI,NDI,6169346.0,NDI,earthquake,2003,3,2000,4812.352075231482,shallow
isc_6610390,23.495,70.428,5.0,3.7,ML,Southern India,,,,,,,,,2003-03-08 02:15:49.700000+00:00,,isc,6610390.0,NDI,NDI,NDI,6169360.0,NDI,earthquake,2003,3,2000,4814.094325231481,shallow
isc_6612312,23.782,70.618,5.0,2.9,ML,Southern India,,,,,,,,,2003-03-11 13:41:11.200000+00:00,,isc,6612312.0,NDI,NDI,NDI,6169384.0,NDI,earthquake,2003,3,2000,4817.570268518519,shallow
isc_6613557,23.506,70.313,5.0,2.6,ML,Southern India,,,,,,,,,2003-03-13 13:57:54.400000+00:00,,isc,6613557.0,NDI,NDI,NDI,6169402.0,NDI,earthquake,2003,3,2000,4819.581879629629,shallow
isc_6613853,23.351,70.476,2.0,3.2,ML,Southern India,,,,,,,,,2003-03-13 22:33:06.800000+00:00,,isc,6613853.0,NDI,NDI,NDI,6169405.0,NDI,earthquake,2003,3,2000,4819.939662037037,shallow
isc_6615081,24.11,70.205,18.8,3.3,ML,India-Pakistan border region,,,,,,,,,2003-03-15 18:28:19.800000+00:00,,isc,6615081.0,NDI,NDI,NDI,6169412.0,NDI,earthquake,2003,3,2000,4821.769673611111,shallow
isc_6615806,23.513,70.294,5.0,3.1,ML,Southern India,,,,,,,,,2003-03-16 16:46:35.800000+00:00,,isc,6615806.0,NDI,NDI,NDI,6169429.0,NDI,earthquake,2003,3,2000,4822.699025462963,shallow
isc_6617376,23.474,70.438,20.3,3.0,ML,Southern India,,,,,,,,,2003-03-19 03:02:39.400000+00:00,,isc,6617376.0,NDI,NDI,NDI,6169451.0,NDI,earthquake,2003,3,2000,4825.126844907407,shallow
isc_6617649,23.8,70.435,13.5,3.0,ML,Southern India,,,,,,,,,2003-03-19 13:21:41.300000+00:00,,isc,6617649.0,NDI,NDI,NDI,6169453.0,NDI,earthquake,2003,3,2000,4825.556728009259,shallow
isc_6624312,23.326,70.397,15.0,3.2,ML,Southern India,,,,,,,,,2003-03-30 10:14:51.600000+00:00,,isc,6624312.0,NDI,NDI,NDI,6169525.0,NDI,earthquake,2003,3,2000,4836.426986111112,shallow
isc_6688649,23.508,70.273,35.9,2.9,ML,Southern India,,,,,,,,,2003-04-07 08:20:57.200000+00:00,,isc,6688649.0,NDI,NDI,NDI,6193023.0,NDI,earthquake,2003,4,2000,4844.347884259259,shallow
isc_6691363,23.154,70.369,3.9,2.6,ML,Southern India,,,,,,,,,2003-04-12 00:31:56.800000+00:00,,isc,6691363.0,NDI,NDI,NDI,6193061.0,NDI,earthquake,2003,4,2000,4849.022185185186,shallow
isc_6696533,23.363,70.026,5.0,3.2,ML,Southern India,,,,,,,,,2003-04-20 00:42:37.800000+00:00,,isc,6696533.0,NDI,NDI,NDI,6193102.0,NDI,earthquake,2003,4,2000,4857.029604166667,shallow
isc_6839090,23.576,70.301,20.5,2.7,ML,Southern India,,,,,,,,,2003-05-11 10:04:30.900000+00:00,,isc,6839090.0,NDI,NDI,NDI,6232772.0,NDI,earthquake,2003,5,2000,4878.419802083333,shallow
isc_6845866,23.538,70.28,15.0,3.0,ML,Southern India,,,,,,,,,2003-05-21 20:26:20.100000+00:00,,isc,6845866.0,NDI,NDI,NDI,6232843.0,NDI,earthquake,2003,5,2000,4888.851621527778,shallow
isc_6846757,23.395,70.4,5.0,3.6,MW,Southern India,,,,,,,,,2003-05-22 17:42:34.800000+00:00,,isc,6846757.0,NDI,NDI,NDI,6232851.0,NDI,earthquake,2003,5,2000,4889.737902777778,shallow
isc_6847876,23.639,70.345,7.2,2.9,ML,Southern India,,,,,,,,,2003-05-24 03:43:36.500000+00:00,,isc,6847876.0,NDI,NDI,NDI,6232860.0,NDI,earthquake,2003,5,2000,4891.155283564814,shallow
isc_6853177,23.361,70.369,12.5,3.2,ML,Southern India,,,,,,,,,2003-05-28 01:03:43.300000+00:00,,isc,6853177.0,NDI,NDI,NDI,6232900.0,NDI,earthquake,2003,5,2000,4895.044251157407,shallow
isc_6853964,23.422,70.417,15.0,3.3,ML,Southern India,,,,,,,,,2003-05-28 14:06:01.800000+00:00,,isc,6853964.0,NDI,NDI,NDI,6232903.0,NDI,earthquake,2003,5,2000,4895.587520833334,shallow
isc_6857399,23.2959,70.1886,15.0,3.88,mb,Southern India,,,,,,,,,2003-05-31 01:54:05.481000+00:00,,isc,6857399.0,ISC,ISC,ISC,6578587.0,ISC,earthquake,2003,5,2000,4898.0792301041665,shallow
isc_6925247,23.173,70.408,15.0,3.0,ML,Southern India,,,,,,,,,2003-06-01 21:49:10.800000+00:00,,isc,6925247.0,NDI,NDI,NDI,6303751.0,NDI,earthquake,2003,6,2000,4899.909152777778,shallow
isc_6928715,23.524,70.371,15.0,2.4,ML,Southern India,,,,,,,,,2003-06-05 16:29:38.100000+00:00,,isc,6928715.0,NDI,NDI,NDI,6303788.0,NDI,earthquake,2003,6,2000,4903.687246527778,shallow
isc_6935314,23.397,70.225,10.0,2.8,ML,Southern India,,,,,,,,,2003-06-12 19:41:45.600000+00:00,,isc,6935314.0,NDI,NDI,NDI,6303831.0,NDI,earthquake,2003,6,2000,4910.8206666666665,shallow
isc_6935491,23.365,70.356,10.4,3.0,ML,Southern India,,,,,,,,,2003-06-13 00:10:33.900000+00:00,,isc,6935491.0,NDI,NDI,NDI,6303834.0,NDI,earthquake,2003,6,2000,4911.0073368055555,shallow
isc_6943626,23.741,70.194,5.0,2.9,ML,Southern India,,,,,,,,,2003-06-22 12:39:41.700000+00:00,,isc,6943626.0,NDI,NDI,NDI,6303869.0,NDI,earthquake,2003,6,2000,4920.527565972222,shallow
isc_6947440,23.147,70.418,34.1,3.1,MD,Southern India,,,,,,,,,2003-06-27 10:28:46.300000+00:00,,isc,6947440.0,NDI,NDI,NDI,6303896.0,NDI,earthquake,2003,6,2000,4925.436646990741,shallow
isc_6947837,23.162,70.039,5.0,2.9,ML,Southern India,,,,,,,,,2003-06-27 23:36:47.300000+00:00,,isc,6947837.0,NDI,NDI,NDI,6303898.0,NDI,earthquake,2003,6,2000,4925.983880787037,shallow
isc_6999557,23.529,70.288,5.0,3.5,ML,Southern India,,,,,,,,,2003-07-16 05:40:59.800000+00:00,,isc,6999557.0,NDI,NDI,NDI,6345968.0,NDI,earthquake,2003,7,2000,4944.236803240741,shallow
isc_7054129,23.613,70.355,10.0,3.5,ML,Southern India,,,,,,,,,2003-08-03 15:40:11.100000+00:00,,isc,7054129.0,NDI,NDI,NDI,6384799.0,NDI,earthquake,2003,8,2000,4962.65290625,shallow
usp000c467,23.689,70.435,10.0,5.0,mwc,"25 km WNW of R?par, India",earthquake,reviewed,us,256.0,,0.95,51.0,https://earthquake.usgs.gov/earthquakes/eventpage/usp000c467,2003-08-05 11:08:01.910000+00:00,2020-07-08 01:26:53.142000+00:00,usgs,,,,,,,,2003,8,2000,4964.4639109953705,shallow
isc_7056763,23.513,70.49,10.0,2.8,ML,Southern India,,,,,,,,,2003-08-07 00:02:31.300000+00:00,,isc,7056763.0,NDI,NDI,NDI,6384818.0,NDI,earthquake,2003,8,2000,4966.001751157408,shallow
isc_7057358,23.202,70.373,5.0,2.6,ML,Southern India,,,,,,,,,2003-08-07 23:20:02.500000+00:00,,isc,7057358.0,NDI,NDI,NDI,6384817.0,NDI,earthquake,2003,8,2000,4966.972251157407,shallow
isc_7059272,23.092,70.438,5.0,3.0,ML,Southern India,,,,,,,,,2003-08-11 01:32:15.700000+00:00,,isc,7059272.0,NDI,NDI,NDI,6384830.0,NDI,earthquake,2003,8,2000,4970.064070601852,shallow
isc_7064558,23.317,70.322,16.8,3.0,ML,Southern India,,,,,,,,,2003-08-18 15:19:21.500000+00:00,,isc,7064558.0,NDI,NDI,NDI,6384877.0,NDI,earthquake,2003,8,2000,4977.638443287037,shallow
isc_7073190,23.51,70.037,6.4,3.4,ML,Southern India,,,,,,,,,2003-08-29 20:59:51.800000+00:00,,isc,7073190.0,NDI,NDI,NDI,6384960.0,NDI,earthquake,2003,8,2000,4988.874905092593,shallow
usp000c73c,23.886,69.588,10.0,3.9,mb,"64 km S of Diplo, Pakistan",earthquake,reviewed,us,9.0,,1.08,192.1,https://earthquake.usgs.gov/earthquakes/eventpage/usp000c73c,2003-09-08 23:37:18.870000+00:00,2014-11-07 01:19:47.448000+00:00,usgs,,,,,,,,2003,9,2000,4998.984246180556,shallow
isc_7122603,23.6183,69.9424,15.0,3.77,mb,Southern India,,,,,,,,,2003-09-08 23:37:19.669000+00:00,,isc,7122603.0,ISC,ISC,ISC,6683451.0,ISC,earthquake,2003,9,2000,4998.984255428241,shallow
isc_7130183,23.821,70.392,5.0,2.5,ML,Southern India,,,,,,,,,2003-09-19 11:08:57.500000+00:00,,isc,7130183.0,NDI,NDI,NDI,6421451.0,NDI,earthquake,2003,9,2000,5009.464554398148,shallow
isc_7134055,22.573,70.166,15.0,3.0,ML,Southern India,,,,,,,,,2003-09-25 07:27:26.300000+00:00,,isc,7134055.0,NDI,NDI,NDI,6421554.0,NDI,earthquake,2003,9,2000,5015.310721064815,shallow
isc_7151750,23.714,70.06,5.0,3.4,ML,Southern India,,,,,,,,,2003-10-06 16:08:12.100000+00:00,,isc,7151750.0,NDI,NDI,NDI,6462838.0,NDI,earthquake,2003,10,2000,5026.672362268519,shallow
usp000ca4v,23.375,69.916,10.0,4.4,mb,"28 km ENE of Bhuj, India",earthquake,reviewed,us,37.0,,0.97,126.4,https://earthquake.usgs.gov/earthquakes/eventpage/usp000ca4v,2003-10-11 09:47:53.620000+00:00,2014-11-07 01:20:11.030000+00:00,usgs,,,,,,,,2003,10,2000,5031.40825949074,shallow
isc_7155397,23.3642,70.1662,15.0,4.44,mb,Southern India,,,,,,,,,2003-10-11 09:47:56.293000+00:00,,isc,7155397.0,ISC,ISC,ISC,6736559.0,ISC,earthquake,2003,10,2000,5031.40829042824,shallow
isc_7156546,23.778,70.045,5.0,3.0,ML,Southern India,,,,,,,,,2003-10-12 19:48:55.600000+00:00,,isc,7156546.0,NDI,NDI,NDI,6462870.0,NDI,earthquake,2003,10,2000,5032.8256435185185,shallow
isc_7169881,23.847,70.6,10.0,3.1,ML,Southern India,,,,,,,,,2003-10-31 01:52:14.400000+00:00,,isc,7169881.0,NDI,NDI,NDI,6463035.0,NDI,earthquake,2003,10,2000,5051.077944444444,shallow
isc_7178854,23.321,70.456,5.0,3.6,MW,Southern India,,,,,,,,,2003-11-08 05:44:53.700000+00:00,,isc,7178854.0,NDI,NDI,NDI,6556757.0,NDI,earthquake,2003,11,2000,5059.239510416666,shallow
isc_7192041,23.697,70.677,5.0,2.9,ML,Southern India,,,,,,,,,2003-11-25 22:39:24.600000+00:00,,isc,7192041.0,NDI,NDI,NDI,6556896.0,NDI,earthquake,2003,11,2000,5076.944034722223,shallow
isc_7220397,23.975,70.192,20.3,3.1,ML,Southern India,,,,,,,,,2003-12-29 06:03:51.900000+00:00,,isc,7220397.0,NDI,NDI,NDI,6593936.0,NDI,earthquake,2003,12,2000,5110.252684027778,shallow
isc_7220955,23.245,70.548,17.7,2.7,ML,Southern India,,,,,,,,,2003-12-29 22:12:50.100000+00:00,,isc,7220955.0,NDI,NDI,NDI,6593940.0,NDI,earthquake,2003,12,2000,5110.925579861111,shallow
isc_7227009,23.648,70.167,5.0,2.8,ML,Southern India,,,,,,,,,2004-01-05 00:01:00.500000+00:00,,isc,7227009.0,NDI,NDI,NDI,6662956.0,NDI,earthquake,2004,1,2000,5117.0007002314815,shallow
isc_7229182,23.449,70.214,20.4,2.7,ML,Southern India,,,,,,,,,2004-01-07 19:31:58.200000+00:00,,isc,7229182.0,NDI,NDI,NDI,6662969.0,NDI,earthquake,2004,1,2000,5119.813868055556,shallow
isc_7229927,23.62,70.315,15.8,2.6,ML,Southern India,,,,,,,,,2004-01-08 23:02:35.700000+00:00,,isc,7229927.0,NDI,NDI,NDI,6662976.0,NDI,earthquake,2004,1,2000,5120.960135416666,shallow
isc_7231557,23.847,70.322,5.0,2.9,ML,Southern India,,,,,,,,,2004-01-11 03:41:13.200000+00:00,,isc,7231557.0,NDI,NDI,NDI,6662999.0,NDI,earthquake,2004,1,2000,5123.153625,shallow
isc_7233889,23.373,70.136,4.0,2.5,ML,Southern India,,,,,,,,,2004-01-14 14:45:22.100000+00:00,,isc,7233889.0,NDI,NDI,NDI,6663029.0,NDI,earthquake,2004,1,2000,5126.614839120371,shallow
isc_7241291,23.751,70.006,5.0,2.9,ML,Southern India,,,,,,,,,2004-01-25 08:07:57.700000+00:00,,isc,7241291.0,NDI,NDI,NDI,6663083.0,NDI,earthquake,2004,1,2000,5137.338862268519,shallow
isc_7500578,23.781,70.225,19.9,3.1,ML,Southern India,,,,,,,,,2004-02-04 13:51:50.200000+00:00,,isc,7500578.0,NDI,NDI,NDI,6720804.0,NDI,earthquake,2004,2,2000,5147.577664351852,shallow
isc_7500666,23.194,70.404,10.0,2.7,ML,Southern India,,,,,,,,,2004-02-04 20:07:09.500000+00:00,,isc,7500666.0,NDI,NDI,NDI,6720808.0,NDI,earthquake,2004,2,2000,5147.8383043981485,shallow
isc_7503154,23.792,70.212,15.0,2.6,ML,Southern India,,,,,,,,,2004-02-12 08:07:22.900000+00:00,,isc,7503154.0,NDI,NDI,NDI,6720844.0,NDI,earthquake,2004,2,2000,5155.33845949074,shallow
isc_7503620,23.237,70.233,5.0,3.4,ML,Southern India,,,,,,,,,2004-02-13 15:38:18.200000+00:00,,isc,7503620.0,NDI,NDI,NDI,6720853.0,NDI,earthquake,2004,2,2000,5156.651599537037,shallow
isc_7508048,23.422,70.624,3.4,3.0,ML,Southern India,,,,,,,,,2004-02-26 12:14:52.700000+00:00,,isc,7508048.0,NDI,NDI,NDI,6720954.0,NDI,earthquake,2004,2,2000,5169.510332175926,shallow
isc_7510573,23.626,70.025,20.0,2.8,ML,Southern India,,,,,,,,,2004-03-23 03:18:49.500000+00:00,,isc,7510573.0,NDI,NDI,NDI,6745372.0,NDI,earthquake,2004,3,2000,5195.138072916667,shallow
usp000csbb,22.418,70.474,10.0,4.2,mb,"13 km W of Paddhari, India",earthquake,reviewed,us,12.0,,1.33,170.0,https://earthquake.usgs.gov/earthquakes/eventpage/usp000csbb,2004-04-12 15:07:00.600000+00:00,2014-11-07 01:21:58.139000+00:00,usgs,,,,,,,,2004,4,2000,5215.629868055556,shallow
isc_7329177,22.5561,70.5804,35.0,3.34,MS,Southern India,,,,,,,,,2004-04-12 15:07:03.014000+00:00,,isc,7329177.0,ISC,ISC,ISC,7147415.0,ISC,earthquake,2004,4,2000,5215.62989599537,shallow
isc_7575726,23.802,70.466,15.0,3.2,ML,Southern India,,,,,,,,,2004-04-16 09:40:17.400000+00:00,,isc,7575726.0,NDI,NDI,NDI,6798883.0,NDI,earthquake,2004,4,2000,5219.402979166666,shallow
isc_7678945,23.605,70.254,12.8,3.3,ML,Southern India,,,,,,,,,2004-05-07 22:53:13.600000+00:00,,isc,7678945.0,NDI,NDI,NDI,6832625.0,NDI,earthquake,2004,5,2000,5240.95362962963,shallow
isc_7352199,23.2719,70.6571,10.0,3.84,mb,Southern India,,,,,,,,,2004-06-02 13:49:52.371000+00:00,,isc,7352199.0,ISC,ISC,ISC,7327915.0,ISC,earthquake,2004,6,2000,5266.576300590277,shallow
isc_7753715,23.664,70.14,7.6,2.8,ML,Southern India,,,,,,,,,2004-06-02 18:29:49.700000+00:00,,isc,7753715.0,NDI,NDI,NDI,6898586.0,NDI,earthquake,2004,6,2000,5266.77071412037,shallow
isc_7753836,23.6099,70.4914,10.0,3.51,mb,Southern India,,,,,,,,,2004-06-07 05:29:30.756000+00:00,,isc,7753836.0,ISC,ISC,ISC,7389356.0,ISC,earthquake,2004,6,2000,5271.228828194444,shallow
isc_7753978,23.163,70.205,38.9,3.0,ML,Southern India,,,,,,,,,2004-06-11 07:29:17.400000+00:00,,isc,7753978.0,NDI,NDI,NDI,6898633.0,NDI,earthquake,2004,6,2000,5275.312006944444,shallow
isc_7754198,23.598,70.383,10.0,2.8,ML,Southern India,,,,,,,,,2004-06-22 07:00:05.800000+00:00,,isc,7754198.0,NDI,NDI,NDI,6898684.0,NDI,earthquake,2004,6,2000,5286.291733796296,shallow
isc_7855500,23.576,70.456,5.0,3.1,ML,Southern India,,,,,,,,,2004-07-07 21:04:35.100000+00:00,,isc,7855500.0,NDI,NDI,NDI,6990388.0,NDI,earthquake,2004,7,2000,5301.878184027778,shallow
isc_7372989,23.722,70.703,5.0,3.6,ML,Southern India,,,,,,,,,2004-07-17 18:21:50.800000+00:00,,isc,7372989.0,NDI,NDI,NDI,6990425.0,NDI,earthquake,2004,7,2000,5311.765171296296,shallow
isc_7875654,23.294,70.142,28.5,3.0,ML,Southern India,,,,,,,,,2004-07-26 08:46:59.800000+00:00,,isc,7875654.0,NDI,NDI,NDI,6990459.0,NDI,earthquake,2004,7,2000,5320.365969907408,shallow
usp000d39x,23.457,70.512,10.0,3.8,mb,"18 km SW of R?par, India",earthquake,reviewed,us,9.0,,0.73,187.6,https://earthquake.usgs.gov/earthquakes/eventpage/usp000d39x,2004-08-31 16:54:09.670000+00:00,2014-11-07 01:23:18.259000+00:00,usgs,,,,,,,,2004,8,2000,5356.704278587963,shallow
isc_7395248,23.6102,70.6743,15.0,3.65,mb,Southern India,,,,,,,,,2004-08-31 16:54:09.736000+00:00,,isc,7395248.0,ISC,ISC,ISC,7440350.0,ISC,earthquake,2004,8,2000,5356.704279351852,shallow
isc_8080250,23.41,70.488,5.0,3.0,ML,Southern India,,,,,,,,,2004-09-01 01:19:44.200000+00:00,,isc,8080250.0,NDI,NDI,NDI,7104434.0,NDI,earthquake,2004,9,2000,5357.055372685185,shallow
isc_8080349,23.884,70.304,31.7,2.7,ML,Southern India,,,,,,,,,2004-09-06 01:05:58.300000+00:00,,isc,8080349.0,NDI,NDI,NDI,7104460.0,NDI,earthquake,2004,9,2000,5362.045813657408,shallow
isc_8080489,23.826,70.005,5.0,2.8,ML,Southern India,,,,,,,,,2004-09-16 15:02:56.300000+00:00,,isc,8080489.0,NDI,NDI,NDI,7104506.0,NDI,earthquake,2004,9,2000,5372.627040509259,shallow
isc_8816805,23.732,70.153,17.1,3.2,ML,Southern India,,,,,,,,,2004-10-01 17:18:45.200000+00:00,,isc,8816805.0,NDI,NDI,NDI,7632066.0,NDI,earthquake,2004,10,2000,5387.721356481481,shallow
isc_8816867,23.974,70.583,20.4,3.2,MD,Southern India,,,,,,,,,2004-10-03 09:53:50.700000+00:00,,isc,8816867.0,NDI,NDI,NDI,7632073.0,NDI,earthquake,2004,10,2000,5389.412392361111,shallow
isc_8817806,23.135,70.19,39.3,2.9,ML,Southern India,,,,,,,,,2004-10-04 21:59:48.600000+00:00,,isc,8817806.0,NDI,NDI,NDI,7632079.0,NDI,earthquake,2004,10,2000,5390.916534722222,shallow
isc_8817807,23.608,70.333,15.0,2.9,MD,Southern India,,,,,,,,,2004-10-04 22:29:25.400000+00:00,,isc,8817807.0,NDI,NDI,NDI,7632080.0,NDI,earthquake,2004,10,2000,5390.937099537036,shallow
isc_8818786,23.244,70.467,19.9,2.9,ML,Southern India,,,,,,,,,2004-10-12 10:43:41.200000+00:00,,isc,8818786.0,NDI,NDI,NDI,7632142.0,NDI,earthquake,2004,10,2000,5398.447004629629,shallow
isc_8202535,23.473,70.055,5.0,3.0,ML,Southern India,,,,,,,,,2004-11-05 01:25:47.700000+00:00,,isc,8202535.0,NDI,NDI,NDI,7216655.0,NDI,earthquake,2004,11,2000,5422.059579861111,shallow
isc_8203356,23.307,70.252,5.0,2.9,ML,Southern India,,,,,,,,,2004-11-23 18:38:27.200000+00:00,,isc,8203356.0,NDI,NDI,NDI,7216779.0,NDI,earthquake,2004,11,2000,5440.776703703704,shallow
isc_8328058,22.928,71.462,5.0,2.7,ML,Southern India,,,,,,,,,2004-12-03 17:07:59.200000+00:00,,isc,8328058.0,NDI,NDI,NDI,7322492.0,NDI,earthquake,2004,12,2000,5450.713879629629,shallow
isc_8328195,23.839,70.241,15.0,2.8,ML,Southern India,,,,,,,,,2004-12-06 05:27:37.100000+00:00,,isc,8328195.0,NDI,NDI,NDI,7322504.0,NDI,earthquake,2004,12,2000,5453.2275127314815,shallow
isc_7448263,23.575,70.086,5.0,4.1,ML,Southern India,,,,,,,,,2004-12-13 21:11:43.700000+00:00,,isc,7448263.0,NDI,NDI,NDI,7322557.0,NDI,earthquake,2004,12,2000,5460.883144675926,shallow
isc_8328491,23.472,70.282,5.0,3.0,ML,Southern India,,,,,,,,,2004-12-14 01:50:50.400000+00:00,,isc,8328491.0,NDI,NDI,NDI,7322558.0,NDI,earthquake,2004,12,2000,5461.076972222222,shallow
isc_7450345,23.455,70.3872,15.0,3.49,mb,Southern India,,,,,,,,,2004-12-20 17:23:14.829000+00:00,,isc,7450345.0,ISC,ISC,ISC,7974585.0,ISC,earthquake,2004,12,2000,5467.7244771875,shallow
isc_8328670,23.399,70.174,7.9,3.1,ML,Southern India,,,,,,,,,2004-12-21 02:58:55.300000+00:00,,isc,8328670.0,NDI,NDI,NDI,7322602.0,NDI,earthquake,2004,12,2000,5468.124251157407,shallow
isc_8444189,23.258,70.702,15.0,3.1,ML,Southern India,,,,,,,,,2005-01-15 09:15:45.200000+00:00,,isc,8444189.0,NDI,NDI,NDI,7393074.0,NDI,earthquake,2005,1,2000,5493.385939814814,shallow
isc_8444270,23.853,70.635,15.0,2.9,MD,Southern India,,,,,,,,,2005-01-21 21:17:57.100000+00:00,,isc,8444270.0,NDI,NDI,NDI,7393225.0,NDI,earthquake,2005,1,2000,5499.887466435185,shallow
isc_8500878,23.224,70.279,20.4,3.4,ML,Southern India,,,,,,,,,2005-02-04 01:37:57.200000+00:00,,isc,8500878.0,NDI,NDI,NDI,7433629.0,NDI,earthquake,2005,2,2000,5513.068023148148,shallow
isc_8501436,23.504,70.029,17.2,3.3,ML,Southern India,,,,,,,,,2005-02-22 12:16:57.600000+00:00,,isc,8501436.0,NDI,NDI,NDI,7433885.0,NDI,earthquake,2005,2,2000,5531.511777777778,shallow
isc_8501490,23.4,70.294,5.0,2.7,ML,Southern India,,,,,,,,,2005-02-25 00:37:58.900000+00:00,,isc,8501490.0,NDI,NDI,NDI,7433910.0,NDI,earthquake,2005,2,2000,5534.026376157407,shallow
isc_8551859,23.469,70.35,59.7,3.5,ML,Southern India,,,,,,,,,2005-03-27 16:20:43.600000+00:00,,isc,8551859.0,NDI,NDI,NDI,7467225.0,NDI,earthquake,2005,3,2000,5564.681060185186,shallow
isc_8303395,23.4,70.319,15.0,3.66,mb,Southern India,,,,,,,,,2005-04-24 11:14:39.302000+00:00,,isc,8303395.0,ISC,ISC,ISC,8424169.0,ISC,earthquake,2005,4,2000,5592.468510439815,shallow
isc_8723920,23.31,70.412,10.0,3.4,ML,Southern India,,,,,,,,,2005-05-04 06:25:27.900000+00:00,,isc,8723920.0,NDI,NDI,NDI,7569796.0,NDI,earthquake,2005,5,2000,5602.267684027777,shallow
isc_8947405,23.941,70.331,13.8,3.3,ML,Southern India,,,,,,,,,2005-07-07 02:00:59.600000+00:00,,isc,8947405.0,NDI,NDI,NDI,7707083.0,NDI,earthquake,2005,7,2000,5666.084023148149,shallow
isc_8947426,23.113,70.059,20.0,2.8,ML,Southern India,,,,,,,,,2005-07-08 09:31:16.600000+00:00,,isc,8947426.0,NDI,NDI,NDI,7707095.0,NDI,earthquake,2005,7,2000,5667.396719907408,shallow
isc_8947468,23.601,70.098,13.1,3.1,ML,Southern India,,,,,,,,,2005-07-10 11:01:07.700000+00:00,,isc,8947468.0,NDI,NDI,NDI,7707112.0,NDI,earthquake,2005,7,2000,5669.459116898148,shallow
isc_9118544,23.718,70.158,2.0,3.1,ML,Southern India,,,,,,,,,2005-08-14 21:27:04.400000+00:00,,isc,9118544.0,NDI,NDI,NDI,7798772.0,NDI,earthquake,2005,8,2000,5704.8938009259255,shallow
isc_9118936,23.27,70.655,12.4,3.0,ML,Southern India,,,,,,,,,2005-08-28 19:24:43.700000+00:00,,isc,9118936.0,NDI,NDI,NDI,7798855.0,NDI,earthquake,2005,8,2000,5718.80883912037,shallow
isc_8313455,23.2543,70.5148,15.0,3.41,mb,Southern India,,,,,,,,,2005-09-17 12:20:08.509000+00:00,,isc,8313455.0,ISC,ISC,ISC,8750574.0,ISC,earthquake,2005,9,2000,5738.513987372685,shallow
isc_9157224,23.925,70.192,3.9,3.2,ML,Southern India,,,,,,,,,2005-09-26 16:49:39.300000+00:00,,isc,9157224.0,NDI,NDI,NDI,7854585.0,NDI,earthquake,2005,9,2000,5747.701149305556,shallow
isc_9157279,23.496,70.444,5.0,3.0,ML,Southern India,,,,,,,,,2005-09-29 02:21:03.900000+00:00,,isc,9157279.0,NDI,NDI,NDI,7854595.0,NDI,earthquake,2005,9,2000,5750.097961805555,shallow
isc_9230110,23.24,70.443,10.3,2.9,ML,Southern India,,,,,,,,,2005-10-02 23:54:57.100000+00:00,,isc,9230110.0,NDI,NDI,NDI,7949322.0,NDI,earthquake,2005,10,2000,5753.996494212964,shallow
isc_8314511,23.3147,70.7848,35.0,3.76,mb,Southern India,,,,,,,,,2005-10-08 20:48:06.596000+00:00,,isc,8314511.0,ISC,ISC,ISC,8772069.0,ISC,earthquake,2005,10,2000,5759.866743009259,shallow
isc_9230247,23.649,70.26,10.0,3.5,ML,Southern India,,,,,,,,,2005-10-09 13:01:32.800000+00:00,,isc,9230247.0,NDI,NDI,NDI,7949595.0,NDI,earthquake,2005,10,2000,5760.542740740741,shallow
isc_9231547,23.543,70.416,15.0,2.9,ML,Southern India,,,,,,,,,2005-10-27 23:22:46.200000+00:00,,isc,9231547.0,NDI,NDI,NDI,7950081.0,NDI,earthquake,2005,10,2000,5778.974145833333,shallow
isc_9271194,23.335,70.373,5.0,2.8,ML,Southern India,,,,,,,,,2005-11-04 01:07:34.700000+00:00,,isc,9271194.0,NDI,NDI,NDI,7980289.0,NDI,earthquake,2005,11,2000,5786.046929398148,shallow
isc_9271522,23.415,70.001,10.0,3.0,ML,Southern India,,,,,,,,,2005-11-17 21:16:43.800000+00:00,,isc,9271522.0,NDI,NDI,NDI,7980484.0,NDI,earthquake,2005,11,2000,5799.886618055556,shallow
isc_9400541,23.174,70.299,4.3,3.4,ML,Southern India,,,,,,,,,2005-12-11 09:32:50.100000+00:00,,isc,9400541.0,NDI,NDI,NDI,8125875.0,NDI,earthquake,2005,12,2000,5823.397802083334,shallow
isc_9476931,23.659,70.206,15.0,3.3,ML,Southern India,,,,,,,,,2006-01-03 02:08:04.800000+00:00,,isc,9476931.0,NDI,NDI,NDI,8160204.0,NDI,earthquake,2006,1,2000,5846.088944444445,shallow
isc_9478788,23.041,70.349,5.0,2.9,ML,Southern India,,,,,,,,,2006-01-08 01:58:06.200000+00:00,,isc,9478788.0,NDI,NDI,NDI,8160247.0,NDI,earthquake,2006,1,2000,5851.0820162037035,shallow
usp000e9bt,23.827,70.559,10.0,4.5,mb,"29 km NNW of R?par, India",earthquake,reviewed,us,78.0,,0.93,174.9,https://earthquake.usgs.gov/earthquakes/eventpage/usp000e9bt,2006-02-03 00:54:23.460000+00:00,2020-09-18 20:52:05.399000+00:00,usgs,,,,,,,,2006,2,2000,5877.037771527777,shallow
usp000ebma,23.777,70.899,10.0,5.5,mwb,"34 km NE of R?par, India",earthquake,reviewed,us,199.0,,1.08,42.2,https://earthquake.usgs.gov/earthquakes/eventpage/usp000ebma,2006-03-07 18:20:46.110000+00:00,2022-07-14 12:17:55.188000+00:00,usgs,,,,,,,,2006,3,2000,5909.764422569445,shallow
isc_10599546,23.295,70.632,5.0,2.7,ML,Southern India,,,,,,,,,2006-03-08 08:41:14.400000+00:00,,isc,10599546.0,NDI,NDI,NDI,8427544.0,NDI,earthquake,2006,3,2000,5910.361972222222,shallow
isc_10600845,23.942,70.633,5.0,3.4,ML,Southern India,,,,,,,,,2006-03-10 04:34:10.200000+00:00,,isc,10600845.0,NDI,NDI,NDI,8427609.0,NDI,earthquake,2006,3,2000,5912.190395833333,shallow
isc_10601185,23.874,70.682,5.0,3.2,ML,Southern India,,,,,,,,,2006-03-10 13:41:58.900000+00:00,,isc,10601185.0,NDI,NDI,NDI,8427626.0,NDI,earthquake,2006,3,2000,5912.570820601852,shallow
isc_10601466,23.899,70.537,14.7,3.1,ML,Southern India,,,,,,,,,2006-03-10 21:52:38.500000+00:00,,isc,10601466.0,NDI,NDI,NDI,8427643.0,NDI,earthquake,2006,3,2000,5912.911556712963,shallow
isc_10605185,23.41,70.287,15.0,2.6,ML,Southern India,,,,,,,,,2006-03-17 06:12:34.400000+00:00,,isc,10605185.0,NDI,NDI,NDI,8427722.0,NDI,earthquake,2006,3,2000,5919.258731481481,shallow
isc_10605446,23.266,70.197,15.0,2.4,ML,Southern India,,,,,,,,,2006-03-17 14:48:58.600000+00:00,,isc,10605446.0,NDI,NDI,NDI,8427729.0,NDI,earthquake,2006,3,2000,5919.617344907408,shallow
isc_10607147,23.891,70.612,15.0,2.8,ML,Southern India,,,,,,,,,2006-03-20 11:39:05.300000+00:00,,isc,10607147.0,NDI,NDI,NDI,8427757.0,NDI,earthquake,2006,3,2000,5922.485478009259,shallow
isc_9856163,23.719,70.511,39.3,3.2,ML,Southern India,,,,,,,,,2006-04-02 13:57:58.500000+00:00,,isc,9856163.0,NDI,NDI,NDI,8462855.0,NDI,earthquake,2006,4,2000,5935.5819270833335,shallow
usp000edu5,23.726,70.682,10.0,5.0,mwc,"17 km NNE of R?par, India",earthquake,reviewed,us,121.0,,1.08,62.7,https://earthquake.usgs.gov/earthquakes/eventpage/usp000edu5,2006-04-06 12:02:54.590000+00:00,2022-05-02 15:28:52.386000+00:00,usgs,,,,,,,,2006,4,2000,5939.502020717592,shallow
isc_10697578,23.7504,70.8361,12.1,4.96,MW,Southern India,,,,,,,,,2006-04-06 12:02:54.610000+00:00,,isc,10697578.0,ISC,ISC,ISC,9941164.0,GCMT,earthquake,2006,4,2000,5939.502020949074,shallow
isc_9856269,23.94,70.537,10.0,2.7,ML,Southern India,,,,,,,,,2006-04-06 12:28:24.800000+00:00,,isc,9856269.0,NDI,NDI,NDI,8462878.0,NDI,earthquake,2006,4,2000,5939.519731481481,shallow
usp000eduw,23.322,70.477,10.0,5.5,mwb,"13 km E of Bhach?u, India",earthquake,reviewed,us,255.0,,1.05,27.7,https://earthquake.usgs.gov/earthquakes/eventpage/usp000eduw,2006-04-06 17:59:16.440000+00:00,2022-07-14 11:59:02.935000+00:00,usgs,,,,,,,,2006,4,2000,5939.749495833334,shallow
usp000ee4h,23.467,70.074,20.0,4.9,mb,"33 km NW of Bhach?u, India",earthquake,reviewed,us,111.0,,1.04,83.9,https://earthquake.usgs.gov/earthquakes/eventpage/usp000ee4h,2006-04-10 22:05:43.060000+00:00,2020-09-18 20:56:47.604000+00:00,usgs,,,,,,,,2006,4,2000,5943.9206372685185,shallow
isc_9856406,23.988,70.212,10.0,2.9,ML,Southern India,,,,,,,,,2006-04-12 15:36:13.800000+00:00,,isc,9856406.0,NDI,NDI,NDI,8462942.0,NDI,earthquake,2006,4,2000,5945.650159722222,shallow
isc_9594953,23.3747,70.2759,15.0,3.6,mb,Southern India,,,,,,,,,2006-04-15 09:15:23.626000+00:00,,isc,9594953.0,ISC,ISC,ISC,9942067.0,ISC,earthquake,2006,4,2000,5948.3856901157405,shallow
isc_9918520,23.343,70.424,13.8,3.0,ML,Southern India,,,,,,,,,2006-05-01 15:06:36.400000+00:00,,isc,9918520.0,NDI,NDI,NDI,8502710.0,NDI,earthquake,2006,5,2000,5964.629587962962,shallow
usp000eggr,23.144,70.196,26.9,4.0,mb,"9 km NE of G?ndh?dh?m, India",earthquake,reviewed,us,8.0,,0.55,150.2,https://earthquake.usgs.gov/earthquakes/eventpage/usp000eggr,2006-05-07 14:54:57.560000+00:00,2014-11-07 01:29:04.136000+00:00,usgs,,,,,,,,2006,5,2000,5970.621499537037,shallow
isc_9920444,23.855,70.282,5.0,3.2,ML,Southern India,,,,,,,,,2006-05-12 02:04:12.800000+00:00,,isc,9920444.0,NDI,NDI,NDI,8502807.0,NDI,earthquake,2006,5,2000,5975.086259259259,shallow
isc_9921913,23.723,70.692,5.0,3.1,ML,Southern India,,,,,,,,,2006-05-30 17:05:58.700000+00:00,,isc,9921913.0,NDI,NDI,NDI,8502918.0,NDI,earthquake,2006,5,2000,5993.712484953704,shallow
isc_9970765,23.787,70.719,29.1,2.8,ML,Southern India,,,,,,,,,2006-06-09 21:11:32.500000+00:00,,isc,9970765.0,NDI,NDI,NDI,8581691.0,NDI,earthquake,2006,6,2000,6003.883015046296,shallow
isc_9970909,23.447,70.143,10.0,2.8,ML,Southern India,,,,,,,,,2006-06-13 01:54:03.300000+00:00,,isc,9970909.0,NDI,NDI,NDI,8581708.0,NDI,earthquake,2006,6,2000,6007.079204861111,shallow
isc_9971104,23.203,70.942,14.0,3.0,ML,Southern India,,,,,,,,,2006-06-17 00:34:06.600000+00:00,,isc,9971104.0,NDI,NDI,NDI,8581740.0,NDI,earthquake,2006,6,2000,6011.0236875,shallow
usp000em1v,23.462,70.116,10.0,4.8,mwc,"29 km NW of Bhach?u, India",earthquake,reviewed,us,141.0,,0.97,56.6,https://earthquake.usgs.gov/earthquakes/eventpage/usp000em1v,2006-06-23 05:34:06.400000+00:00,2020-07-08 02:05:06.414000+00:00,usgs,,,,,,,,2006,6,2000,6017.232018518518,shallow
isc_9971535,23.673,70.039,13.6,3.9,ML,Southern India,,,,,,,,,2006-06-23 21:19:02.800000+00:00,,isc,9971535.0,NDI,NDI,NDI,8581810.0,NDI,earthquake,2006,6,2000,6017.888226851852,shallow
usp000erbv,23.26,70.72,10.0,4.4,mb,"35 km SSE of R?par, India",earthquake,reviewed,us,53.0,,0.96,153.3,https://earthquake.usgs.gov/earthquakes/eventpage/usp000erbv,2006-08-20 02:37:17.930000+00:00,2014-11-07 01:29:59.988000+00:00,usgs,,,,,,,,2006,8,2000,6075.109235300926,shallow
isc_8652121,23.4938,70.4537,15.0,4.23,mb,Southern India,,,,,,,,,2006-08-20 02:37:20.778000+00:00,,isc,8652121.0,ISC,ISC,ISC,10290744.0,ISC,earthquake,2006,8,2000,6075.109268263889,shallow
isc_9673859,23.6493,70.8437,35.0,3.34,mb,Southern India,,,,,,,,,2006-09-03 17:47:30.069000+00:00,,isc,9673859.0,ISC,ISC,ISC,10358412.0,ISC,earthquake,2006,9,2000,6089.741320243055,shallow
isc_9675272,24.0687,68.3765,35.0,3.15,MS,India-Pakistan border region,,,,,,,,,2006-09-20 00:48:40.313000+00:00,,isc,9675272.0,ISC,ISC,ISC,10359699.0,ISC,earthquake,2006,9,2000,6106.0337999189815,shallow
isc_10461910,22.534,70.296,10.0,2.7,ML,Southern India,,,,,,,,,2006-10-06 00:17:18.800000+00:00,,isc,10461910.0,NDI,NDI,NDI,8873619.0,NDI,earthquake,2006,10,2000,6122.012023148149,shallow
isc_10462069,23.582,70.479,10.0,3.3,ML,Southern India,,,,,,,,,2006-10-12 07:32:31.200000+00:00,,isc,10462069.0,NDI,NDI,NDI,8873689.0,NDI,earthquake,2006,10,2000,6128.314249999999,shallow
isc_10688435,23.359,70.119,10.0,3.1,ML,Southern India,,,,,,,,,2006-12-08 19:35:58.200000+00:00,,isc,10688435.0,NDI,NDI,NDI,9927674.0,NDI,earthquake,2006,12,2000,6185.8166458333335,shallow
isc_10688448,23.698,70.194,10.0,3.0,ML,Southern India,,,,,,,,,2006-12-14 00:40:39.500000+00:00,,isc,10688448.0,NDI,NDI,NDI,9927718.0,NDI,earthquake,2006,12,2000,6191.028234953704,shallow
isc_10688322,23.812,70.588,10.2,3.2,ML,Southern India,,,,,,,,,2006-12-29 07:57:57.700000+00:00,,isc,10688322.0,NDI,NDI,NDI,9927824.0,NDI,earthquake,2006,12,2000,6206.331917824074,shallow
isc_10380038,23.478,70.309,10.0,2.8,ML,Southern India,,,,,,,,,2007-01-05 03:11:14.500000+00:00,,isc,10380038.0,NDI,NDI,NDI,9960586.0,NDI,earthquake,2007,1,2000,6213.1328067129625,shallow
usp000f93d,23.083,70.187,10.0,4.2,mb,"5 km E of G?ndh?dh?m, India",earthquake,reviewed,us,11.0,,0.43,150.2,https://earthquake.usgs.gov/earthquakes/eventpage/usp000f93d,2007-04-08 16:20:13.550000+00:00,2014-11-07 01:32:08.853000+00:00,usgs,,,,,,,,2007,4,2000,6306.680712384259,shallow
isc_11919709,23.2233,70.4103,24.7,3.83,mb,Southern India,,,,,,,,,2007-04-08 16:20:16.387000+00:00,,isc,11919709.0,ISC,ISC,ISC,11215904.0,ISC,earthquake,2007,4,2000,6306.680745219907,shallow
isc_12645574,23.811,70.233,38.3,3.2,ML,Southern India,,,,,,,,,2007-05-01 19:01:05.200000+00:00,,isc,12645574.0,NDI,NDI,NDI,10306157.0,NDI,earthquake,2007,5,2000,6329.792421296297,shallow
isc_12654468,23.3462,70.5304,15.0,3.6,mb,Southern India,,,,,,,,,2007-05-13 13:41:39.428000+00:00,,isc,12654468.0,ISC,ISC,ISC,11410002.0,ISC,earthquake,2007,5,2000,6341.570595231481,shallow
isc_12662238,23.0039,69.6966,35.0,3.8,mb,Southern India,,,,,,,,,2007-05-24 12:54:24.908000+00:00,,isc,12662238.0,ISC,ISC,ISC,11410975.0,ISC,earthquake,2007,5,2000,6352.537788287037,shallow
usp000fg2t,23.641,70.639,10.0,4.2,mb,"7 km N of R?par, India",earthquake,reviewed,us,20.0,,0.84,186.1,https://earthquake.usgs.gov/earthquakes/eventpage/usp000fg2t,2007-07-13 06:18:55.550000+00:00,2014-11-07 01:32:57.137000+00:00,usgs,,,,,,,,2007,7,2000,6402.263142939814,shallow
isc_12768125,23.7441,70.8081,35.0,3.5,MS,Southern India,,,,,,,,,2007-07-13 06:18:58.963000+00:00,,isc,12768125.0,ISC,ISC,ISC,11940213.0,ISC,earthquake,2007,7,2000,6402.2631824421305,shallow
isc_12782236,23.454,70.368,10.0,2.7,ML,Southern India,,,,,,,,,2007-07-29 20:31:53.400000+00:00,,isc,12782236.0,NDI,NDI,NDI,10540254.0,NDI,earthquake,2007,7,2000,6418.855479166667,shallow
isc_12962629,22.698,70.968,20.0,2.5,ML,Southern India,,,,,,,,,2007-09-12 03:06:21.200000+00:00,,isc,12962629.0,NDI,NDI,NDI,10623495.0,NDI,earthquake,2007,9,2000,6463.129412037038,shallow
isc_12966533,23.296,70.491,9.4,3.1,ML,Southern India,,,,,,,,,2007-09-18 17:59:34.600000+00:00,,isc,12966533.0,NDI,NDI,NDI,10623586.0,NDI,earthquake,2007,9,2000,6469.749706018519,shallow
isc_12975010,23.647,70.048,5.0,3.0,ML,Southern India,,,,,,,,,2007-09-30 14:16:11.500000+00:00,,isc,12975010.0,NDI,NDI,NDI,10623664.0,NDI,earthquake,2007,9,2000,6481.594577546296,shallow
usp000fq37,23.104,69.983,10.0,4.5,mb,"4 km WSW of Anj?r, India",earthquake,reviewed,us,33.0,,0.89,98.6,https://earthquake.usgs.gov/earthquakes/eventpage/usp000fq37,2007-10-08 01:12:34.710000+00:00,2020-09-18 21:49:55.064000+00:00,usgs,,,,,,,,2007,10,2000,6489.050401736112,shallow
isc_13237574,23.1681,70.2154,20.0,3.39,MS,Southern India,,,,,,,,,2007-10-08 01:12:36.562000+00:00,,isc,13237574.0,ISC,ISC,ISC,12398734.0,ISC,earthquake,2007,10,2000,6489.050423171297,shallow
isc_13296349,23.305,70.276,10.0,3.1,ML,Southern India,,,,,,,,,2007-12-24 02:42:44.300000+00:00,,isc,13296349.0,NDI,NDI,NDI,10846129.0,NDI,earthquake,2007,12,2000,6566.113012731481,shallow
isc_13338800,23.75,70.022,10.0,2.9,ML,Southern India,,,,,,,,,2008-01-21 10:59:10.400000+00:00,,isc,13338800.0,NDI,NDI,NDI,10994388.0,NDI,earthquake,2008,1,2000,6594.457759259259,shallow
usp000g0ed,23.327,70.49,10.0,3.7,mb,"15 km ENE of Bhach?u, India",earthquake,reviewed,us,19.0,,1.1,151.5,https://earthquake.usgs.gov/earthquakes/eventpage/usp000g0ed,2008-03-01 21:41:47.700000+00:00,2014-11-07 01:35:09.306000+00:00,usgs,,,,,,,,2008,3,2000,6634.904024305556,shallow
usp000g11k,23.33,70.592,10.0,4.5,mb,"25 km E of Bhach?u, India",earthquake,reviewed,us,40.0,,1.23,95.8,https://earthquake.usgs.gov/earthquakes/eventpage/usp000g11k,2008-03-09 11:10:41.030000+00:00,2020-09-18 22:08:53.650000+00:00,usgs,,,,,,,,2008,3,2000,6642.465752662037,shallow
usp000g39n,23.147,70.445,10.0,3.8,mb,"19 km SSE of Bhach?u, India",earthquake,reviewed,us,14.0,,1.4,155.1,https://earthquake.usgs.gov/earthquakes/eventpage/usp000g39n,2008-04-07 09:00:53.080000+00:00,2014-11-07 01:35:33.004000+00:00,usgs,,,,,,,,2008,4,2000,6671.375614351852,shallow
isc_13538834,23.802,70.109,15.0,3.1,ML,Southern India,,,,,,,,,2008-06-11 00:29:45.600000+00:00,,isc,13538834.0,NDI,NDI,NDI,12067569.0,NDI,earthquake,2008,6,2000,6736.020666666667,shallow
isc_13562859,23.41,70.128,10.0,3.7,ML,Southern India,,,,,,,,,2008-07-10 09:39:58.300000+00:00,,isc,13562859.0,NDI,NDI,NDI,12200104.0,NDI,earthquake,2008,7,2000,6765.402758101851,shallow
isc_13827283,23.471,70.438,10.0,2.6,ML,Southern India,,,,,,,,,2008-08-13 09:14:38.100000+00:00,,isc,13827283.0,NDI,NDI,NDI,12360940.0,NDI,earthquake,2008,8,2000,6799.385163194444,shallow
isc_14107098,23.418,70.333,10.0,3.1,ML,Southern India,,,,,,,,,2008-10-03 19:38:56.200000+00:00,,isc,14107098.0,NDI,NDI,NDI,13084843.0,NDI,earthquake,2008,10,2000,6850.818706018519,shallow
isc_14369251,23.214,70.38,10.0,3.4,ML,Southern India,,,,,,,,,2009-02-11 07:33:27.300000+00:00,,isc,14369251.0,NDI,NDI,NDI,13922147.0,NDI,earthquake,2009,2,2000,6981.314899305555,shallow
isc_15957345,23.2739,69.1264,0.0,3.6,mb1,Southern India,,,,,,,,,2009-02-26 08:11:50.190000+00:00,,isc,15957345.0,IDC,IDC,IDC,15391619.0,IDC,earthquake,2009,2,2000,6996.341553125,shallow
isc_14558571,23.061,70.604,46.0,3.3,ML,Southern India,,,,,,,,,2009-03-31 01:45:09.900000+00:00,,isc,14558571.0,NDI,NDI,NDI,14161394.0,NDI,earthquake,2009,3,2000,7029.07303125,shallow
isc_12935071,23.3096,70.1748,15.0,3.08,mb,Southern India,,,,,,,,,2009-04-12 18:42:09.883000+00:00,,isc,12935071.0,ISC,ISC,ISC,15776507.0,ISC,earthquake,2009,4,2000,7041.779281053241,shallow
usp000h18d,23.123,70.249,10.0,4.0,mb,"10 km NNE of K?ndla, India",earthquake,reviewed,us,20.0,,1.21,151.7,https://earthquake.usgs.gov/earthquakes/eventpage/usp000h18d,2009-09-05 06:40:03.570000+00:00,2014-11-07 01:39:40.553000+00:00,usgs,,,,,,,,2009,9,2000,7187.277819097223,shallow
isc_13992191,23.4322,70.305,15.0,3.05,MS,Southern India,,,,,,,,,2009-09-05 06:40:05.710000+00:00,,isc,13992191.0,ISC,ISC,ISC,16421048.0,ISC,earthquake,2009,9,2000,7187.2778438657415,shallow
isc_15620335,23.321,70.15,10.0,3.1,ML,Southern India,,,,,,,,,2009-10-07 06:21:55.200000+00:00,,isc,15620335.0,NDI,NDI,NDI,15113111.0,NDI,earthquake,2009,10,2000,7219.265222222223,shallow
usp000h3gw,23.65,69.843,10.0,4.4,mb,"47 km NNE of Bhuj, India",earthquake,reviewed,us,22.0,,0.82,151.4,https://earthquake.usgs.gov/earthquakes/eventpage/usp000h3gw,2009-10-28 13:40:10.480000+00:00,2014-11-07 01:39:58.975000+00:00,usgs,,,,,,,,2009,10,2000,7240.569565740741,shallow
isc_17242912,23.64,70.163,10.0,3.0,ML,Southern India,,,,,,,,,2010-02-05 15:14:37.700000+00:00,,isc,17242912.0,NDI,NDI,NDI,16790557.0,NDI,earthquake,2010,2,2010,7340.635158564815,shallow
isc_16498417,23.324,70.387,10.0,3.4,ML,Southern India,,,,,,,,,2010-04-06 12:56:41.400000+00:00,,isc,16498417.0,NDI,NDI,NDI,15880193.0,NDI,earthquake,2010,4,2010,7400.539368055555,shallow
isc_17180197,23.5716,70.3824,15.0,3.88,mb,Southern India,,,,,,,,,2010-08-11 23:55:18.123000+00:00,,isc,17180197.0,ISC,ISC,ISC,601076255.0,ISC,earthquake,2010,8,2010,7527.996737534722,shallow
isc_17180882,23.4091,70.5045,15.0,3.67,mb,Southern India,,,,,,,,,2010-08-23 02:11:20.623000+00:00,,isc,17180882.0,ISC,ISC,ISC,601077856.0,ISC,earthquake,2010,8,2010,7539.091210914352,shallow
isc_17332923,23.614,70.464,10.0,3.0,ML,Southern India,,,,,,,,,2010-09-19 17:26:21.900000+00:00,,isc,17332923.0,NDI,NDI,NDI,16842106.0,NDI,earthquake,2010,9,2010,7566.726642361111,shallow
isc_600127878,23.122,70.342,10.0,2.8,ML,Southern India,,,,,,,,,2010-12-25 22:14:17.300000+00:00,,isc,600127878.0,NDI,NDI,NDI,600095748.0,NDI,earthquake,2010,12,2010,7663.9265891203695,shallow
isc_600678423,23.295,70.345,10.0,3.1,ML,Southern India,,,,,,,,,2011-01-08 15:10:11.100000+00:00,,isc,600678423.0,NDI,NDI,NDI,600524698.0,NDI,earthquake,2011,1,2010,7677.632072916667,shallow
isc_17029595,23.2851,70.3908,15.0,3.41,MS,Southern India,,,,,,,,,2011-08-13 02:59:12.230000+00:00,,isc,17029595.0,ISC,ISC,ISC,603200246.0,ISC,earthquake,2011,8,2010,7894.124447106482,shallow
usp000j6d7,23.321,70.242,10.0,4.3,mb,"10 km WNW of Bhach?u, India",earthquake,reviewed,us,15.0,,0.81,149.2,https://earthquake.usgs.gov/earthquakes/eventpage/usp000j6d7,2011-08-13 02:59:12.930000+00:00,2014-11-07 01:45:36.101000+00:00,usgs,,,,,,,,2011,8,2010,7894.124455208333,shallow
isc_17497604,23.1953,70.1833,26.0,3.63,mb,Southern India,,,,,,,,,2011-09-11 14:33:45.714000+00:00,,isc,17497604.0,ISC,ISC,ISC,603391314.0,ISC,earthquake,2011,9,2010,7923.606779097222,shallow
usp000jhx2,23.239,70.439,10.0,4.0,mb,"11 km SE of Bhach?u, India",earthquake,reviewed,us,17.0,,1.01,125.8,https://earthquake.usgs.gov/earthquakes/eventpage/usp000jhx2,2012-04-14 03:22:59.690000+00:00,2014-11-07 01:47:31.121000+00:00,usgs,,,,,,,,2012,4,2010,8139.1409686342595,shallow
usp000jmzk,23.647,70.252,28.6,5.0,mb,"39 km NNW of Bhach?u, India",earthquake,reviewed,us,192.0,,1.01,87.5,https://earthquake.usgs.gov/earthquakes/eventpage/usp000jmzk,2012-06-19 20:14:05.720000+00:00,2024-06-17 19:35:03.132000+00:00,usgs,,,,,,,,2012,6,2010,8205.843121759259,shallow
isc_606594978,23.621,70.16,10.0,2.4,ML,Southern India,,,,,,,,,2012-11-02 07:37:54.200000+00:00,,isc,606594978.0,NDI,NDI,NDI,605425606.0,NDI,earthquake,2012,11,2010,8341.317988425926,shallow
usp000jwp1,22.96,70.302,10.0,4.1,mb,"11 km SE of K?ndla, India",earthquake,reviewed,us,40.0,,0.87,128.1,https://earthquake.usgs.gov/earthquakes/eventpage/usp000jwp1,2012-12-08 07:06:10.080000+00:00,2014-11-07 01:49:34.337000+00:00,usgs,,,,,,,,2012,12,2010,8377.29595,shallow
usb000fh2m,24.362,68.572,20.0,4.5,mb,"30 km E of Jati, Pakistan",earthquake,reviewed,us,83.0,,1.13,108.0,https://earthquake.usgs.gov/earthquakes/eventpage/usb000fh2m,2013-03-07 15:56:40.300000+00:00,2020-07-10 17:57:34.355000+00:00,usgs,,,,,,,,2013,3,2010,8466.664355324074,shallow
isc_606939544,24.1243,68.5393,10.0,3.38,MS,India-Pakistan border region,,,,,,,,,2013-03-09 06:11:46.335000+00:00,,isc,606939544.0,ISC,ISC,ISC,606192262.0,ISC,earthquake,2013,3,2010,8468.25817517361,shallow
isc_602854417,24.3207,68.8489,35.0,3.89,mb,India-Pakistan border region,,,,,,,,,2013-03-24 23:34:55.759000+00:00,,isc,602854417.0,ISC,ISC,ISC,606193898.0,ISC,earthquake,2013,3,2010,8483.982589803241,shallow
isc_602854418,24.3557,68.7354,35.0,3.29,MS,India-Pakistan border region,,,,,,,,,2013-03-24 23:43:01.661000+00:00,,isc,602854418.0,ISC,ISC,ISC,606193899.0,ISC,earthquake,2013,3,2010,8483.98821366898,shallow
isc_606941567,24.0676,68.4839,0.0,3.7,mb1,India-Pakistan border region,,,,,,,,,2013-03-26 07:10:26.020000+00:00,,isc,606941567.0,IDC,IDC,IDC,605638230.0,IDC,earthquake,2013,3,2010,8485.298912268518,shallow
isc_602854752,23.4669,70.4391,15.0,3.76,mb,Southern India,,,,,,,,,2013-03-30 06:33:52.769000+00:00,,isc,602854752.0,ISC,ISC,ISC,606194494.0,ISC,earthquake,2013,3,2010,8489.27352741898,shallow
isc_603041508,23.4169,71.0191,10.0,3.59,MS,Southern India,,,,,,,,,2013-04-25 05:57:39.574000+00:00,,isc,603041508.0,ISC,ISC,ISC,606348299.0,ISC,earthquake,2013,4,2010,8515.248374699075,shallow
isc_603332616,23.3662,70.373,15.0,3.95,mb,Southern India,,,,,,,,,2013-07-29 13:07:03.048000+00:00,,isc,603332616.0,ISC,ISC,ISC,606836846.0,ISC,earthquake,2013,7,2010,8610.546563055555,shallow
isc_603987076,24.2999,69.7226,10.0,3.81,mb,India-Pakistan border region,,,,,,,,,2013-09-02 19:46:51.521000+00:00,,isc,603987076.0,ISC,ISC,ISC,607265713.0,ISC,earthquake,2013,9,2010,8645.82420741898,shallow
isc_606911971,23.6672,70.1883,15.0,3.82,MS,Southern India,,,,,,,,,2014-03-08 19:01:10.245000+00:00,,isc,606911971.0,ISC,ISC,ISC,608060969.0,ISC,earthquake,2014,3,2010,8832.7924796875,shallow
isc_606920291,24.2449,68.5281,10.0,3.44,mb,India-Pakistan border region,,,,,,,,,2014-07-24 10:37:55.596000+00:00,,isc,606920291.0,ISC,ISC,ISC,608558378.0,ISC,earthquake,2014,7,2010,8970.443004583332,shallow
us10003kl7,24.0615,70.2017,10.0,4.3,mb,"70 km S of Islamkot, Pakistan",earthquake,reviewed,us,,12.409,1.41,151.0,https://earthquake.usgs.gov/earthquakes/eventpage/us10003kl7,2015-10-06 00:28:23.290000+00:00,2016-01-04 22:29:17.040000+00:00,usgs,,,,,,,,2015,10,2010,9409.01971400463,shallow
isc_611083160,23.297,70.38,10.0,3.3,ML,Southern India,,,,,,,,,2016-05-09 07:46:30.300000+00:00,,isc,611083160.0,NDI,NDI,NDI,609135725.0,NDI,earthquake,2016,5,2010,9625.323961805556,shallow
isc_611625328,23.616,69.909,15.0,3.7,ML,Southern India,,,,,,,,,2016-09-25 20:43:59.700000+00:00,,isc,611625328.0,NDI,NDI,NDI,609572797.0,NDI,earthquake,2016,9,2010,9764.863885416667,shallow
isc_615008112,23.448,70.153,17.1,3.3,ML,Southern India,,,,,,,,,2016-11-03 04:06:57.600000+00:00,,isc,615008112.0,NDI,NDI,NDI,609612459.0,NDI,earthquake,2016,11,2010,9803.1715,shallow
isc_611675438,23.399,70.498,15.0,3.3,ML,Southern India,,,,,,,,,2016-12-07 05:21:25.800000+00:00,,isc,611675438.0,NDI,NDI,NDI,609612616.0,NDI,earthquake,2016,12,2010,9837.223215277778,shallow
isc_616965854,22.515,69.429,10.0,3.1,MW,Southern India,,,,,,,,,2018-02-25 11:06:25.300000+00:00,,isc,616965854.0,NDI,NDI,NDI,612968374.0,NDI,earthquake,2018,2,2010,10282.462792824073,shallow
us1000dagp,23.1716,70.4448,10.0,4.2,mb,"17 km SE of Bhach?u, India",earthquake,reviewed,us,,10.731,0.9,76.0,https://earthquake.usgs.gov/earthquakes/eventpage/us1000dagp,2018-03-28 22:33:05.980000+00:00,2022-08-08 01:36:37.563000+00:00,usgs,,,,,,,,2018,3,2010,10313.939652546296,shallow
isc_617425445,24.1561,69.0734,35.0,3.61,mb,India-Pakistan border region,,,,,,,,,2019-07-08 12:23:20.712000+00:00,,isc,617425445.0,ISC,ISC,ISC,615542126.0,ISC,earthquake,2019,7,2010,10780.516211944445,shallow
isc_618541572,23.912,70.68,10.0,4.0,MW,Southern India,,,,,,,,,2019-08-19 09:13:27.700000+00:00,,isc,618541572.0,NDI,NDI,NDI,614045220.0,NDI,earthquake,2019,8,2010,10822.38434837963,shallow
isc_617435723,23.368,70.403,15.0,4.0,MW,Southern India,,,,,,,,,2019-11-18 13:31:07.218000+00:00,,isc,617435723.0,ISC,ISC,ISC,615776714.0,NDI,earthquake,2019,11,2010,10913.563277986112,shallow
us70006d8k,23.5799,70.4585,10.0,4.6,mb,"19 km W of R?par, India",earthquake,reviewed,us,,10.332,0.68,109.0,https://earthquake.usgs.gov/earthquakes/eventpage/us70006d8k,2019-11-18 13:31:08.384000+00:00,2020-07-10 17:55:11.612000+00:00,usgs,,,,,,,,2019,11,2010,10913.563291481481,shallow
us70009d7u,22.1166,68.963,10.0,4.1,mb,"13 km S of Dw?rka, India",earthquake,reviewed,us,,12.039,0.44,256.0,https://earthquake.usgs.gov/earthquakes/eventpage/us70009d7u,2020-05-09 10:06:46.736000+00:00,2020-07-29 22:14:23.040000+00:00,usgs,,,,,,,,2020,5,2020,11086.421374259258,shallow
us6000abp7,23.3821,70.3548,10.0,5.1,mb,"9 km N of Bhach?u, India",earthquake,reviewed,us,,11.178,0.74,40.0,https://earthquake.usgs.gov/earthquakes/eventpage/us6000abp7,2020-06-14 14:43:08.390000+00:00,2025-12-22 18:36:23.212000+00:00,usgs,,,,,,,,2020,6,2020,11122.613291550926,shallow
us6000acfz,22.9861,70.2272,10.0,3.8,mb,"5 km SSE of K?ndla, India",earthquake,reviewed,us,,11.56,0.96,193.0,https://earthquake.usgs.gov/earthquakes/eventpage/us6000acfz,2020-06-15 07:27:35.084000+00:00,2020-08-22 19:14:54.040000+00:00,usgs,,,,,,,,2020,6,2020,11123.31082273148,shallow
isc_618542956,23.2424,70.4177,20.0,4.0,MW,Southern India,,,,,,,,,2020-06-15 07:27:37.374000+00:00,,isc,618542956.0,ISC,ISC,ISC,616649739.0,NDI,earthquake,2020,6,2020,11123.31084923611,shallow
isc_621802834,23.454,70.269,10.0,3.1,MW,Southern India,,,,,,,,,2020-06-18 12:32:28.200000+00:00,,isc,621802834.0,NDI,NDI,NDI,616196899.0,NDI,earthquake,2020,6,2020,11126.522548611112,shallow
isc_624378838,22.952,70.387,18.9,3.4,MW,Southern India,,,,,,,,,2020-07-05 11:41:05.600000+00:00,,isc,624378838.0,NDI,NDI,NDI,618652197.0,NDI,earthquake,2020,7,2020,11143.48687037037,shallow
us7000apfs,22.2558,70.9928,10.0,4.1,mb,"20 km E of R?jkot, India",earthquake,reviewed,us,,11.529,0.54,112.0,https://earthquake.usgs.gov/earthquakes/eventpage/us7000apfs,2020-07-16 02:10:29.094000+00:00,2020-09-26 16:58:31.040000+00:00,usgs,,,,,,,,2020,7,2020,11154.090614513889,shallow
isc_624378864,23.402,70.279,7.5,3.2,MW,Southern India,,,,,,,,,2020-07-23 01:17:55.600000+00:00,,isc,624378864.0,NDI,NDI,NDI,618652397.0,NDI,earthquake,2020,7,2020,11161.05411574074,shallow
isc_624488678,23.518,70.419,11.1,3.1,MW,Southern India,,,,,,,,,2020-08-23 16:37:46.500000+00:00,,isc,624488678.0,NDI,NDI,NDI,618722212.0,NDI,earthquake,2020,8,2020,11192.692899305555,shallow
isc_622311316,23.528,70.182,30.0,4.0,MW,Southern India,,,,,,,,,2020-09-02 08:39:47.900000+00:00,,isc,622311316.0,NDI,NDI,NDI,616503627.0,NDI,earthquake,2020,9,2020,11202.360971064814,shallow
isc_626229619,23.061,70.199,10.0,3.8,MW,Southern India,,,,,,,,,2021-06-18 10:15:44.200000+00:00,,isc,626229619.0,NDI,NDI,NDI,619914554.0,NDI,earthquake,2021,6,2020,11491.427594907407,shallow
isc_626232889,23.271,70.406,10.0,3.7,ML,Southern India,,,,,,,,,2021-07-18 07:13:40.800000+00:00,,isc,626232889.0,NDI,NDI,NDI,619988031.0,NDI,earthquake,2021,7,2020,11521.301166666666,shallow
isc_626338812,22.894,69.768,10.0,3.4,ML,Southern India,,,,,,,,,2021-08-04 13:44:44.300000+00:00,,isc,626338812.0,NDI,NDI,NDI,620065351.0,NDI,earthquake,2021,8,2020,11538.572734953703,shallow
isc_621039195,22.1472,70.1953,10.0,3.43,mb,Southern India,,,,,,,,,2021-08-19 13:43:25.245000+00:00,,isc,621039195.0,ISC,ISC,ISC,620477862.0,ISC,earthquake,2021,8,2020,11553.571819965277,shallow
us7000frd2,24.2251,68.4329,10.0,4.9,mb,"22 km SE of Jati, Pakistan",earthquake,reviewed,us,,10.293,0.74,80.0,https://earthquake.usgs.gov/earthquakes/eventpage/us7000frd2,2021-11-04 09:45:40.485000+00:00,2025-12-22 22:19:34.086000+00:00,usgs,,,,,,,,2021,11,2020,11630.406718576387,shallow
isc_636551029,23.415,70.085,5.0,2.6,ML,Southern India,,,,,,,,,2022-06-07 13:25:42.600000+00:00,,isc,636551029.0,NDI,NDI,NDI,631362501.0,NDI,earthquake,2022,6,2020,11845.559520833334,shallow
isc_636551286,23.431,70.048,5.0,2.8,ML,Southern India,,,,,,,,,2022-06-13 21:31:54.300000+00:00,,isc,636551286.0,NDI,NDI,NDI,631362538.0,NDI,earthquake,2022,6,2020,11851.89715625,shallow
isc_636583717,22.978,69.574,10.0,2.6,ML,Southern India,,,,,,,,,2022-07-21 05:55:41.500000+00:00,,isc,636583717.0,NDI,NDI,NDI,631362727.0,NDI,earthquake,2022,7,2020,11889.247008101851,shallow
isc_636583758,22.904,69.381,9.2,2.6,ML,Southern India,,,,,,,,,2022-07-22 00:26:56.800000+00:00,,isc,636583758.0,NDI,NDI,NDI,631362733.0,NDI,earthquake,2022,7,2020,11890.018712962963,shallow
isc_636585595,22.395,71.027,10.0,2.7,ML,Southern India,,,,,,,,,2022-09-01 05:10:24.900000+00:00,,isc,636585595.0,NDI,NDI,NDI,631362863.0,NDI,earthquake,2022,9,2020,11931.215565972221,shallow
isc_636585804,22.994,70.121,5.0,2.6,ML,Southern India,,,,,,,,,2022-10-02 08:08:53.100000+00:00,,isc,636585804.0,NDI,NDI,NDI,631363018.0,NDI,earthquake,2022,10,2020,11962.339503472222,shallow
isc_642180692,23.416,70.215,13.1,3.3,MW,Southern India,,,,,,,,,2022-12-28 13:15:05.200000+00:00,,isc,642180692.0,NDI,NDI,NDI,637202864.0,NDI,earthquake,2022,12,2020,12049.552143518518,shallow
isc_625638366,24.1768,68.0133,0.0,3.6,MS,India-Pakistan border region,,,,,,,,,2023-01-24 17:26:01.390000+00:00,,isc,625638366.0,IDC,IDC,IDC,619582576.0,IDC,earthquake,2023,1,2020,12076.726404976851,shallow
isc_636890000,23.5,70.566,10.0,3.5,ML,Southern India,,,,,,,,,2023-01-30 01:08:25.900000+00:00,,isc,636890000.0,NDI,NDI,NDI,631552488.0,NDI,earthquake,2023,1,2020,12082.04752199074,shallow
isc_626219889,24.2824,69.7205,10.0,3.3,MW,India-Pakistan border region,,,,,,,,,2023-05-16 19:39:42.090000+00:00,,isc,626219889.0,ISC,ISC,ISC,637887611.0,NDI,earthquake,2023,5,2020,12188.819237152778,shallow
isc_642967090,22.984,70.513,14.2,2.9,MW,Southern India,,,,,,,,,2023-05-25 13:09:54.200000+00:00,,isc,642967090.0,NDI,NDI,NDI,637754779.0,NDI,earthquake,2023,5,2020,12197.548543981482,shallow
isc_643181582,22.963,69.001,10.0,2.7,ML,Southern India,,,,,,,,,2023-07-17 02:06:16.500000+00:00,,isc,643181582.0,NDI,NDI,NDI,637906191.0,NDI,earthquake,2023,7,2020,12250.087690972223,shallow
isc_626714054,23.6953,69.3847,35.0,3.62,mb,Southern India,,,,,,,,,2023-08-14 03:18:02.641000+00:00,,isc,626714054.0,ISC,ISC,ISC,638264820.0,ISC,earthquake,2023,8,2020,12278.137530567128,shallow
isc_644417087,22.919,69.313,5.0,2.4,ML,Southern India,,,,,,,,,2023-11-01 04:50:40.400000+00:00,,isc,644417087.0,NDI,NDI,NDI,638671524.0,NDI,earthquake,2023,11,2020,12357.20185648148,shallow
isc_644417091,23.541,70.038,5.0,3.2,MW,Southern India,,,,,,,,,2023-11-02 14:22:15.200000+00:00,,isc,644417091.0,NDI,NDI,NDI,638671534.0,NDI,earthquake,2023,11,2020,12358.598787037037,shallow
isc_644661553,23.198,70.074,18.1,4.0,ML,Southern India,,,,,,,,,2023-12-08 03:30:30.700000+00:00,,isc,644661553.0,NDI,NDI,NDI,638837416.0,NDI,earthquake,2023,12,2020,12394.146188657409,shallow
isc_636650444,24.4997,70.2419,10.0,3.51,mb,India-Pakistan border region,,,,,,,,,2024-01-05 04:08:46.996000+00:00,,isc,636650444.0,ISC,ISC,ISC,638933672.0,ISC,earthquake,2024,1,2020,12422.172766157408,shallow
isc_636759281,23.3808,70.3864,15.0,3.38,mb,Southern India,,,,,,,,,2024-01-28 11:15:09.586000+00:00,,isc,636759281.0,ISC,ISC,ISC,638936263.0,ISC,earthquake,2024,1,2020,12445.468860949073,shallow
isc_645513917,24.025,69.354,10.0,3.7,ML,India-Pakistan border region,,,,,,,,,2024-04-18 08:06:23.600000+00:00,,isc,645513917.0,NDI,NDI,NDI,639365751.0,NDI,earthquake,2024,4,2020,12526.337773148147,shallow
us7000pubm,23.9314,69.9836,10.0,3.9,mb,"72 km SE of Diplo, Pakistan",earthquake,reviewed,us,27.0,10.572,1.04,182.0,https://earthquake.usgs.gov/earthquakes/eventpage/us7000pubm,2025-04-22 17:56:13.614000+00:00,2025-06-27 00:34:52.040000+00:00,usgs,,,,,,,,2025,4,2020,12895.747379791668,shallow
us7000rktm,23.7096,70.4196,10.0,4.6,mb,"27 km WNW of Rāpar, India",earthquake,reviewed,us,61.0,13.02,0.69,75.0,https://earthquake.usgs.gov/earthquakes/eventpage/us7000rktm,2025-12-25 23:00:05.553000+00:00,2026-01-18 04:03:50.150000+00:00,usgs,,,,,,,,2025,12,2020,13142.958397604167,shallow
