isc_event_id,time_utc,latitude,longitude,depth_km,author,catalog,contributor,contributor_id,mag_type,magnitude,mag_author,place,event_type,id,source,status,net,nst,dmin,rms,gap,updated_utc,url,type
319478,1991-09-10 06:54:06.007000+00:00,24.2147,68.6826,35.0,ISC,ISC,ISC,693619,MS,4.18,ISC,India-Pakistan border region,earthquake,isc_319478,isc,,,,,,,,,
319481,1991-09-10 07:20:07.003000+00:00,24.3622,68.8672,25.0,ISC,ISC,ISC,693628,MS,4.45,ISC,India-Pakistan border region,earthquake,isc_319481,isc,,,,,,,,,
979087,1996-08-05 22:15:38.073000+00:00,22.9954,68.3784,17.5,ISC,ISC,ISC,2113279,mb,3.91,ISC,Southern India,earthquake,isc_979087,isc,,,,,,,,,
1310717,1998-10-08 15:01:17.873000+00:00,24.4452,69.5807,35.0,ISC,ISC,ISC,2713198,mb,3.84,ISC,India-Pakistan border region,earthquake,isc_1310717,isc,,,,,,,,,
2161010,1999-07-22 18:07:09.600000+00:00,24.453,70.765,10.0,NDI,NDI,NDI,3467350,ML,4.0,NDI,India-Pakistan border region,earthquake,isc_2161010,isc,,,,,,,,,
2162330,1999-09-21 14:33:23.300000+00:00,24.19,68.395,15.0,NDI,NDI,NDI,3468099,ML,3.3,NDI,India-Pakistan border region,earthquake,isc_2162330,isc,,,,,,,,,
3167137,2000-09-15 12:32:09.800000+00:00,24.157,71.142,15.0,NDI,NDI,NDI,4145255,ML,3.4,NDI,Northern India,earthquake,isc_3167137,isc,,,,,,,,,
1743316,2000-12-24 11:22:03.112000+00:00,23.9983,69.9573,35.0,ISC,ISC,ISC,4413832,mb,4.11,ISC,Southern India,earthquake,isc_1743316,isc,,,,,,,,,
1763683,2001-01-26 03:16:42.567000+00:00,23.3777,70.3405,16.0,ISC,ISC,ISC,4494195,MW,7.62,GCMT,Southern India,earthquake,isc_1763683,isc,,,,,,,,,
1835512,2001-01-26 03:33:32.203000+00:00,23.4237,70.1824,15.0,ISC,ISC,ISC,4494197,mb,5.34,ISC,Southern India,earthquake,isc_1835512,isc,,,,,,,,,
1835514,2001-01-26 03:59:02.391000+00:00,23.2884,70.1599,10.0,ISC,ISC,ISC,4494203,MW,4.6,NDI,Southern India,earthquake,isc_1835514,isc,,,,,,,,,
3523322,2001-01-26 04:19:49.600000+00:00,23.509,70.166,31.1,NDI,NDI,NDI,4427636,ML,3.9,NDI,Southern India,earthquake,isc_3523322,isc,,,,,,,,,
1763685,2001-01-26 04:23:45.297000+00:00,23.4341,70.2604,19.7,ISC,ISC,ISC,4494205,mb,5.15,ISC,Southern India,earthquake,isc_1763685,isc,,,,,,,,,
1763687,2001-01-26 04:48:17.682000+00:00,23.3851,70.418,16.2,ISC,ISC,ISC,4494207,mb,5.03,ISC,Southern India,earthquake,isc_1763687,isc,,,,,,,,,
2754004,2001-01-26 04:53:01.681000+00:00,23.5076,70.4681,15.0,ISC,ISC,ISC,4494208,mb,4.86,ISC,Southern India,earthquake,isc_2754004,isc,,,,,,,,,
3523328,2001-01-26 05:01:48.300000+00:00,22.825,70.018,2.0,NDI,NDI,NDI,4427640,ML,4.2,NDI,Southern India,earthquake,isc_3523328,isc,,,,,,,,,
3523330,2001-01-26 05:31:58.300000+00:00,23.03,70.346,18.8,NDI,NDI,NDI,4427641,ML,4.4,NDI,Southern India,earthquake,isc_3523330,isc,,,,,,,,,
1763689,2001-01-26 05:59:10.211000+00:00,23.4111,70.3664,15.0,ISC,ISC,ISC,4494215,mb,4.8,ISC,Southern India,earthquake,isc_1763689,isc,,,,,,,,,
1763691,2001-01-26 06:04:54.197000+00:00,23.412,70.2237,17.5,ISC,ISC,ISC,4494216,mb,4.96,ISC,Southern India,earthquake,isc_1763691,isc,,,,,,,,,
3523336,2001-01-26 06:44:08.200000+00:00,23.705,70.109,15.0,NDI,NDI,NDI,4427645,ML,4.5,NDI,Southern India,earthquake,isc_3523336,isc,,,,,,,,,
3009366,2001-01-26 06:48:50.221000+00:00,23.6262,70.3626,15.0,ISC,ISC,ISC,4494220,mb,4.42,ISC,Southern India,earthquake,isc_3009366,isc,,,,,,,,,
1763693,2001-01-26 07:32:31.381000+00:00,23.4647,70.1789,9.3,ISC,ISC,ISC,4494221,MS,5.49,ISC,Southern India,earthquake,isc_1763693,isc,,,,,,,,,
2754018,2001-01-26 07:49:00.711000+00:00,23.4636,70.9636,35.0,ISC,ISC,ISC,4494222,mb,4.75,ISC,Southern India,earthquake,isc_2754018,isc,,,,,,,,,
2745759,2001-01-26 08:03:19.309000+00:00,23.5259,70.537,15.0,ISC,ISC,ISC,4494225,MW,4.3,NDI,Southern India,earthquake,isc_2745759,isc,,,,,,,,,
2040184,2001-01-26 08:42:25.853000+00:00,23.3623,70.5915,15.0,ISC,ISC,ISC,4494231,MW,4.4,NDI,Southern India,earthquake,isc_2040184,isc,,,,,,,,,
1763695,2001-01-26 09:08:24.983000+00:00,23.3699,70.4843,12.1,ISC,ISC,ISC,4494238,MW,4.5,NDI,Southern India,earthquake,isc_1763695,isc,,,,,,,,,
3523348,2001-01-26 10:21:27.700000+00:00,23.308,70.226,8.0,NDI,NDI,NDI,4427656,ML,3.9,NDI,Southern India,earthquake,isc_3523348,isc,,,,,,,,,
3523350,2001-01-26 11:54:42.300000+00:00,23.365,70.14,18.7,NDI,NDI,NDI,4427657,ML,3.9,NDI,Southern India,earthquake,isc_3523350,isc,,,,,,,,,
3409551,2001-01-26 12:11:53.700000+00:00,23.288,70.403,15.0,NDI,NDI,NDI,4327222,ML,3.8,NDI,Southern India,earthquake,isc_3409551,isc,,,,,,,,,
3409553,2001-01-26 12:23:52.400000+00:00,23.527,71.058,33.0,NDI,NDI,NDI,4327223,ML,3.3,NDI,Southern India,earthquake,isc_3409553,isc,,,,,,,,,
2754039,2001-01-26 12:55:07.023000+00:00,23.4824,70.4023,15.0,ISC,ISC,ISC,4494258,mb,4.36,ISC,Southern India,earthquake,isc_2754039,isc,,,,,,,,,
2754043,2001-01-26 13:30:25.244000+00:00,23.4706,70.5925,15.0,ISC,ISC,ISC,4494260,mb,4.39,ISC,Southern India,earthquake,isc_2754043,isc,,,,,,,,,
3523354,2001-01-26 14:11:29.800000+00:00,23.394,70.487,15.8,NDI,NDI,NDI,4427660,ML,3.8,NDI,Southern India,earthquake,isc_3523354,isc,,,,,,,,,
1763699,2001-01-26 15:11:01.924000+00:00,23.3269,70.3049,19.0,ISC,ISC,ISC,4494269,MS,4.17,ISC,Southern India,earthquake,isc_1763699,isc,,,,,,,,,
3523364,2001-01-26 15:38:17.100000+00:00,23.618,70.226,15.0,NDI,NDI,NDI,4427666,ML,3.7,NDI,Southern India,earthquake,isc_3523364,isc,,,,,,,,,
3523366,2001-01-26 15:42:25.100000+00:00,23.247,70.233,5.0,NDI,NDI,NDI,4427667,ML,3.7,NDI,Southern India,earthquake,isc_3523366,isc,,,,,,,,,
3523368,2001-01-26 15:47:09+00:00,23.567,70.43,5.0,NDI,NDI,NDI,4427668,ML,4.3,NDI,Southern India,earthquake,isc_3523368,isc,,,,,,,,,
3523370,2001-01-26 16:42:50.900000+00:00,23.544,70.569,5.0,NDI,NDI,NDI,4427669,ML,3.4,NDI,Southern India,earthquake,isc_3523370,isc,,,,,,,,,
3523372,2001-01-26 16:46:56.100000+00:00,23.782,70.49,5.0,NDI,NDI,NDI,4427670,ML,3.6,NDI,Southern India,earthquake,isc_3523372,isc,,,,,,,,,
3523374,2001-01-26 17:21:35.700000+00:00,23.168,70.283,15.0,NDI,NDI,NDI,4427671,ML,3.4,NDI,Southern India,earthquake,isc_3523374,isc,,,,,,,,,
3523376,2001-01-26 18:02:30.700000+00:00,23.867,70.202,10.0,NDI,NDI,NDI,4427672,ML,3.6,NDI,Southern India,earthquake,isc_3523376,isc,,,,,,,,,
1763705,2001-01-26 18:19:46.107000+00:00,23.4298,70.6003,13.4,ISC,ISC,ISC,4494287,MS,3.84,ISC,Southern India,earthquake,isc_1763705,isc,,,,,,,,,
3523380,2001-01-26 18:44:57.700000+00:00,23.329,71.251,5.0,NDI,NDI,NDI,4427675,ML,3.7,NDI,Southern India,earthquake,isc_3523380,isc,,,,,,,,,
3009588,2001-01-26 19:10:57.916000+00:00,23.6416,70.309,35.0,ISC,ISC,ISC,4494292,mb,4.1,ISC,Southern India,earthquake,isc_3009588,isc,,,,,,,,,
3523388,2001-01-26 20:57:21+00:00,23.628,70.551,5.0,NDI,NDI,NDI,4427680,ML,3.6,NDI,Southern India,earthquake,isc_3523388,isc,,,,,,,,,
3523390,2001-01-26 21:49:59.100000+00:00,23.285,70.911,5.0,NDI,NDI,NDI,4427681,ML,3.7,NDI,Southern India,earthquake,isc_3523390,isc,,,,,,,,,
3523392,2001-01-26 22:04:18.100000+00:00,23.334,70.093,33.0,NDI,NDI,NDI,4427682,ML,3.5,NDI,Southern India,earthquake,isc_3523392,isc,,,,,,,,,
3523400,2001-01-27 00:58:52.700000+00:00,23.439,70.407,6.8,NDI,NDI,NDI,4427686,ML,3.6,NDI,Southern India,earthquake,isc_3523400,isc,,,,,,,,,
3523402,2001-01-27 01:27:35.200000+00:00,23.571,70.17,5.0,NDI,NDI,NDI,4427687,ML,3.5,NDI,Southern India,earthquake,isc_3523402,isc,,,,,,,,,
3409561,2001-01-27 01:34:57.400000+00:00,23.566,70.257,5.0,NDI,NDI,NDI,4327232,ML,3.6,NDI,Southern India,earthquake,isc_3409561,isc,,,,,,,,,
3523404,2001-01-27 01:47:11.100000+00:00,23.607,70.248,5.0,NDI,NDI,NDI,4427688,ML,3.7,NDI,Southern India,earthquake,isc_3523404,isc,,,,,,,,,
3409563,2001-01-27 02:56:32+00:00,23.332,70.392,15.0,NDI,NDI,NDI,4327233,ML,3.6,NDI,Southern India,earthquake,isc_3409563,isc,,,,,,,,,
2040243,2001-01-27 03:33:37.868000+00:00,23.3924,70.5288,15.0,ISC,ISC,ISC,4494332,mb,4.14,ISC,Southern India,earthquake,isc_2040243,isc,,,,,,,,,
1763707,2001-01-27 03:50:03.413000+00:00,23.4369,70.5589,19.7,ISC,ISC,ISC,4494333,MS,4.05,ISC,Southern India,earthquake,isc_1763707,isc,,,,,,,,,
3523412,2001-01-27 04:10:13.700000+00:00,23.357,70.363,13.5,NDI,NDI,NDI,4427694,ML,4.0,NDI,Southern India,earthquake,isc_3523412,isc,,,,,,,,,
3523414,2001-01-27 04:15:16+00:00,23.412,70.244,2.3,NDI,NDI,NDI,4427695,ML,4.3,NDI,Southern India,earthquake,isc_3523414,isc,,,,,,,,,
1763709,2001-01-27 04:36:08.385000+00:00,23.5104,70.5755,15.0,ISC,ISC,ISC,4494338,MS,4.5,ISC,Southern India,earthquake,isc_1763709,isc,,,,,,,,,
3523420,2001-01-27 05:28:43.500000+00:00,24.023,70.02,17.3,NDI,NDI,NDI,4427699,ML,3.5,NDI,India-Pakistan border region,earthquake,isc_3523420,isc,,,,,,,,,
3523424,2001-01-27 06:03:38.300000+00:00,23.061,70.207,15.0,NDI,NDI,NDI,4427701,ML,3.7,NDI,Southern India,earthquake,isc_3523424,isc,,,,,,,,,
3523428,2001-01-27 08:57:54.300000+00:00,23.513,70.371,5.0,NDI,NDI,NDI,4427703,ML,3.7,NDI,Southern India,earthquake,isc_3523428,isc,,,,,,,,,
3523432,2001-01-27 09:46:43.800000+00:00,23.03,70.061,5.0,NDI,NDI,NDI,4427705,ML,3.6,NDI,Southern India,earthquake,isc_3523432,isc,,,,,,,,,
3523434,2001-01-27 09:50:31.600000+00:00,23.406,70.241,5.0,NDI,NDI,NDI,4427706,ML,3.8,NDI,Southern India,earthquake,isc_3523434,isc,,,,,,,,,
1763717,2001-01-27 11:24:24.551000+00:00,23.3531,70.6117,14.5,ISC,ISC,ISC,4494371,mb,4.63,ISC,Southern India,earthquake,isc_1763717,isc,,,,,,,,,
3523442,2001-01-27 11:47:47.900000+00:00,23.619,70.347,5.0,NDI,NDI,NDI,4427711,ML,3.4,NDI,Southern India,earthquake,isc_3523442,isc,,,,,,,,,
3523450,2001-01-27 15:20:56.200000+00:00,23.429,70.437,15.4,NDI,NDI,NDI,4427715,ML,3.2,NDI,Southern India,earthquake,isc_3523450,isc,,,,,,,,,
3523452,2001-01-27 15:40:00.700000+00:00,23.718,70.094,15.0,NDI,NDI,NDI,4427716,ML,3.3,NDI,Southern India,earthquake,isc_3523452,isc,,,,,,,,,
3523454,2001-01-27 16:06:16.200000+00:00,23.522,70.165,5.0,NDI,NDI,NDI,4427717,ML,3.1,NDI,Southern India,earthquake,isc_3523454,isc,,,,,,,,,
3523466,2001-01-27 19:38:44+00:00,23.107,70.207,14.0,NDI,NDI,NDI,4427723,ML,3.0,NDI,Southern India,earthquake,isc_3523466,isc,,,,,,,,,
3523468,2001-01-27 19:59:26.100000+00:00,23.401,70.423,5.0,NDI,NDI,NDI,4427724,ML,3.0,NDI,Southern India,earthquake,isc_3523468,isc,,,,,,,,,
3523474,2001-01-27 23:51:54.100000+00:00,24.213,70.126,33.0,NDI,NDI,NDI,4427727,ML,3.6,NDI,India-Pakistan border region,earthquake,isc_3523474,isc,,,,,,,,,
1763725,2001-01-28 01:02:13.668000+00:00,23.5101,70.5602,14.9,ISC,ISC,ISC,4494413,MW,5.75,GCMT,Southern India,earthquake,isc_1763725,isc,,,,,,,,,
3009927,2001-01-28 01:21:17.176000+00:00,23.8895,70.2371,35.0,ISC,ISC,ISC,4494415,mb,4.1,ISC,Southern India,earthquake,isc_3009927,isc,,,,,,,,,
3009965,2001-01-28 03:18:04.314000+00:00,23.4678,70.6689,15.0,ISC,ISC,ISC,4494422,MW,3.9,NDI,Southern India,earthquake,isc_3009965,isc,,,,,,,,,
1763729,2001-01-28 03:26:14.409000+00:00,23.3848,70.1663,18.4,ISC,ISC,ISC,4494424,MS,3.6,ISC,Southern India,earthquake,isc_1763729,isc,,,,,,,,,
3523486,2001-01-28 06:19:48.100000+00:00,23.452,70.388,15.0,NDI,NDI,NDI,4427736,ML,3.5,NDI,Southern India,earthquake,isc_3523486,isc,,,,,,,,,
3523494,2001-01-28 08:23:33.100000+00:00,23.741,70.386,1.4,NDI,NDI,NDI,4427740,ML,3.3,NDI,Southern India,earthquake,isc_3523494,isc,,,,,,,,,
3010016,2001-01-28 10:02:29.549000+00:00,23.451,70.2928,15.0,ISC,ISC,ISC,4494454,mb,3.64,ISC,Southern India,earthquake,isc_3010016,isc,,,,,,,,,
3010018,2001-01-28 10:43:39.044000+00:00,23.2956,70.242,15.0,ISC,ISC,ISC,4494455,mb,3.73,ISC,Southern India,earthquake,isc_3010018,isc,,,,,,,,,
1763733,2001-01-28 11:10:46.195000+00:00,23.3223,70.4098,15.0,ISC,ISC,ISC,4494460,MW,5.34,GCMT,Southern India,earthquake,isc_1763733,isc,,,,,,,,,
3523510,2001-01-28 13:34:12.900000+00:00,23.451,70.318,15.0,NDI,NDI,NDI,4427751,ML,3.0,NDI,Southern India,earthquake,isc_3523510,isc,,,,,,,,,
3409581,2001-01-28 16:03:06.600000+00:00,23.616,70.189,15.0,NDI,NDI,NDI,4327248,ML,3.3,NDI,Southern India,earthquake,isc_3409581,isc,,,,,,,,,
1763737,2001-01-28 17:15:27.016000+00:00,23.2529,70.1733,19.3,ISC,ISC,ISC,4494489,MS,3.97,ISC,Southern India,earthquake,isc_1763737,isc,,,,,,,,,
3523518,2001-01-28 17:25:38.700000+00:00,23.618,70.234,15.0,NDI,NDI,NDI,4427756,ML,3.4,NDI,Southern India,earthquake,isc_3523518,isc,,,,,,,,,
2754224,2001-01-28 18:03:45.154000+00:00,23.5891,70.6476,14.0,ISC,ISC,ISC,4494496,mb,3.95,ISC,Southern India,earthquake,isc_2754224,isc,,,,,,,,,
1763741,2001-01-28 19:31:59.587000+00:00,23.2967,70.492,27.5,ISC,ISC,ISC,4494501,mb,4.03,ISC,Southern India,earthquake,isc_1763741,isc,,,,,,,,,
3267503,2001-01-28 19:42:22.083000+00:00,23.4772,70.1918,19.5,ISC,ISC,ISC,4494504,MS,3.63,ISC,Southern India,earthquake,isc_3267503,isc,,,,,,,,,
2754230,2001-01-28 19:43:04.712000+00:00,23.6094,71.3223,35.0,ISC,ISC,ISC,4494505,mb,3.8,ISC,Southern India,earthquake,isc_2754230,isc,,,,,,,,,
3267507,2001-01-28 20:54:08.496000+00:00,23.456,70.4168,15.0,ISC,ISC,ISC,4494515,mb,3.64,ISC,Southern India,earthquake,isc_3267507,isc,,,,,,,,,
3010205,2001-01-28 23:31:09.476000+00:00,23.4728,70.2846,15.0,ISC,ISC,ISC,4494540,mb,3.82,ISC,Southern India,earthquake,isc_3010205,isc,,,,,,,,,
1763745,2001-01-29 01:39:05.554000+00:00,23.3843,70.1805,15.0,ISC,ISC,ISC,4494554,MS,3.74,ISC,Southern India,earthquake,isc_1763745,isc,,,,,,,,,
3523541,2001-01-29 04:25:40.200000+00:00,23.544,70.299,15.0,NDI,NDI,NDI,4427774,ML,3.7,NDI,Southern India,earthquake,isc_3523541,isc,,,,,,,,,
3523545,2001-01-29 07:34:47+00:00,23.482,70.01,12.8,NDI,NDI,NDI,4427776,ML,3.6,NDI,Southern India,earthquake,isc_3523545,isc,,,,,,,,,
1763749,2001-01-29 09:38:46.764000+00:00,23.5837,70.5205,17.1,ISC,ISC,ISC,4494589,MS,3.69,ISC,Southern India,earthquake,isc_1763749,isc,,,,,,,,,
3523553,2001-01-29 12:44:23.800000+00:00,23.21,70.15,33.0,NDI,NDI,NDI,4427781,ML,3.5,NDI,Southern India,earthquake,isc_3523553,isc,,,,,,,,,
3409592,2001-01-29 16:16:44.900000+00:00,23.185,70.111,30.9,NDI,NDI,NDI,4327257,ML,3.1,NDI,Southern India,earthquake,isc_3409592,isc,,,,,,,,,
2754322,2001-01-29 19:14:55.350000+00:00,23.4758,70.5306,15.0,ISC,ISC,ISC,4494628,mb,4.01,ISC,Southern India,earthquake,isc_2754322,isc,,,,,,,,,
2754324,2001-01-29 19:17:58.202000+00:00,23.4687,70.1328,28.1,ISC,ISC,ISC,4494629,MS,3.49,ISC,Southern India,earthquake,isc_2754324,isc,,,,,,,,,
3523570,2001-01-29 20:16:43+00:00,23.506,70.308,5.0,NDI,NDI,NDI,4427793,ML,3.3,NDI,Southern India,earthquake,isc_3523570,isc,,,,,,,,,
1763765,2001-01-29 23:54:59.452000+00:00,23.4966,70.3755,7.3,ISC,ISC,ISC,4494656,mb,4.6,ISC,Southern India,earthquake,isc_1763765,isc,,,,,,,,,
3523576,2001-01-30 00:17:01.500000+00:00,23.465,70.257,15.0,NDI,NDI,NDI,4427797,ML,3.1,NDI,Southern India,earthquake,isc_3523576,isc,,,,,,,,,
2754372,2001-01-30 03:16:46.006000+00:00,23.4159,70.3553,19.0,ISC,ISC,ISC,4494681,mb,4.31,ISC,Southern India,earthquake,isc_2754372,isc,,,,,,,,,
3523582,2001-01-30 07:04:47.300000+00:00,23.376,70.435,11.7,NDI,NDI,NDI,4427801,ML,3.6,NDI,Southern India,earthquake,isc_3523582,isc,,,,,,,,,
3523584,2001-01-30 07:15:16.200000+00:00,22.339,70.373,33.0,NDI,NDI,NDI,4427802,ML,3.9,NDI,Southern India,earthquake,isc_3523584,isc,,,,,,,,,
3523586,2001-01-30 07:25:02.500000+00:00,23.625,70.059,15.0,NDI,NDI,NDI,4427803,ML,3.2,NDI,Southern India,earthquake,isc_3523586,isc,,,,,,,,,
3523588,2001-01-30 08:22:18.400000+00:00,23.707,70.072,5.0,NDI,NDI,NDI,4427804,ML,3.5,NDI,Southern India,earthquake,isc_3523588,isc,,,,,,,,,
3523590,2001-01-30 08:42:25.800000+00:00,23.224,70.138,5.0,NDI,NDI,NDI,4427805,ML,3.4,NDI,Southern India,earthquake,isc_3523590,isc,,,,,,,,,
3523592,2001-01-30 09:54:54.700000+00:00,23.352,70.469,5.0,NDI,NDI,NDI,4427806,ML,3.5,NDI,Southern India,earthquake,isc_3523592,isc,,,,,,,,,
3523594,2001-01-30 10:45:52.500000+00:00,23.51,70.445,6.5,NDI,NDI,NDI,4427807,ML,3.7,NDI,Southern India,earthquake,isc_3523594,isc,,,,,,,,,
3523596,2001-01-30 14:14:08.100000+00:00,23.321,70.096,24.7,NDI,NDI,NDI,4427808,ML,3.1,NDI,Southern India,earthquake,isc_3523596,isc,,,,,,,,,
3523600,2001-01-30 17:33:49.200000+00:00,23.297,70.253,5.0,NDI,NDI,NDI,4427810,ML,3.5,NDI,Southern India,earthquake,isc_3523600,isc,,,,,,,,,
1763783,2001-01-30 18:19:59.455000+00:00,23.3956,70.4121,17.2,ISC,ISC,ISC,4494737,MS,3.88,ISC,Southern India,earthquake,isc_1763783,isc,,,,,,,,,
3523604,2001-01-30 19:40:33.400000+00:00,23.324,70.318,15.0,NDI,NDI,NDI,4427813,ML,3.3,NDI,Southern India,earthquake,isc_3523604,isc,,,,,,,,,
1763787,2001-01-31 01:56:09.104000+00:00,23.4759,70.1178,15.0,ISC,ISC,ISC,4494766,MS,3.62,ISC,Southern India,earthquake,isc_1763787,isc,,,,,,,,,
3523611,2001-01-31 02:31:26+00:00,23.627,70.268,15.0,NDI,NDI,NDI,4427817,ML,3.5,NDI,Southern India,earthquake,isc_3523611,isc,,,,,,,,,
1763791,2001-01-31 03:34:58.796000+00:00,23.3988,70.476,15.0,ISC,ISC,ISC,4494773,MS,3.64,ISC,Southern India,earthquake,isc_1763791,isc,,,,,,,,,
2754455,2001-01-31 04:41:10.042000+00:00,23.4525,70.123,15.0,ISC,ISC,ISC,4494781,mb,3.97,ISC,Southern India,earthquake,isc_2754455,isc,,,,,,,,,
3523619,2001-01-31 05:12:35.900000+00:00,23.475,70.068,20.1,NDI,NDI,NDI,4427823,ML,3.4,NDI,Southern India,earthquake,isc_3523619,isc,,,,,,,,,
1763795,2001-01-31 07:32:35.148000+00:00,23.4666,70.3739,15.0,ISC,ISC,ISC,4494793,mb,4.32,ISC,Southern India,earthquake,isc_1763795,isc,,,,,,,,,
3523623,2001-01-31 08:38:21.700000+00:00,23.591,70.169,15.0,NDI,NDI,NDI,4427826,ML,3.9,NDI,Southern India,earthquake,isc_3523623,isc,,,,,,,,,
1763797,2001-01-31 09:42:23.791000+00:00,23.4292,70.6286,7.5,ISC,ISC,ISC,4494802,MS,3.94,ISC,Southern India,earthquake,isc_1763797,isc,,,,,,,,,
3523627,2001-01-31 11:21:40.100000+00:00,23.773,70.049,15.0,NDI,NDI,NDI,4427829,ML,3.8,NDI,Southern India,earthquake,isc_3523627,isc,,,,,,,,,
3523629,2001-01-31 13:06:39.700000+00:00,23.465,70.441,3.3,NDI,NDI,NDI,4427830,ML,3.9,NDI,Southern India,earthquake,isc_3523629,isc,,,,,,,,,
3409608,2001-01-31 13:37:40.300000+00:00,23.273,70.22,15.0,NDI,NDI,NDI,4327272,ML,3.6,NDI,Southern India,earthquake,isc_3409608,isc,,,,,,,,,
3267807,2001-01-31 15:36:17.453000+00:00,23.4241,70.4682,15.0,ISC,ISC,ISC,4494842,mb,3.64,ISC,Southern India,earthquake,isc_3267807,isc,,,,,,,,,
3523633,2001-01-31 17:03:27.600000+00:00,23.562,70.232,15.0,NDI,NDI,NDI,4427832,ML,3.3,NDI,Southern India,earthquake,isc_3523633,isc,,,,,,,,,
2040619,2001-01-31 23:36:12.906000+00:00,23.3596,70.2923,15.0,ISC,ISC,ISC,4494884,MS,3.56,ISC,Southern India,earthquake,isc_2040619,isc,,,,,,,,,
3523640,2001-02-01 07:36:50.800000+00:00,23.287,70.283,6.5,NDI,NDI,NDI,4427836,ML,3.6,NDI,Southern India,earthquake,isc_3523640,isc,,,,,,,,,
3523642,2001-02-01 08:42:14.400000+00:00,23.638,70.347,15.0,NDI,NDI,NDI,4427837,ML,3.3,NDI,Southern India,earthquake,isc_3523642,isc,,,,,,,,,
3523644,2001-02-01 10:33:52.900000+00:00,23.405,70.378,15.0,NDI,NDI,NDI,4427838,ML,3.3,NDI,Southern India,earthquake,isc_3523644,isc,,,,,,,,,
3510191,2001-02-01 12:09:56.600000+00:00,23.445,70.118,4.4,NDI,NDI,NDI,4414889,ML,3.0,NDI,Southern India,earthquake,isc_3510191,isc,,,,,,,,,
3523646,2001-02-01 17:17:04.500000+00:00,23.421,70.011,7.7,NDI,NDI,NDI,4427839,ML,3.1,NDI,Southern India,earthquake,isc_3523646,isc,,,,,,,,,
3523648,2001-02-01 18:24:29.100000+00:00,23.479,70.111,26.8,NDI,NDI,NDI,4427840,ML,3.3,NDI,Southern India,earthquake,isc_3523648,isc,,,,,,,,,
3523650,2001-02-01 19:22:19.200000+00:00,23.735,70.333,15.0,NDI,NDI,NDI,4427841,ML,3.0,NDI,Southern India,earthquake,isc_3523650,isc,,,,,,,,,
3523652,2001-02-01 19:32:27.800000+00:00,23.472,70.382,15.0,NDI,NDI,NDI,4427842,ML,3.2,NDI,Southern India,earthquake,isc_3523652,isc,,,,,,,,,
2735452,2001-02-01 20:50:55.642000+00:00,23.4197,70.6087,16.7,ISC,ISC,ISC,4520217,MW,4.1,NDI,Southern India,earthquake,isc_2735452,isc,,,,,,,,,
2735456,2001-02-01 21:07:03.752000+00:00,23.4974,70.4955,15.0,ISC,ISC,ISC,4520220,mb,4.03,ISC,Southern India,earthquake,isc_2735456,isc,,,,,,,,,
2735481,2001-02-01 22:20:53.417000+00:00,23.2774,70.51,22.6,ISC,ISC,ISC,4520230,MW,4.2,NDI,Southern India,earthquake,isc_2735481,isc,,,,,,,,,
1763853,2001-02-01 22:29:37.241000+00:00,23.5496,70.3069,15.0,ISC,ISC,ISC,4520232,mb,4.36,ISC,Southern India,earthquake,isc_1763853,isc,,,,,,,,,
3523661,2001-02-01 23:04:59.200000+00:00,23.472,70.181,15.0,NDI,NDI,NDI,4427850,ML,3.4,NDI,Southern India,earthquake,isc_3523661,isc,,,,,,,,,
3523665,2001-02-02 10:09:11.700000+00:00,23.501,70.126,5.0,NDI,NDI,NDI,4427852,ML,3.3,NDI,Southern India,earthquake,isc_3523665,isc,,,,,,,,,
3523667,2001-02-02 11:39:12.100000+00:00,23.522,70.361,3.2,NDI,NDI,NDI,4427853,ML,3.5,NDI,Southern India,earthquake,isc_3523667,isc,,,,,,,,,
3523669,2001-02-02 14:20:45.600000+00:00,23.518,70.212,15.0,NDI,NDI,NDI,4427854,ML,3.3,NDI,Southern India,earthquake,isc_3523669,isc,,,,,,,,,
3268051,2001-02-02 17:10:53.549000+00:00,23.5274,70.2727,15.0,ISC,ISC,ISC,4520341,mb,3.81,ISC,Southern India,earthquake,isc_3268051,isc,,,,,,,,,
3523677,2001-02-02 19:06:56.100000+00:00,23.405,70.411,15.0,NDI,NDI,NDI,4427859,ML,3.1,NDI,Southern India,earthquake,isc_3523677,isc,,,,,,,,,
3523679,2001-02-02 19:58:37.300000+00:00,23.431,70.153,13.7,NDI,NDI,NDI,4427860,ML,3.1,NDI,Southern India,earthquake,isc_3523679,isc,,,,,,,,,
3523681,2001-02-02 20:02:34.700000+00:00,23.363,70.355,22.1,NDI,NDI,NDI,4427861,ML,3.1,NDI,Southern India,earthquake,isc_3523681,isc,,,,,,,,,
3523683,2001-02-03 01:37:28.900000+00:00,23.36,70.387,3.9,NDI,NDI,NDI,4427862,ML,3.2,NDI,Southern India,earthquake,isc_3523683,isc,,,,,,,,,
1763873,2001-02-03 03:04:35.265000+00:00,23.6329,70.512,13.8,ISC,ISC,ISC,4520389,MW,4.9,NDI,Southern India,earthquake,isc_1763873,isc,,,,,,,,,
3011665,2001-02-03 04:00:29.377000+00:00,23.4469,70.457,15.0,ISC,ISC,ISC,4520391,mb,3.83,ISC,Southern India,earthquake,isc_3011665,isc,,,,,,,,,
3510211,2001-02-03 05:34:00.500000+00:00,23.217,70.167,5.0,NDI,NDI,NDI,4414905,ML,3.4,NDI,Southern India,earthquake,isc_3510211,isc,,,,,,,,,
2735631,2001-02-03 07:00:45.381000+00:00,23.2653,70.2585,15.0,ISC,ISC,ISC,4520412,mb,3.98,ISC,Southern India,earthquake,isc_2735631,isc,,,,,,,,,
3268096,2001-02-03 07:07:21.028000+00:00,23.3411,70.563,10.0,ISC,ISC,ISC,4520413,mb,3.94,ISC,Southern India,earthquake,isc_3268096,isc,,,,,,,,,
2735643,2001-02-03 09:19:40.508000+00:00,23.4279,70.2607,18.1,ISC,ISC,ISC,4520425,mb,3.93,ISC,Southern India,earthquake,isc_2735643,isc,,,,,,,,,
1763877,2001-02-03 10:06:40.819000+00:00,23.3162,70.3075,23.1,ISC,ISC,ISC,4520428,MW,4.8,NDI,Southern India,earthquake,isc_1763877,isc,,,,,,,,,
3523694,2001-02-03 16:01:57.500000+00:00,23.281,70.295,8.0,NDI,NDI,NDI,4427872,ML,3.3,NDI,Southern India,earthquake,isc_3523694,isc,,,,,,,,,
3523698,2001-02-03 22:58:38.800000+00:00,23.582,70.225,15.0,NDI,NDI,NDI,4427874,ML,2.7,NDI,Southern India,earthquake,isc_3523698,isc,,,,,,,,,
3510218,2001-02-04 00:17:45.800000+00:00,23.749,70.393,4.1,NDI,NDI,NDI,4414909,ML,3.0,NDI,Southern India,earthquake,isc_3510218,isc,,,,,,,,,
2735712,2001-02-04 00:49:44.679000+00:00,23.2114,70.3885,18.7,ISC,ISC,ISC,4520516,mb,3.82,ISC,Southern India,earthquake,isc_2735712,isc,,,,,,,,,
3523700,2001-02-04 01:21:12.600000+00:00,23.316,70.321,7.2,NDI,NDI,NDI,4427875,ML,3.2,NDI,Southern India,earthquake,isc_3523700,isc,,,,,,,,,
3523702,2001-02-04 01:46:00.400000+00:00,23.419,70.311,15.0,NDI,NDI,NDI,4427876,ML,3.4,NDI,Southern India,earthquake,isc_3523702,isc,,,,,,,,,
3523704,2001-02-04 04:17:11.200000+00:00,23.48,70.21,3.6,NDI,NDI,NDI,4427877,ML,3.6,NDI,Southern India,earthquake,isc_3523704,isc,,,,,,,,,
3523706,2001-02-04 04:40:00.900000+00:00,23.406,70.261,5.9,NDI,NDI,NDI,4427878,ML,3.8,NDI,Southern India,earthquake,isc_3523706,isc,,,,,,,,,
1763887,2001-02-04 04:47:26.526000+00:00,23.5269,70.253,15.0,ISC,ISC,ISC,4520543,MW,4.6,NDI,Southern India,earthquake,isc_1763887,isc,,,,,,,,,
3011875,2001-02-04 04:50:37.304000+00:00,23.1868,70.1093,18.2,ISC,ISC,ISC,4520545,mb,4.11,ISC,Southern India,earthquake,isc_3011875,isc,,,,,,,,,
3523711,2001-02-04 05:22:02.700000+00:00,23.509,70.2,15.0,NDI,NDI,NDI,4427882,ML,3.3,NDI,Southern India,earthquake,isc_3523711,isc,,,,,,,,,
3523713,2001-02-04 05:41:30.900000+00:00,23.281,70.405,9.5,NDI,NDI,NDI,4427883,ML,3.2,NDI,Southern India,earthquake,isc_3523713,isc,,,,,,,,,
3523718,2001-02-04 13:55:27.100000+00:00,23.512,70.529,20.4,NDI,NDI,NDI,4427886,ML,3.1,NDI,Southern India,earthquake,isc_3523718,isc,,,,,,,,,
1763899,2001-02-04 15:34:09.965000+00:00,23.4518,70.2677,22.5,ISC,ISC,ISC,4520614,MW,4.8,NDI,Southern India,earthquake,isc_1763899,isc,,,,,,,,,
3523722,2001-02-04 15:41:36+00:00,23.345,70.19,27.3,NDI,NDI,NDI,4427889,ML,3.6,NDI,Southern India,earthquake,isc_3523722,isc,,,,,,,,,
3523724,2001-02-04 16:04:19+00:00,23.546,70.14,17.0,NDI,NDI,NDI,4427904,ML,3.4,NDI,Southern India,earthquake,isc_3523724,isc,,,,,,,,,
1763903,2001-02-04 17:23:16.418000+00:00,23.4232,70.5583,15.0,ISC,ISC,ISC,4520624,mb,4.34,ISC,Southern India,earthquake,isc_1763903,isc,,,,,,,,,
3523728,2001-02-04 18:08:23.900000+00:00,23.413,70.332,20.3,NDI,NDI,NDI,4427907,ML,2.8,NDI,Southern India,earthquake,isc_3523728,isc,,,,,,,,,
3523730,2001-02-04 19:33:34.200000+00:00,23.463,70.495,19.4,NDI,NDI,NDI,4427908,ML,3.2,NDI,Southern India,earthquake,isc_3523730,isc,,,,,,,,,
3523732,2001-02-04 19:59:21.900000+00:00,23.382,70.346,23.1,NDI,NDI,NDI,4427909,ML,3.7,NDI,Southern India,earthquake,isc_3523732,isc,,,,,,,,,
3523734,2001-02-04 22:45:29.200000+00:00,23.524,70.28,4.2,NDI,NDI,NDI,4427910,ML,2.9,NDI,Southern India,earthquake,isc_3523734,isc,,,,,,,,,
3523736,2001-02-05 00:15:12.200000+00:00,23.423,70.375,15.3,NDI,NDI,NDI,4427911,ML,3.2,NDI,Southern India,earthquake,isc_3523736,isc,,,,,,,,,
3523738,2001-02-05 01:38:23+00:00,23.523,70.046,16.5,NDI,NDI,NDI,4427912,ML,3.4,NDI,Southern India,earthquake,isc_3523738,isc,,,,,,,,,
3523740,2001-02-05 02:41:18.800000+00:00,23.096,70.041,17.7,NDI,NDI,NDI,4427913,ML,3.4,NDI,Southern India,earthquake,isc_3523740,isc,,,,,,,,,
1763911,2001-02-05 02:59:38.293000+00:00,23.4812,70.1069,15.0,ISC,ISC,ISC,4520667,MW,4.7,NDI,Southern India,earthquake,isc_1763911,isc,,,,,,,,,
3523744,2001-02-05 06:00:05+00:00,23.404,70.459,5.3,NDI,NDI,NDI,4427916,ML,3.1,NDI,Southern India,earthquake,isc_3523744,isc,,,,,,,,,
3268390,2001-02-05 14:43:20.651000+00:00,23.2768,70.5502,15.0,ISC,ISC,ISC,4520729,mb,3.49,ISC,Southern India,earthquake,isc_3268390,isc,,,,,,,,,
3523753,2001-02-05 16:07:25.800000+00:00,23.502,70.033,9.8,NDI,NDI,NDI,4427921,ML,3.0,NDI,Southern India,earthquake,isc_3523753,isc,,,,,,,,,
3523757,2001-02-05 22:09:11.600000+00:00,23.441,70.599,10.0,NDI,NDI,NDI,4427923,ML,3.0,NDI,Southern India,earthquake,isc_3523757,isc,,,,,,,,,
3523759,2001-02-05 23:56:39.600000+00:00,23.544,70.085,9.5,NDI,NDI,NDI,4427924,ML,3.7,NDI,Southern India,earthquake,isc_3523759,isc,,,,,,,,,
3523761,2001-02-06 00:59:21+00:00,23.246,70.299,18.1,NDI,NDI,NDI,4427925,ML,3.4,NDI,Southern India,earthquake,isc_3523761,isc,,,,,,,,,
3523763,2001-02-06 04:49:34+00:00,23.299,70.32,30.0,NDI,NDI,NDI,4427926,ML,3.6,NDI,Southern India,earthquake,isc_3523763,isc,,,,,,,,,
3523765,2001-02-06 10:51:26+00:00,23.446,70.242,5.0,NDI,NDI,NDI,4427927,ML,3.2,NDI,Southern India,earthquake,isc_3523765,isc,,,,,,,,,
3523767,2001-02-06 12:48:12.800000+00:00,23.259,70.258,25.9,NDI,NDI,NDI,4427928,ML,3.2,NDI,Southern India,earthquake,isc_3523767,isc,,,,,,,,,
3523769,2001-02-06 18:03:26.700000+00:00,23.227,70.154,19.9,NDI,NDI,NDI,4427929,ML,3.8,NDI,Southern India,earthquake,isc_3523769,isc,,,,,,,,,
3523771,2001-02-06 19:28:15.100000+00:00,23.498,70.088,9.6,NDI,NDI,NDI,4427930,ML,4.2,NDI,Southern India,earthquake,isc_3523771,isc,,,,,,,,,
3523774,2001-02-06 22:24:00+00:00,23.341,70.222,17.3,NDI,NDI,NDI,4427932,ML,3.1,NDI,Southern India,earthquake,isc_3523774,isc,,,,,,,,,
3523776,2001-02-07 00:36:11.500000+00:00,23.363,70.332,30.2,NDI,NDI,NDI,4427933,ML,3.5,NDI,Southern India,earthquake,isc_3523776,isc,,,,,,,,,
3523778,2001-02-07 00:51:12.600000+00:00,23.339,70.295,26.7,NDI,NDI,NDI,4427934,ML,3.3,NDI,Southern India,earthquake,isc_3523778,isc,,,,,,,,,
3523780,2001-02-07 01:05:13+00:00,23.326,70.298,17.7,NDI,NDI,NDI,4427935,MW,3.3,NDI,Southern India,earthquake,isc_3523780,isc,,,,,,,,,
3523782,2001-02-07 04:18:19.200000+00:00,23.403,70.256,12.3,NDI,NDI,NDI,4427936,ML,3.4,NDI,Southern India,earthquake,isc_3523782,isc,,,,,,,,,
3523784,2001-02-07 07:31:53.700000+00:00,23.263,70.368,20.3,NDI,NDI,NDI,4427937,ML,3.4,NDI,Southern India,earthquake,isc_3523784,isc,,,,,,,,,
3523786,2001-02-07 07:46:25+00:00,23.37,70.473,16.6,NDI,NDI,NDI,4427938,ML,3.0,NDI,Southern India,earthquake,isc_3523786,isc,,,,,,,,,
3510252,2001-02-07 10:51:33.100000+00:00,23.436,70.065,5.0,NDI,NDI,NDI,4414932,ML,2.8,NDI,Southern India,earthquake,isc_3510252,isc,,,,,,,,,
3523790,2001-02-07 12:05:47.400000+00:00,23.099,70.277,10.5,NDI,NDI,NDI,4427940,ML,3.4,NDI,Southern India,earthquake,isc_3523790,isc,,,,,,,,,
3510254,2001-02-07 12:08:34+00:00,23.531,70.491,13.9,NDI,NDI,NDI,4414933,ML,3.3,NDI,Southern India,earthquake,isc_3510254,isc,,,,,,,,,
3523793,2001-02-07 16:00:46.800000+00:00,23.206,70.173,14.1,NDI,NDI,NDI,4427942,ML,3.0,NDI,Southern India,earthquake,isc_3523793,isc,,,,,,,,,
3523795,2001-02-07 18:17:30.300000+00:00,23.075,70.142,38.0,NDI,NDI,NDI,4427943,ML,2.8,NDI,Southern India,earthquake,isc_3523795,isc,,,,,,,,,
3523797,2001-02-07 18:19:51.600000+00:00,23.56,70.174,15.2,NDI,NDI,NDI,4427944,ML,3.3,NDI,Southern India,earthquake,isc_3523797,isc,,,,,,,,,
3523799,2001-02-07 19:01:59.400000+00:00,23.464,70.39,19.1,NDI,NDI,NDI,4427945,ML,3.2,NDI,Southern India,earthquake,isc_3523799,isc,,,,,,,,,
3523801,2001-02-07 20:26:04.300000+00:00,23.355,70.337,4.6,NDI,NDI,NDI,4427946,ML,3.0,NDI,Southern India,earthquake,isc_3523801,isc,,,,,,,,,
3523803,2001-02-07 21:23:13.500000+00:00,23.357,70.325,21.7,NDI,NDI,NDI,4427947,ML,3.0,NDI,Southern India,earthquake,isc_3523803,isc,,,,,,,,,
3523805,2001-02-07 21:33:32.600000+00:00,23.312,70.419,15.1,NDI,NDI,NDI,4427948,ML,3.3,NDI,Southern India,earthquake,isc_3523805,isc,,,,,,,,,
3510257,2001-02-07 21:54:18.500000+00:00,23.531,70.181,40.3,NDI,NDI,NDI,4414935,ML,2.7,NDI,Southern India,earthquake,isc_3510257,isc,,,,,,,,,
3523807,2001-02-07 22:18:06.100000+00:00,23.64,70.415,9.8,NDI,NDI,NDI,4427949,ML,3.0,NDI,Southern India,earthquake,isc_3523807,isc,,,,,,,,,
3523809,2001-02-08 00:18:35.500000+00:00,23.489,70.382,18.9,NDI,NDI,NDI,4427950,ML,3.1,NDI,Southern India,earthquake,isc_3523809,isc,,,,,,,,,
3523811,2001-02-08 00:44:36.500000+00:00,23.387,70.323,15.0,NDI,NDI,NDI,4427951,ML,3.3,NDI,Southern India,earthquake,isc_3523811,isc,,,,,,,,,
1763947,2001-02-08 03:25:55.897000+00:00,23.3876,70.4288,15.0,ISC,ISC,ISC,4521012,MW,4.5,NDI,Southern India,earthquake,isc_1763947,isc,,,,,,,,,
3523815,2001-02-08 04:37:36.500000+00:00,23.592,70.419,17.1,NDI,NDI,NDI,4427954,ML,3.5,NDI,Southern India,earthquake,isc_3523815,isc,,,,,,,,,
3523822,2001-02-08 06:48:28+00:00,23.473,70.322,14.1,NDI,NDI,NDI,4427958,ML,3.4,NDI,Southern India,earthquake,isc_3523822,isc,,,,,,,,,
3523824,2001-02-08 07:10:48.600000+00:00,23.283,70.27,18.9,NDI,NDI,NDI,4427959,ML,3.1,NDI,Southern India,earthquake,isc_3523824,isc,,,,,,,,,
2041197,2001-02-08 09:33:11.538000+00:00,23.3693,70.6175,16.0,ISC,ISC,ISC,4521056,mb,4.34,ISC,Southern India,earthquake,isc_2041197,isc,,,,,,,,,
3268780,2001-02-08 14:12:15.520000+00:00,23.2526,70.5622,15.0,ISC,ISC,ISC,4521087,mb,3.79,ISC,Southern India,earthquake,isc_3268780,isc,,,,,,,,,
3523832,2001-02-08 14:18:37.900000+00:00,23.558,70.041,2.1,NDI,NDI,NDI,4427965,ML,3.3,NDI,Southern India,earthquake,isc_3523832,isc,,,,,,,,,
1763957,2001-02-08 16:54:42.919000+00:00,23.6304,70.5172,10.7,ISC,ISC,ISC,4521105,MS,4.77,ISC,Southern India,earthquake,isc_1763957,isc,,,,,,,,,
3523840,2001-02-08 17:05:23.500000+00:00,23.263,70.333,12.3,NDI,NDI,NDI,4427971,ML,4.0,NDI,Southern India,earthquake,isc_3523840,isc,,,,,,,,,
3523842,2001-02-08 17:18:18+00:00,23.539,70.347,15.8,NDI,NDI,NDI,4427972,ML,3.0,NDI,Southern India,earthquake,isc_3523842,isc,,,,,,,,,
3523844,2001-02-08 17:37:13.700000+00:00,23.403,70.424,7.8,NDI,NDI,NDI,4427973,ML,3.4,NDI,Southern India,earthquake,isc_3523844,isc,,,,,,,,,
3523848,2001-02-08 18:36:05.800000+00:00,23.269,70.213,9.9,NDI,NDI,NDI,4427975,ML,3.8,NDI,Southern India,earthquake,isc_3523848,isc,,,,,,,,,
3523850,2001-02-08 18:54:57.100000+00:00,23.487,70.291,10.0,NDI,NDI,NDI,4427976,ML,3.0,NDI,Southern India,earthquake,isc_3523850,isc,,,,,,,,,
3523852,2001-02-08 19:22:20.900000+00:00,23.473,70.372,22.3,NDI,NDI,NDI,4427977,ML,3.3,NDI,Southern India,earthquake,isc_3523852,isc,,,,,,,,,
3523854,2001-02-08 19:58:50.100000+00:00,23.281,70.32,23.2,NDI,NDI,NDI,4427978,ML,2.9,NDI,Southern India,earthquake,isc_3523854,isc,,,,,,,,,
3523856,2001-02-08 20:18:17.400000+00:00,23.349,70.439,16.3,NDI,NDI,NDI,4427979,ML,3.0,NDI,Southern India,earthquake,isc_3523856,isc,,,,,,,,,
3523859,2001-02-08 22:44:41.100000+00:00,23.679,70.361,9.4,NDI,NDI,NDI,4427981,ML,3.2,NDI,Southern India,earthquake,isc_3523859,isc,,,,,,,,,
3523861,2001-02-09 02:15:14.500000+00:00,23.177,70.33,9.9,NDI,NDI,NDI,4427982,ML,3.4,NDI,Southern India,earthquake,isc_3523861,isc,,,,,,,,,
3523863,2001-02-09 04:48:56+00:00,23.445,70.15,8.8,NDI,NDI,NDI,4427983,ML,3.4,NDI,Southern India,earthquake,isc_3523863,isc,,,,,,,,,
3523865,2001-02-09 04:50:58.200000+00:00,23.759,70.354,16.5,NDI,NDI,NDI,4427984,ML,3.4,NDI,Southern India,earthquake,isc_3523865,isc,,,,,,,,,
3523867,2001-02-09 08:26:11.400000+00:00,23.47,70.463,20.8,NDI,NDI,NDI,4427985,ML,3.2,NDI,Southern India,earthquake,isc_3523867,isc,,,,,,,,,
1763965,2001-02-09 10:07:41.543000+00:00,23.5873,70.1728,16.8,ISC,ISC,ISC,4521215,MS,4.23,ISC,Southern India,earthquake,isc_1763965,isc,,,,,,,,,
3523871,2001-02-09 10:51:50.300000+00:00,22.825,70.11,18.0,NDI,NDI,NDI,4427988,ML,3.4,NDI,Southern India,earthquake,isc_3523871,isc,,,,,,,,,
2736250,2001-02-09 12:37:04.767000+00:00,23.4571,70.6802,15.0,ISC,ISC,ISC,4521224,mb,4.27,ISC,Southern India,earthquake,isc_2736250,isc,,,,,,,,,
3523874,2001-02-09 14:19:22.200000+00:00,23.621,70.102,15.7,NDI,NDI,NDI,4427990,ML,2.9,NDI,Southern India,earthquake,isc_3523874,isc,,,,,,,,,
3523876,2001-02-09 15:28:19.100000+00:00,23.498,70.349,14.9,NDI,NDI,NDI,4427991,ML,3.6,NDI,Southern India,earthquake,isc_3523876,isc,,,,,,,,,
3012917,2001-02-09 16:00:50.704000+00:00,23.5105,70.2949,15.0,ISC,ISC,ISC,4521241,mb,3.67,ISC,Southern India,earthquake,isc_3012917,isc,,,,,,,,,
3523880,2001-02-09 17:32:12.900000+00:00,23.288,70.302,18.0,NDI,NDI,NDI,4427994,ML,3.1,NDI,Southern India,earthquake,isc_3523880,isc,,,,,,,,,
3523886,2001-02-09 20:03:57.500000+00:00,23.19,70.168,27.4,NDI,NDI,NDI,4427999,ML,3.4,NDI,Southern India,earthquake,isc_3523886,isc,,,,,,,,,
3523888,2001-02-09 20:27:54.400000+00:00,23.559,70.258,14.4,NDI,NDI,NDI,4428000,ML,3.1,NDI,Southern India,earthquake,isc_3523888,isc,,,,,,,,,
3523890,2001-02-09 21:12:59.700000+00:00,23.623,70.34,15.0,NDI,NDI,NDI,4428001,ML,3.2,NDI,Southern India,earthquake,isc_3523890,isc,,,,,,,,,
3510278,2001-02-09 22:05:27.700000+00:00,23.516,70.19,5.8,NDI,NDI,NDI,4414960,ML,3.2,NDI,Southern India,earthquake,isc_3510278,isc,,,,,,,,,
3523892,2001-02-10 02:38:35.100000+00:00,23.333,70.3,6.1,NDI,NDI,NDI,4428002,ML,3.0,NDI,Southern India,earthquake,isc_3523892,isc,,,,,,,,,
3523894,2001-02-10 02:58:25.500000+00:00,23.475,70.238,11.9,NDI,NDI,NDI,4428003,ML,3.0,NDI,Southern India,earthquake,isc_3523894,isc,,,,,,,,,
2736336,2001-02-10 05:37:37.898000+00:00,23.5231,70.6374,35.0,ISC,ISC,ISC,4521323,MS,3.77,ISC,Southern India,earthquake,isc_2736336,isc,,,,,,,,,
3523907,2001-02-10 06:39:12.600000+00:00,23.482,70.386,19.9,NDI,NDI,NDI,4428005,ML,3.1,NDI,Southern India,earthquake,isc_3523907,isc,,,,,,,,,
3523909,2001-02-10 07:36:00.500000+00:00,23.445,70.184,15.0,NDI,NDI,NDI,4428006,ML,3.1,NDI,Southern India,earthquake,isc_3523909,isc,,,,,,,,,
3523911,2001-02-10 07:55:45.700000+00:00,23.539,70.005,15.0,NDI,NDI,NDI,4428007,ML,3.2,NDI,Southern India,earthquake,isc_3523911,isc,,,,,,,,,
3523913,2001-02-10 10:43:05.900000+00:00,23.563,70.303,6.8,NDI,NDI,NDI,4428008,ML,3.2,NDI,Southern India,earthquake,isc_3523913,isc,,,,,,,,,
3523915,2001-02-10 12:55:35.600000+00:00,23.449,70.388,25.7,NDI,NDI,NDI,4428009,ML,3.6,NDI,Southern India,earthquake,isc_3523915,isc,,,,,,,,,
3523917,2001-02-10 13:04:43.400000+00:00,23.565,70.337,14.8,NDI,NDI,NDI,4428010,ML,3.2,NDI,Southern India,earthquake,isc_3523917,isc,,,,,,,,,
3523919,2001-02-10 13:18:25.800000+00:00,23.408,70.212,21.5,NDI,NDI,NDI,4428011,ML,3.3,NDI,Southern India,earthquake,isc_3523919,isc,,,,,,,,,
3523923,2001-02-10 17:41:26+00:00,23.494,70.392,7.3,NDI,NDI,NDI,4428013,ML,3.5,NDI,Southern India,earthquake,isc_3523923,isc,,,,,,,,,
3268986,2001-02-10 19:30:58.254000+00:00,23.4636,70.1058,35.0,ISC,ISC,ISC,4521383,mb,3.82,ISC,Southern India,earthquake,isc_3268986,isc,,,,,,,,,
3510282,2001-02-10 21:39:09.400000+00:00,23.456,70.171,20.0,NDI,NDI,NDI,4414963,ML,2.9,NDI,Southern India,earthquake,isc_3510282,isc,,,,,,,,,
3523926,2001-02-10 23:16:59.600000+00:00,23.56,70.333,14.2,NDI,NDI,NDI,4428015,ML,3.4,NDI,Southern India,earthquake,isc_3523926,isc,,,,,,,,,
3523928,2001-02-11 01:55:41.900000+00:00,23.393,70.329,8.3,NDI,NDI,NDI,4428016,ML,3.4,NDI,Southern India,earthquake,isc_3523928,isc,,,,,,,,,
1832269,2001-02-11 02:33:20.649000+00:00,23.3465,70.6922,15.0,ISC,ISC,ISC,4521430,mb,4.57,ISC,Southern India,earthquake,isc_1832269,isc,,,,,,,,,
3510285,2001-02-11 06:02:34.300000+00:00,23.582,70.247,5.0,NDI,NDI,NDI,4414965,ML,3.2,NDI,Southern India,earthquake,isc_3510285,isc,,,,,,,,,
3523932,2001-02-11 07:13:07+00:00,23.467,70.526,17.2,NDI,NDI,NDI,4428019,ML,3.3,NDI,Southern India,earthquake,isc_3523932,isc,,,,,,,,,
3523934,2001-02-11 07:30:03.500000+00:00,23.422,70.22,18.0,NDI,NDI,NDI,4428020,ML,3.3,NDI,Southern India,earthquake,isc_3523934,isc,,,,,,,,,
3523936,2001-02-11 09:06:33.800000+00:00,23.405,70.298,15.0,NDI,NDI,NDI,4428021,ML,2.8,NDI,Southern India,earthquake,isc_3523936,isc,,,,,,,,,
3523940,2001-02-11 10:21:06.700000+00:00,23.395,70.159,20.4,NDI,NDI,NDI,4428023,ML,3.3,NDI,Southern India,earthquake,isc_3523940,isc,,,,,,,,,
3013174,2001-02-11 10:48:34.267000+00:00,23.0646,70.3537,20.0,ISC,ISC,ISC,4521481,mb,4.08,ISC,Southern India,earthquake,isc_3013174,isc,,,,,,,,,
3510288,2001-02-11 11:55:19.500000+00:00,23.493,70.132,5.0,NDI,NDI,NDI,4414968,ML,3.2,NDI,Southern India,earthquake,isc_3510288,isc,,,,,,,,,
3523945,2001-02-11 14:16:52.900000+00:00,23.441,70.164,7.6,NDI,NDI,NDI,4428026,ML,3.1,NDI,Southern India,earthquake,isc_3523945,isc,,,,,,,,,
3523947,2001-02-11 14:27:43+00:00,23.487,70.502,2.0,NDI,NDI,NDI,4428027,ML,2.8,NDI,Southern India,earthquake,isc_3523947,isc,,,,,,,,,
2736493,2001-02-11 15:29:41.250000+00:00,23.3902,70.5835,15.0,ISC,ISC,ISC,4521501,mb,4.22,ISC,Southern India,earthquake,isc_2736493,isc,,,,,,,,,
3523952,2001-02-11 16:42:31.300000+00:00,23.473,70.204,14.3,NDI,NDI,NDI,4428030,ML,3.2,NDI,Southern India,earthquake,isc_3523952,isc,,,,,,,,,
3523954,2001-02-11 17:02:48.900000+00:00,23.261,70.31,12.5,NDI,NDI,NDI,4428031,ML,2.5,NDI,Southern India,earthquake,isc_3523954,isc,,,,,,,,,
3510290,2001-02-11 17:15:06.700000+00:00,23.429,70.279,2.6,NDI,NDI,NDI,4414969,ML,2.6,NDI,Southern India,earthquake,isc_3510290,isc,,,,,,,,,
3523956,2001-02-11 18:43:38.500000+00:00,23.418,70.052,24.2,NDI,NDI,NDI,4428032,ML,3.1,NDI,Southern India,earthquake,isc_3523956,isc,,,,,,,,,
3523960,2001-02-11 21:38:31.700000+00:00,23.452,70.363,21.3,NDI,NDI,NDI,4428034,ML,2.7,NDI,Southern India,earthquake,isc_3523960,isc,,,,,,,,,
3523962,2001-02-11 21:45:36.100000+00:00,23.497,70.395,5.0,NDI,NDI,NDI,4428035,ML,2.9,NDI,Southern India,earthquake,isc_3523962,isc,,,,,,,,,
3510293,2001-02-11 22:55:57.500000+00:00,23.484,70.041,25.8,NDI,NDI,NDI,4414971,ML,3.5,NDI,Southern India,earthquake,isc_3510293,isc,,,,,,,,,
3013244,2001-02-11 23:39:43.716000+00:00,23.3152,70.3478,15.0,ISC,ISC,ISC,4521530,mb,3.76,ISC,Southern India,earthquake,isc_3013244,isc,,,,,,,,,
3523965,2001-02-12 02:22:24.400000+00:00,23.373,70.303,29.7,NDI,NDI,NDI,4428037,ML,3.0,NDI,Southern India,earthquake,isc_3523965,isc,,,,,,,,,
3510296,2001-02-12 04:19:29.400000+00:00,23.455,70.47,9.6,NDI,NDI,NDI,4414973,ML,3.1,NDI,Southern India,earthquake,isc_3510296,isc,,,,,,,,,
3523967,2001-02-12 04:41:31.200000+00:00,23.546,70.24,9.6,NDI,NDI,NDI,4428038,ML,3.3,NDI,Southern India,earthquake,isc_3523967,isc,,,,,,,,,
3523969,2001-02-12 05:53:39.500000+00:00,23.403,70.446,9.7,NDI,NDI,NDI,4428039,ML,3.5,NDI,Southern India,earthquake,isc_3523969,isc,,,,,,,,,
3523971,2001-02-12 06:20:43.400000+00:00,23.378,70.316,22.7,NDI,NDI,NDI,4428040,ML,3.1,NDI,Southern India,earthquake,isc_3523971,isc,,,,,,,,,
3523973,2001-02-12 07:54:57.900000+00:00,23.38,70.447,20.4,NDI,NDI,NDI,4428041,ML,3.2,NDI,Southern India,earthquake,isc_3523973,isc,,,,,,,,,
3523975,2001-02-12 09:10:56.400000+00:00,23.495,70.456,19.6,NDI,NDI,NDI,4428042,ML,3.8,NDI,Southern India,earthquake,isc_3523975,isc,,,,,,,,,
3523979,2001-02-12 13:24:04.200000+00:00,23.508,70.333,18.7,NDI,NDI,NDI,4428044,ML,3.6,NDI,Southern India,earthquake,isc_3523979,isc,,,,,,,,,
3523981,2001-02-12 13:29:46.100000+00:00,23.397,70.358,7.6,NDI,NDI,NDI,4428045,ML,3.1,NDI,Southern India,earthquake,isc_3523981,isc,,,,,,,,,
3523983,2001-02-12 14:14:00.100000+00:00,23.399,70.289,26.5,NDI,NDI,NDI,4428046,ML,3.5,NDI,Southern India,earthquake,isc_3523983,isc,,,,,,,,,
3523985,2001-02-12 16:35:43.200000+00:00,23.429,70.325,10.4,NDI,NDI,NDI,4428047,ML,3.1,NDI,Southern India,earthquake,isc_3523985,isc,,,,,,,,,
3523987,2001-02-12 18:23:05.300000+00:00,23.364,70.204,28.1,NDI,NDI,NDI,4428048,ML,3.1,NDI,Southern India,earthquake,isc_3523987,isc,,,,,,,,,
3523989,2001-02-12 19:46:34.200000+00:00,23.356,70.563,15.0,NDI,NDI,NDI,4428049,ML,3.0,NDI,Southern India,earthquake,isc_3523989,isc,,,,,,,,,
3523993,2001-02-12 23:30:40.800000+00:00,23.553,70.374,19.1,NDI,NDI,NDI,4428051,ML,3.0,NDI,Southern India,earthquake,isc_3523993,isc,,,,,,,,,
3523995,2001-02-13 10:38:04.700000+00:00,23.474,70.399,29.9,NDI,NDI,NDI,4428052,ML,2.9,NDI,Southern India,earthquake,isc_3523995,isc,,,,,,,,,
3523997,2001-02-13 11:30:57.400000+00:00,23.415,70.228,22.5,NDI,NDI,NDI,4428053,ML,3.6,NDI,Southern India,earthquake,isc_3523997,isc,,,,,,,,,
3523999,2001-02-13 14:21:18.900000+00:00,23.434,70.351,30.6,NDI,NDI,NDI,4428054,ML,2.7,NDI,Southern India,earthquake,isc_3523999,isc,,,,,,,,,
3524001,2001-02-13 14:30:06.500000+00:00,23.562,70.451,30.6,NDI,NDI,NDI,4428055,ML,2.7,NDI,Southern India,earthquake,isc_3524001,isc,,,,,,,,,
3524004,2001-02-13 16:06:00+00:00,23.382,70.34,9.0,NDI,NDI,NDI,4428057,ML,3.4,NDI,Southern India,earthquake,isc_3524004,isc,,,,,,,,,
3510309,2001-02-13 18:12:57.600000+00:00,23.265,70.818,15.0,NDI,NDI,NDI,4414983,ML,2.8,NDI,Southern India,earthquake,isc_3510309,isc,,,,,,,,,
3524007,2001-02-13 21:30:54.800000+00:00,23.386,70.35,25.3,NDI,NDI,NDI,4428059,ML,3.0,NDI,Southern India,earthquake,isc_3524007,isc,,,,,,,,,
3524010,2001-02-14 01:27:11+00:00,23.414,70.154,20.3,NDI,NDI,NDI,4428061,ML,3.0,NDI,Southern India,earthquake,isc_3524010,isc,,,,,,,,,
3524012,2001-02-14 02:24:42.700000+00:00,23.413,70.431,21.7,NDI,NDI,NDI,4428062,ML,3.4,NDI,Southern India,earthquake,isc_3524012,isc,,,,,,,,,
3524015,2001-02-14 03:56:11.800000+00:00,23.541,70.053,12.1,NDI,NDI,NDI,4428064,ML,3.3,NDI,Southern India,earthquake,isc_3524015,isc,,,,,,,,,
3510321,2001-02-14 05:27:32.400000+00:00,23.571,70.185,5.3,NDI,NDI,NDI,4414992,ML,3.3,NDI,Southern India,earthquake,isc_3510321,isc,,,,,,,,,
3524018,2001-02-14 07:01:07.100000+00:00,23.373,70.228,28.3,NDI,NDI,NDI,4428066,ML,3.9,NDI,Southern India,earthquake,isc_3524018,isc,,,,,,,,,
3524020,2001-02-14 07:25:25.500000+00:00,23.407,70.281,33.8,NDI,NDI,NDI,4428067,ML,3.2,NDI,Southern India,earthquake,isc_3524020,isc,,,,,,,,,
3524024,2001-02-14 14:58:08+00:00,23.502,70.423,5.8,NDI,NDI,NDI,4428070,ML,3.2,NDI,Southern India,earthquake,isc_3524024,isc,,,,,,,,,
3524026,2001-02-14 16:56:07.700000+00:00,23.524,70.189,20.4,NDI,NDI,NDI,4428071,ML,3.0,NDI,Southern India,earthquake,isc_3524026,isc,,,,,,,,,
3510333,2001-02-14 17:24:43.400000+00:00,23.467,70.513,14.0,NDI,NDI,NDI,4414999,ML,3.1,NDI,Southern India,earthquake,isc_3510333,isc,,,,,,,,,
3524028,2001-02-14 17:49:14.800000+00:00,23.545,70.024,15.0,NDI,NDI,NDI,4428072,ML,2.9,NDI,Southern India,earthquake,isc_3524028,isc,,,,,,,,,
3524031,2001-02-14 18:49:05.300000+00:00,23.493,70.268,13.7,NDI,NDI,NDI,4428074,ML,2.8,NDI,Southern India,earthquake,isc_3524031,isc,,,,,,,,,
3524033,2001-02-14 19:05:07.600000+00:00,23.377,70.111,15.3,NDI,NDI,NDI,4428075,ML,3.4,NDI,Southern India,earthquake,isc_3524033,isc,,,,,,,,,
3524035,2001-02-14 19:16:56.400000+00:00,23.1,70.053,15.0,NDI,NDI,NDI,4428076,ML,2.8,NDI,Southern India,earthquake,isc_3524035,isc,,,,,,,,,
3524037,2001-02-15 01:28:48.700000+00:00,23.399,70.348,35.9,NDI,NDI,NDI,4428077,ML,3.3,NDI,Southern India,earthquake,isc_3524037,isc,,,,,,,,,
3524039,2001-02-15 01:55:09.900000+00:00,23.388,70.176,27.0,NDI,NDI,NDI,4428078,ML,3.3,NDI,Southern India,earthquake,isc_3524039,isc,,,,,,,,,
3510336,2001-02-15 02:24:03.700000+00:00,23.401,70.352,21.3,NDI,NDI,NDI,4415001,ML,3.7,NDI,Southern India,earthquake,isc_3510336,isc,,,,,,,,,
3269462,2001-02-15 03:21:20.550000+00:00,23.2814,69.9518,35.0,ISC,ISC,ISC,4521930,mb,3.64,ISC,Southern India,earthquake,isc_3269462,isc,,,,,,,,,
3524041,2001-02-15 04:51:22+00:00,23.513,70.102,5.8,NDI,NDI,NDI,4428079,ML,3.2,NDI,Southern India,earthquake,isc_3524041,isc,,,,,,,,,
2736760,2001-02-15 05:38:32.412000+00:00,23.4276,70.4377,15.0,ISC,ISC,ISC,4521945,mb,3.81,ISC,Southern India,earthquake,isc_2736760,isc,,,,,,,,,
3510342,2001-02-15 06:34:38.300000+00:00,23.549,70.069,15.4,NDI,NDI,NDI,4415005,ML,3.6,NDI,Southern India,earthquake,isc_3510342,isc,,,,,,,,,
2736765,2001-02-15 07:22:51.333000+00:00,23.3232,70.4592,23.4,ISC,ISC,ISC,4521956,mb,3.82,ISC,Southern India,earthquake,isc_2736765,isc,,,,,,,,,
1832350,2001-02-15 10:04:40.086000+00:00,23.3146,70.5078,19.9,ISC,ISC,ISC,4521970,MS,4.01,ISC,Southern India,earthquake,isc_1832350,isc,,,,,,,,,
3510346,2001-02-15 10:34:02.400000+00:00,23.017,70.198,15.0,NDI,NDI,NDI,4415008,ML,2.5,NDI,Southern India,earthquake,isc_3510346,isc,,,,,,,,,
3524047,2001-02-15 11:44:16+00:00,23.457,70.159,1.0,NDI,NDI,NDI,4428083,ML,2.6,NDI,Southern India,earthquake,isc_3524047,isc,,,,,,,,,
3524049,2001-02-15 11:52:02.100000+00:00,23.486,70.422,4.6,NDI,NDI,NDI,4428084,ML,3.1,NDI,Southern India,earthquake,isc_3524049,isc,,,,,,,,,
3524051,2001-02-15 12:39:02+00:00,23.446,70.444,24.4,NDI,NDI,NDI,4428085,ML,3.1,NDI,Southern India,earthquake,isc_3524051,isc,,,,,,,,,
3524053,2001-02-15 14:15:20.500000+00:00,23.595,70.115,18.2,NDI,NDI,NDI,4428086,ML,3.1,NDI,Southern India,earthquake,isc_3524053,isc,,,,,,,,,
3524055,2001-02-15 17:20:46.700000+00:00,23.467,70.086,7.4,NDI,NDI,NDI,4428087,ML,3.3,NDI,Southern India,earthquake,isc_3524055,isc,,,,,,,,,
3510351,2001-02-15 22:32:35.600000+00:00,23.437,70.148,15.3,NDI,NDI,NDI,4415013,ML,3.0,NDI,Southern India,earthquake,isc_3510351,isc,,,,,,,,,
3524059,2001-02-15 23:14:32.900000+00:00,23.405,70.382,18.7,NDI,NDI,NDI,4428089,ML,2.9,NDI,Southern India,earthquake,isc_3524059,isc,,,,,,,,,
3524061,2001-02-16 03:56:29+00:00,23.516,70.363,19.4,NDI,NDI,NDI,4428090,ML,3.1,NDI,Southern India,earthquake,isc_3524061,isc,,,,,,,,,
3524063,2001-02-16 04:30:19+00:00,23.764,70.202,18.7,NDI,NDI,NDI,4428091,ML,2.8,NDI,Southern India,earthquake,isc_3524063,isc,,,,,,,,,
3524065,2001-02-16 05:46:45.100000+00:00,23.545,70.051,17.5,NDI,NDI,NDI,4428092,ML,2.8,NDI,Southern India,earthquake,isc_3524065,isc,,,,,,,,,
3524068,2001-02-16 08:48:13.700000+00:00,23.552,70.191,14.4,NDI,NDI,NDI,4428094,ML,3.6,NDI,Southern India,earthquake,isc_3524068,isc,,,,,,,,,
3524070,2001-02-16 10:42:11.800000+00:00,23.377,70.444,26.9,NDI,NDI,NDI,4428095,ML,2.7,NDI,Southern India,earthquake,isc_3524070,isc,,,,,,,,,
3510354,2001-02-16 10:50:24.800000+00:00,23.697,70.458,2.7,NDI,NDI,NDI,4415015,ML,3.3,NDI,Southern India,earthquake,isc_3510354,isc,,,,,,,,,
3510356,2001-02-16 11:30:17.900000+00:00,23.53,70.281,44.7,NDI,NDI,NDI,4415016,ML,2.9,NDI,Southern India,earthquake,isc_3510356,isc,,,,,,,,,
3524072,2001-02-16 18:55:13.400000+00:00,23.373,70.2,16.0,NDI,NDI,NDI,4428096,ML,3.7,NDI,Southern India,earthquake,isc_3524072,isc,,,,,,,,,
3524074,2001-02-16 20:29:28.500000+00:00,23.417,70.266,9.0,NDI,NDI,NDI,4428097,ML,3.4,NDI,Southern India,earthquake,isc_3524074,isc,,,,,,,,,
3524076,2001-02-17 00:25:49.200000+00:00,23.443,70.235,25.9,NDI,NDI,NDI,4428098,ML,2.9,NDI,Southern India,earthquake,isc_3524076,isc,,,,,,,,,
3524078,2001-02-17 05:23:48.300000+00:00,23.442,70.36,14.5,NDI,NDI,NDI,4428099,ML,3.4,NDI,Southern India,earthquake,isc_3524078,isc,,,,,,,,,
3524080,2001-02-17 06:12:57.100000+00:00,23.617,70.261,5.0,NDI,NDI,NDI,4428100,ML,3.0,NDI,Southern India,earthquake,isc_3524080,isc,,,,,,,,,
1832401,2001-02-17 08:27:27.948000+00:00,23.3471,70.5799,15.0,ISC,ISC,ISC,4522190,MS,3.76,ISC,Southern India,earthquake,isc_1832401,isc,,,,,,,,,
3524084,2001-02-17 10:34:16.300000+00:00,23.481,70.161,17.2,NDI,NDI,NDI,4428103,ML,2.8,NDI,Southern India,earthquake,isc_3524084,isc,,,,,,,,,
3524086,2001-02-17 12:21:38.900000+00:00,23.741,70.089,10.3,NDI,NDI,NDI,4428104,ML,2.9,NDI,Southern India,earthquake,isc_3524086,isc,,,,,,,,,
3524092,2001-02-17 16:45:36.100000+00:00,23.431,70.24,18.4,NDI,NDI,NDI,4428107,ML,3.0,NDI,Southern India,earthquake,isc_3524092,isc,,,,,,,,,
3510370,2001-02-17 17:50:27+00:00,23.499,70.253,2.3,NDI,NDI,NDI,4415027,ML,2.5,NDI,Southern India,earthquake,isc_3510370,isc,,,,,,,,,
3524095,2001-02-17 20:23:19.600000+00:00,23.217,70.441,12.6,NDI,NDI,NDI,4428109,ML,3.1,NDI,Southern India,earthquake,isc_3524095,isc,,,,,,,,,
3524098,2001-02-17 22:51:33+00:00,23.596,70.311,17.2,NDI,NDI,NDI,4428111,ML,2.8,NDI,Southern India,earthquake,isc_3524098,isc,,,,,,,,,
3524100,2001-02-18 04:50:47+00:00,23.482,70.388,18.3,NDI,NDI,NDI,4428112,ML,3.2,NDI,Southern India,earthquake,isc_3524100,isc,,,,,,,,,
3510376,2001-02-18 06:21:50.300000+00:00,23.479,70.139,6.2,NDI,NDI,NDI,4415032,ML,3.2,NDI,Southern India,earthquake,isc_3510376,isc,,,,,,,,,
3524103,2001-02-18 06:55:48.500000+00:00,23.452,70.358,11.1,NDI,NDI,NDI,4428114,ML,3.0,NDI,Southern India,earthquake,isc_3524103,isc,,,,,,,,,
3524105,2001-02-18 10:53:53.200000+00:00,23.507,70.532,15.9,NDI,NDI,NDI,4428115,ML,2.9,NDI,Southern India,earthquake,isc_3524105,isc,,,,,,,,,
3510379,2001-02-18 12:23:18.900000+00:00,23.387,70.199,17.8,NDI,NDI,NDI,4415035,ML,3.6,NDI,Southern India,earthquake,isc_3510379,isc,,,,,,,,,
3524107,2001-02-18 13:59:36+00:00,23.473,70.395,15.0,NDI,NDI,NDI,4428116,ML,2.8,NDI,Southern India,earthquake,isc_3524107,isc,,,,,,,,,
3524109,2001-02-18 14:21:46.800000+00:00,23.518,70.364,18.6,NDI,NDI,NDI,4428117,ML,3.2,NDI,Southern India,earthquake,isc_3524109,isc,,,,,,,,,
2737110,2001-02-18 16:46:20.939000+00:00,23.7732,70.3021,35.0,ISC,ISC,ISC,4522381,mb,3.8,ISC,Southern India,earthquake,isc_2737110,isc,,,,,,,,,
1832444,2001-02-19 02:11:13.416000+00:00,23.4918,70.2337,24.1,ISC,ISC,ISC,4522423,MS,4.46,ISC,Southern India,earthquake,isc_1832444,isc,,,,,,,,,
3524113,2001-02-19 03:30:05.200000+00:00,23.481,70.274,4.1,NDI,NDI,NDI,4428120,ML,2.9,NDI,Southern India,earthquake,isc_3524113,isc,,,,,,,,,
3524115,2001-02-19 04:26:33+00:00,23.317,70.43,34.2,NDI,NDI,NDI,4428121,ML,3.2,NDI,Southern India,earthquake,isc_3524115,isc,,,,,,,,,
3510387,2001-02-19 05:56:16.300000+00:00,23.536,70.085,13.9,NDI,NDI,NDI,4415037,ML,3.6,NDI,Southern India,earthquake,isc_3510387,isc,,,,,,,,,
1832446,2001-02-19 08:24:22.373000+00:00,23.5517,70.1922,13.4,ISC,ISC,ISC,4522458,MW,5.37,GCMT,Southern India,earthquake,isc_1832446,isc,,,,,,,,,
1832448,2001-02-19 09:22:00.498000+00:00,23.5183,70.2906,15.0,ISC,ISC,ISC,4522462,mb,4.14,ISC,Southern India,earthquake,isc_1832448,isc,,,,,,,,,
3524120,2001-02-19 10:25:59.600000+00:00,23.51,70.047,3.3,NDI,NDI,NDI,4428125,ML,3.5,NDI,Southern India,earthquake,isc_3524120,isc,,,,,,,,,
3524122,2001-02-19 11:49:05+00:00,22.925,70.337,11.5,NDI,NDI,NDI,4428126,ML,2.8,NDI,Southern India,earthquake,isc_3524122,isc,,,,,,,,,
3524124,2001-02-19 12:01:37.600000+00:00,23.591,70.169,6.9,NDI,NDI,NDI,4428127,ML,3.2,NDI,Southern India,earthquake,isc_3524124,isc,,,,,,,,,
2737189,2001-02-19 15:06:00.602000+00:00,23.4579,70.6265,15.0,ISC,ISC,ISC,4522492,mb,3.68,ISC,Southern India,earthquake,isc_2737189,isc,,,,,,,,,
3524127,2001-02-19 16:35:20.300000+00:00,23.439,70.028,7.4,NDI,NDI,NDI,4428129,ML,3.1,NDI,Southern India,earthquake,isc_3524127,isc,,,,,,,,,
3524129,2001-02-19 17:24:55.800000+00:00,23.373,70.196,28.0,NDI,NDI,NDI,4428130,ML,2.7,NDI,Southern India,earthquake,isc_3524129,isc,,,,,,,,,
3510397,2001-02-19 19:26:10.800000+00:00,23.485,70.645,39.9,NDI,NDI,NDI,4415051,ML,2.7,NDI,Southern India,earthquake,isc_3510397,isc,,,,,,,,,
3524131,2001-02-19 19:42:01.400000+00:00,23.375,70.076,20.2,NDI,NDI,NDI,4428131,ML,2.9,NDI,Southern India,earthquake,isc_3524131,isc,,,,,,,,,
3524135,2001-02-19 22:11:58.600000+00:00,23.401,70.368,5.1,NDI,NDI,NDI,4428133,ML,3.1,NDI,Southern India,earthquake,isc_3524135,isc,,,,,,,,,
3524140,2001-02-20 00:36:17.700000+00:00,23.411,70.159,20.0,NDI,NDI,NDI,4428136,ML,3.5,NDI,Southern India,earthquake,isc_3524140,isc,,,,,,,,,
3524142,2001-02-20 02:13:26.200000+00:00,23.55,70.068,20.5,NDI,NDI,NDI,4428137,ML,3.0,NDI,Southern India,earthquake,isc_3524142,isc,,,,,,,,,
3524144,2001-02-20 02:39:09.800000+00:00,23.356,70.006,5.0,NDI,NDI,NDI,4428138,ML,2.2,NDI,Southern India,earthquake,isc_3524144,isc,,,,,,,,,
3524146,2001-02-20 04:44:29+00:00,23.444,70.343,9.5,NDI,NDI,NDI,4428139,ML,3.1,NDI,Southern India,earthquake,isc_3524146,isc,,,,,,,,,
3524148,2001-02-20 06:17:18+00:00,23.689,70.426,6.8,NDI,NDI,NDI,4428140,ML,3.3,NDI,Southern India,earthquake,isc_3524148,isc,,,,,,,,,
3524154,2001-02-20 13:26:48.400000+00:00,23.375,70.173,26.7,NDI,NDI,NDI,4428144,ML,3.3,NDI,Southern India,earthquake,isc_3524154,isc,,,,,,,,,
3270036,2001-02-20 16:30:57.118000+00:00,23.2157,70.4352,15.0,ISC,ISC,ISC,4522627,mb,3.8,ISC,Southern India,earthquake,isc_3270036,isc,,,,,,,,,
3270041,2001-02-20 17:35:29.901000+00:00,23.329,70.4416,17.4,ISC,ISC,ISC,4522633,mb,3.88,ISC,Southern India,earthquake,isc_3270041,isc,,,,,,,,,
3510403,2001-02-20 23:10:42.400000+00:00,23.327,70.382,18.1,NDI,NDI,NDI,4415057,ML,3.0,NDI,Southern India,earthquake,isc_3510403,isc,,,,,,,,,
3524159,2001-02-21 00:15:13.500000+00:00,23.42,70.206,15.0,NDI,NDI,NDI,4428148,ML,2.8,NDI,Southern India,earthquake,isc_3524159,isc,,,,,,,,,
3510405,2001-02-21 00:27:20.500000+00:00,23.473,70.498,21.7,NDI,NDI,NDI,4415058,ML,2.9,NDI,Southern India,earthquake,isc_3510405,isc,,,,,,,,,
3510407,2001-02-21 00:48:16.400000+00:00,23.459,70.396,21.7,NDI,NDI,NDI,4415059,ML,3.2,NDI,Southern India,earthquake,isc_3510407,isc,,,,,,,,,
3524161,2001-02-21 01:02:06.600000+00:00,23.612,70.241,5.5,NDI,NDI,NDI,4428149,ML,2.9,NDI,Southern India,earthquake,isc_3524161,isc,,,,,,,,,
3524163,2001-02-21 01:17:30.700000+00:00,23.409,70.442,19.9,NDI,NDI,NDI,4428150,ML,2.4,NDI,Southern India,earthquake,isc_3524163,isc,,,,,,,,,
3524165,2001-02-21 02:36:34+00:00,23.499,70.414,20.5,NDI,NDI,NDI,4428151,ML,3.1,NDI,Southern India,earthquake,isc_3524165,isc,,,,,,,,,
3524167,2001-02-21 03:01:11.400000+00:00,23.369,70.214,19.3,NDI,NDI,NDI,4428152,ML,3.4,NDI,Southern India,earthquake,isc_3524167,isc,,,,,,,,,
3524169,2001-02-21 05:24:15.600000+00:00,23.388,70.171,29.7,NDI,NDI,NDI,4428153,ML,3.3,NDI,Southern India,earthquake,isc_3524169,isc,,,,,,,,,
3524171,2001-02-21 05:39:03.200000+00:00,23.453,70.101,21.5,NDI,NDI,NDI,4428154,ML,3.3,NDI,Southern India,earthquake,isc_3524171,isc,,,,,,,,,
3524173,2001-02-21 08:43:00.500000+00:00,23.687,70.442,18.9,NDI,NDI,NDI,4428155,ML,3.1,NDI,Southern India,earthquake,isc_3524173,isc,,,,,,,,,
3524175,2001-02-21 10:19:17.200000+00:00,23.597,70.375,15.0,NDI,NDI,NDI,4428156,ML,3.0,NDI,Southern India,earthquake,isc_3524175,isc,,,,,,,,,
3524177,2001-02-21 10:39:03.700000+00:00,23.015,70.827,27.2,NDI,NDI,NDI,4428157,ML,2.9,NDI,Southern India,earthquake,isc_3524177,isc,,,,,,,,,
3524179,2001-02-21 10:49:46.800000+00:00,23.164,70.359,15.0,NDI,NDI,NDI,4428158,ML,3.2,NDI,Southern India,earthquake,isc_3524179,isc,,,,,,,,,
3524181,2001-02-21 13:28:12.700000+00:00,23.473,70.183,8.4,NDI,NDI,NDI,4428159,ML,3.1,NDI,Southern India,earthquake,isc_3524181,isc,,,,,,,,,
3524183,2001-02-21 13:36:10.200000+00:00,23.448,70.05,25.0,NDI,NDI,NDI,4428160,ML,2.8,NDI,Southern India,earthquake,isc_3524183,isc,,,,,,,,,
3524185,2001-02-21 14:20:42.500000+00:00,23.396,70.162,22.0,NDI,NDI,NDI,4428161,ML,3.2,NDI,Southern India,earthquake,isc_3524185,isc,,,,,,,,,
3524187,2001-02-21 14:41:11.100000+00:00,23.49,70.402,15.0,NDI,NDI,NDI,4428162,ML,3.2,NDI,Southern India,earthquake,isc_3524187,isc,,,,,,,,,
3524189,2001-02-21 19:17:30.700000+00:00,23.473,70.387,21.0,NDI,NDI,NDI,4428163,ML,3.2,NDI,Southern India,earthquake,isc_3524189,isc,,,,,,,,,
3524191,2001-02-21 20:36:27.700000+00:00,23.495,70.3,17.1,NDI,NDI,NDI,4428164,ML,2.5,NDI,Southern India,earthquake,isc_3524191,isc,,,,,,,,,
1832501,2001-02-22 02:13:03.631000+00:00,23.3623,70.5074,19.4,ISC,ISC,ISC,4522804,MS,4.1,ISC,Southern India,earthquake,isc_1832501,isc,,,,,,,,,
3524194,2001-02-22 03:48:59.800000+00:00,23.527,70.247,16.2,NDI,NDI,NDI,4428166,ML,3.2,NDI,Southern India,earthquake,isc_3524194,isc,,,,,,,,,
3524196,2001-02-22 04:25:26.300000+00:00,23.51,70.396,14.3,NDI,NDI,NDI,4428167,ML,3.4,NDI,Southern India,earthquake,isc_3524196,isc,,,,,,,,,
3524198,2001-02-22 04:36:25.200000+00:00,23.359,70.298,5.1,NDI,NDI,NDI,4428168,ML,3.0,NDI,Southern India,earthquake,isc_3524198,isc,,,,,,,,,
3524203,2001-02-22 08:43:54.600000+00:00,23.754,70.701,14.2,NDI,NDI,NDI,4428171,ML,3.4,NDI,Southern India,earthquake,isc_3524203,isc,,,,,,,,,
3510423,2001-02-22 09:31:37.300000+00:00,23.489,70.327,10.8,NDI,NDI,NDI,4415072,ML,3.0,NDI,Southern India,earthquake,isc_3510423,isc,,,,,,,,,
3524205,2001-02-22 16:53:29.900000+00:00,23.676,70.105,14.7,NDI,NDI,NDI,4428172,ML,3.2,NDI,Southern India,earthquake,isc_3524205,isc,,,,,,,,,
3524207,2001-02-22 19:23:50.800000+00:00,23.391,70.265,11.8,NDI,NDI,NDI,4428173,ML,3.3,NDI,Southern India,earthquake,isc_3524207,isc,,,,,,,,,
3524209,2001-02-22 19:43:41.400000+00:00,23.456,70.376,22.4,NDI,NDI,NDI,4428174,ML,3.8,NDI,Southern India,earthquake,isc_3524209,isc,,,,,,,,,
3524211,2001-02-22 20:45:28.200000+00:00,23.397,70.443,30.7,NDI,NDI,NDI,4428175,ML,3.1,NDI,Southern India,earthquake,isc_3524211,isc,,,,,,,,,
3524213,2001-02-23 02:40:36.900000+00:00,23.313,70.309,12.1,NDI,NDI,NDI,4428176,ML,3.8,NDI,Southern India,earthquake,isc_3524213,isc,,,,,,,,,
3524215,2001-02-23 03:29:30.600000+00:00,23.615,70.169,8.8,NDI,NDI,NDI,4428177,ML,3.4,NDI,Southern India,earthquake,isc_3524215,isc,,,,,,,,,
3524217,2001-02-23 06:05:54.600000+00:00,23.497,70.48,19.5,NDI,NDI,NDI,4428178,ML,3.0,NDI,Southern India,earthquake,isc_3524217,isc,,,,,,,,,
3524219,2001-02-23 06:58:59.900000+00:00,23.329,70.325,24.4,NDI,NDI,NDI,4428179,ML,3.3,NDI,Southern India,earthquake,isc_3524219,isc,,,,,,,,,
3524221,2001-02-23 07:51:18.800000+00:00,23.573,70.419,28.5,NDI,NDI,NDI,4428180,ML,2.8,NDI,Southern India,earthquake,isc_3524221,isc,,,,,,,,,
3524223,2001-02-23 09:42:53.700000+00:00,23.459,70.169,16.8,NDI,NDI,NDI,4428181,ML,2.9,NDI,Southern India,earthquake,isc_3524223,isc,,,,,,,,,
3524225,2001-02-23 10:38:00+00:00,23.497,70.188,15.0,NDI,NDI,NDI,4428182,ML,2.8,NDI,Southern India,earthquake,isc_3524225,isc,,,,,,,,,
3524227,2001-02-23 12:36:21.500000+00:00,23.472,70.209,9.0,NDI,NDI,NDI,4428183,ML,2.9,NDI,Southern India,earthquake,isc_3524227,isc,,,,,,,,,
3524229,2001-02-23 13:27:12.800000+00:00,23.46,70.213,23.6,NDI,NDI,NDI,4428184,ML,3.0,NDI,Southern India,earthquake,isc_3524229,isc,,,,,,,,,
3510436,2001-02-23 22:48:39+00:00,22.958,70.895,38.8,NDI,NDI,NDI,4415081,ML,2.8,NDI,Southern India,earthquake,isc_3510436,isc,,,,,,,,,
3524231,2001-02-24 00:14:24.600000+00:00,23.4,70.208,10.8,NDI,NDI,NDI,4428185,ML,3.0,NDI,Southern India,earthquake,isc_3524231,isc,,,,,,,,,
3524233,2001-02-24 01:04:18.400000+00:00,23.379,70.167,23.5,NDI,NDI,NDI,4428186,ML,3.3,NDI,Southern India,earthquake,isc_3524233,isc,,,,,,,,,
3524235,2001-02-24 02:40:19.700000+00:00,23.481,70.358,8.3,NDI,NDI,NDI,4428187,ML,3.4,NDI,Southern India,earthquake,isc_3524235,isc,,,,,,,,,
3524237,2001-02-24 02:43:12+00:00,23.556,70.052,7.2,NDI,NDI,NDI,4428188,ML,2.7,NDI,Southern India,earthquake,isc_3524237,isc,,,,,,,,,
3524239,2001-02-24 02:48:25.700000+00:00,23.294,70.909,20.0,NDI,NDI,NDI,4428189,ML,3.0,NDI,Southern India,earthquake,isc_3524239,isc,,,,,,,,,
3524241,2001-02-24 04:50:29.700000+00:00,23.316,70.386,18.0,NDI,NDI,NDI,4428190,ML,2.9,NDI,Southern India,earthquake,isc_3524241,isc,,,,,,,,,
3524243,2001-02-24 06:21:09.200000+00:00,23.559,70.005,15.3,NDI,NDI,NDI,4428191,ML,3.3,NDI,Southern India,earthquake,isc_3524243,isc,,,,,,,,,
3524246,2001-02-24 14:16:04.600000+00:00,23.384,70.356,29.2,NDI,NDI,NDI,4428193,ML,3.3,NDI,Southern India,earthquake,isc_3524246,isc,,,,,,,,,
3524248,2001-02-24 16:51:06.300000+00:00,23.426,70.213,7.8,NDI,NDI,NDI,4428194,ML,3.8,NDI,Southern India,earthquake,isc_3524248,isc,,,,,,,,,
3524250,2001-02-24 17:35:54+00:00,23.401,70.371,14.4,NDI,NDI,NDI,4428195,ML,3.7,NDI,Southern India,earthquake,isc_3524250,isc,,,,,,,,,
3524252,2001-02-24 17:51:12.500000+00:00,23.303,70.385,15.0,NDI,NDI,NDI,4428196,ML,3.0,NDI,Southern India,earthquake,isc_3524252,isc,,,,,,,,,
3524254,2001-02-24 18:08:23.200000+00:00,23.516,70.199,2.0,NDI,NDI,NDI,4428197,ML,3.3,NDI,Southern India,earthquake,isc_3524254,isc,,,,,,,,,
3524256,2001-02-24 19:39:07.100000+00:00,23.463,70.437,17.9,NDI,NDI,NDI,4428198,ML,3.0,NDI,Southern India,earthquake,isc_3524256,isc,,,,,,,,,
3524258,2001-02-24 22:02:53.300000+00:00,23.326,70.364,19.6,NDI,NDI,NDI,4428199,ML,3.9,NDI,Southern India,earthquake,isc_3524258,isc,,,,,,,,,
3524260,2001-02-24 23:17:49.400000+00:00,23.404,70.353,19.4,NDI,NDI,NDI,4428200,ML,3.6,NDI,Southern India,earthquake,isc_3524260,isc,,,,,,,,,
3524266,2001-02-25 13:34:18.700000+00:00,23.425,70.237,7.1,NDI,NDI,NDI,4428203,ML,3.8,NDI,Southern India,earthquake,isc_3524266,isc,,,,,,,,,
3524268,2001-02-25 14:08:19.100000+00:00,23.502,70.388,8.6,NDI,NDI,NDI,4428204,ML,3.4,NDI,Southern India,earthquake,isc_3524268,isc,,,,,,,,,
3524270,2001-02-25 16:47:47.800000+00:00,23.512,70.158,8.3,NDI,NDI,NDI,4428205,ML,3.3,NDI,Southern India,earthquake,isc_3524270,isc,,,,,,,,,
3524272,2001-02-26 07:38:40.700000+00:00,23.378,70.38,23.5,NDI,NDI,NDI,4428206,ML,3.4,NDI,Southern India,earthquake,isc_3524272,isc,,,,,,,,,
3524274,2001-02-26 12:07:15.600000+00:00,23.484,70.237,14.8,NDI,NDI,NDI,4428207,ML,3.2,NDI,Southern India,earthquake,isc_3524274,isc,,,,,,,,,
3524276,2001-02-26 16:58:38+00:00,23.429,70.393,23.5,NDI,NDI,NDI,4428208,ML,3.1,NDI,Southern India,earthquake,isc_3524276,isc,,,,,,,,,
3524278,2001-02-26 17:31:54.200000+00:00,23.36,70.356,30.0,NDI,NDI,NDI,4428209,ML,3.2,NDI,Southern India,earthquake,isc_3524278,isc,,,,,,,,,
3524280,2001-02-26 21:44:18.300000+00:00,23.479,70.117,13.8,NDI,NDI,NDI,4428210,ML,3.6,NDI,Southern India,earthquake,isc_3524280,isc,,,,,,,,,
3524282,2001-02-26 23:22:23.400000+00:00,23.486,70.216,15.0,NDI,NDI,NDI,4428211,ML,2.8,NDI,Southern India,earthquake,isc_3524282,isc,,,,,,,,,
3524284,2001-02-26 23:27:32.600000+00:00,23.782,70.721,8.3,NDI,NDI,NDI,4428212,ML,3.1,NDI,Southern India,earthquake,isc_3524284,isc,,,,,,,,,
3524286,2001-02-27 00:59:47.600000+00:00,23.375,70.364,9.4,NDI,NDI,NDI,4428213,ML,3.0,NDI,Southern India,earthquake,isc_3524286,isc,,,,,,,,,
3524290,2001-02-27 12:47:08+00:00,23.322,70.086,20.3,NDI,NDI,NDI,4428215,ML,3.1,NDI,Southern India,earthquake,isc_3524290,isc,,,,,,,,,
3524292,2001-02-27 18:43:08.800000+00:00,23.491,70.295,9.9,NDI,NDI,NDI,4428216,ML,3.4,NDI,Southern India,earthquake,isc_3524292,isc,,,,,,,,,
2738154,2001-02-28 14:33:39.910000+00:00,23.3155,70.4087,15.0,ISC,ISC,ISC,4523668,mb,4.13,ISC,Southern India,earthquake,isc_2738154,isc,,,,,,,,,
3660365,2001-02-28 20:18:49.960000+00:00,23.417,70.41,27.9,BHUJ2,BHUJ2,BHUJ2,4356918,ML,2.0,BHUJ2,Southern India,earthquake,isc_3660365,isc,,,,,,,,,
3444814,2001-03-01 00:04:29+00:00,23.35,70.329,35.0,BHUJ2,BHUJ2,BHUJ2,4356951,ML,3.0,BHUJ2,Southern India,earthquake,isc_3444814,isc,,,,,,,,,
1833167,2001-03-01 00:53:18.854000+00:00,23.3463,70.4678,15.0,ISC,ISC,ISC,4581024,mb,4.17,ISC,Southern India,earthquake,isc_1833167,isc,,,,,,,,,
3444869,2001-03-01 01:16:36.630000+00:00,23.701,70.87,32.2,BHUJ2,BHUJ2,BHUJ2,4356978,ML,2.0,BHUJ2,Southern India,earthquake,isc_3444869,isc,,,,,,,,,
3444877,2001-03-01 01:23:19.450000+00:00,23.448,70.393,28.7,BHUJ2,BHUJ2,BHUJ2,4356983,ML,2.0,BHUJ2,Southern India,earthquake,isc_3444877,isc,,,,,,,,,
3444923,2001-03-01 02:26:02.220000+00:00,23.426,70.188,30.4,BHUJ2,BHUJ2,BHUJ2,4357005,ML,2.2,BHUJ2,Southern India,earthquake,isc_3444923,isc,,,,,,,,,
3444931,2001-03-01 02:37:13.460000+00:00,23.786,70.423,32.0,BHUJ2,BHUJ2,BHUJ2,4357009,ML,2.2,BHUJ2,Southern India,earthquake,isc_3444931,isc,,,,,,,,,
3444951,2001-03-01 03:17:58.450000+00:00,23.471,70.403,30.1,BHUJ2,BHUJ2,BHUJ2,4357019,ML,2.1,BHUJ2,Southern India,earthquake,isc_3444951,isc,,,,,,,,,
3444965,2001-03-01 03:39:19.630000+00:00,23.411,70.159,25.6,BHUJ2,BHUJ2,BHUJ2,4357026,ML,2.1,BHUJ2,Southern India,earthquake,isc_3444965,isc,,,,,,,,,
3444977,2001-03-01 03:58:40.870000+00:00,23.304,70.138,28.2,BHUJ2,BHUJ2,BHUJ2,4357032,ML,3.4,NDI,Southern India,earthquake,isc_3444977,isc,,,,,,,,,
3444991,2001-03-01 04:27:48.730000+00:00,23.427,70.582,21.1,BHUJ2,BHUJ2,BHUJ2,4357038,ML,2.1,BHUJ2,Southern India,earthquake,isc_3444991,isc,,,,,,,,,
3444993,2001-03-01 04:30:42.320000+00:00,23.603,69.913,-1.5,BHUJ2,BHUJ2,BHUJ2,4357040,ML,2.3,BHUJ2,Southern India,earthquake,isc_3444993,isc,,,,,,,,,
3444997,2001-03-01 04:42:40.850000+00:00,23.494,70.452,26.1,BHUJ2,BHUJ2,BHUJ2,4357042,ML,2.0,BHUJ2,Southern India,earthquake,isc_3444997,isc,,,,,,,,,
3445009,2001-03-01 04:59:16.270000+00:00,23.373,70.206,33.6,BHUJ2,BHUJ2,BHUJ2,4357048,ML,2.1,BHUJ2,Southern India,earthquake,isc_3445009,isc,,,,,,,,,
3445013,2001-03-01 05:08:45.130000+00:00,23.359,70.335,30.2,BHUJ2,BHUJ2,BHUJ2,4357050,ML,2.0,BHUJ2,Southern India,earthquake,isc_3445013,isc,,,,,,,,,
3445019,2001-03-01 05:17:06.120000+00:00,23.471,70.372,30.0,BHUJ2,BHUJ2,BHUJ2,4357054,ML,2.5,BHUJ2,Southern India,earthquake,isc_3445019,isc,,,,,,,,,
3445061,2001-03-01 06:35:02.070000+00:00,23.457,70.232,21.6,BHUJ2,BHUJ2,BHUJ2,4357074,ML,3.6,NDI,Southern India,earthquake,isc_3445061,isc,,,,,,,,,
3445069,2001-03-01 06:45:54.180000+00:00,23.587,69.981,25.2,BHUJ2,BHUJ2,BHUJ2,4357078,ML,2.3,BHUJ2,Southern India,earthquake,isc_3445069,isc,,,,,,,,,
3445083,2001-03-01 07:11:09.210000+00:00,23.432,70.377,29.8,BHUJ2,BHUJ2,BHUJ2,4357085,ML,2.0,BHUJ2,Southern India,earthquake,isc_3445083,isc,,,,,,,,,
3445087,2001-03-01 07:15:05.960000+00:00,23.859,70.355,63.7,BHUJ2,BHUJ2,BHUJ2,4357087,ML,2.1,BHUJ2,Southern India,earthquake,isc_3445087,isc,,,,,,,,,
3445113,2001-03-01 08:12:24.680000+00:00,23.491,70.347,20.5,BHUJ2,BHUJ2,BHUJ2,4357100,ML,2.3,BHUJ2,Southern India,earthquake,isc_3445113,isc,,,,,,,,,
3445187,2001-03-01 10:52:35.940000+00:00,23.849,70.183,35.4,BHUJ2,BHUJ2,BHUJ2,4357136,ML,2.4,BHUJ2,Southern India,earthquake,isc_3445187,isc,,,,,,,,,
3445223,2001-03-01 12:26:45.070000+00:00,23.355,70.236,25.2,BHUJ2,BHUJ2,BHUJ2,4357155,ML,2.1,BHUJ2,Southern India,earthquake,isc_3445223,isc,,,,,,,,,
3445225,2001-03-01 12:35:21.370000+00:00,23.479,70.161,24.7,BHUJ2,BHUJ2,BHUJ2,4357156,ML,2.0,BHUJ2,Southern India,earthquake,isc_3445225,isc,,,,,,,,,
3445251,2001-03-01 13:59:36.580000+00:00,23.41,70.395,26.7,BHUJ2,BHUJ2,BHUJ2,4357170,ML,2.5,BHUJ2,Southern India,earthquake,isc_3445251,isc,,,,,,,,,
3445261,2001-03-01 14:23:49.440000+00:00,23.37,70.298,33.5,BHUJ2,BHUJ2,BHUJ2,4357174,ML,2.7,NDI,Southern India,earthquake,isc_3445261,isc,,,,,,,,,
3445269,2001-03-01 14:45:45.300000+00:00,23.569,70.421,25.9,BHUJ2,BHUJ2,BHUJ2,4357178,ML,2.2,BHUJ2,Southern India,earthquake,isc_3445269,isc,,,,,,,,,
3445293,2001-03-01 15:45:23.450000+00:00,23.48,70.273,20.3,BHUJ2,BHUJ2,BHUJ2,4357190,ML,2.3,BHUJ2,Southern India,earthquake,isc_3445293,isc,,,,,,,,,
1833181,2001-03-01 15:51:19.601000+00:00,23.2939,70.6573,13.0,ISC,ISC,ISC,4581113,mb,4.03,ISC,Southern India,earthquake,isc_1833181,isc,,,,,,,,,
3445300,2001-03-01 16:00:09.310000+00:00,23.46,70.142,30.2,BHUJ2,BHUJ2,BHUJ2,4357194,ML,2.0,BHUJ2,Southern India,earthquake,isc_3445300,isc,,,,,,,,,
3445324,2001-03-01 16:51:34.430000+00:00,23.345,70.28,40.4,BHUJ2,BHUJ2,BHUJ2,4357206,ML,2.4,BHUJ2,Southern India,earthquake,isc_3445324,isc,,,,,,,,,
3445350,2001-03-01 17:26:01.200000+00:00,23.59,70.483,30.2,BHUJ2,BHUJ2,BHUJ2,4357219,ML,2.3,BHUJ2,Southern India,earthquake,isc_3445350,isc,,,,,,,,,
3445352,2001-03-01 17:27:10.860000+00:00,23.365,70.352,32.2,BHUJ2,BHUJ2,BHUJ2,4357220,ML,2.2,BHUJ2,Southern India,earthquake,isc_3445352,isc,,,,,,,,,
3445354,2001-03-01 17:29:28.890000+00:00,23.403,70.213,27.5,BHUJ2,BHUJ2,BHUJ2,4357221,ML,2.3,BHUJ2,Southern India,earthquake,isc_3445354,isc,,,,,,,,,
3445368,2001-03-01 17:59:21.380000+00:00,23.53,70.435,9.7,BHUJ2,BHUJ2,BHUJ2,4357228,ML,3.1,NDI,Southern India,earthquake,isc_3445368,isc,,,,,,,,,
3445382,2001-03-01 18:38:19.930000+00:00,23.292,70.112,30.1,BHUJ2,BHUJ2,BHUJ2,4357235,ML,2.4,BHUJ2,Southern India,earthquake,isc_3445382,isc,,,,,,,,,
3445384,2001-03-01 18:41:08.190000+00:00,23.426,70.392,30.2,BHUJ2,BHUJ2,BHUJ2,4357236,ML,2.1,BHUJ2,Southern India,earthquake,isc_3445384,isc,,,,,,,,,
3445410,2001-03-01 19:33:07.030000+00:00,23.402,70.372,26.9,BHUJ2,BHUJ2,BHUJ2,4357249,ML,2.0,BHUJ2,Southern India,earthquake,isc_3445410,isc,,,,,,,,,
3445430,2001-03-01 20:17:57.040000+00:00,23.541,70.164,18.8,BHUJ2,BHUJ2,BHUJ2,4357260,ML,2.1,BHUJ2,Southern India,earthquake,isc_3445430,isc,,,,,,,,,
3445446,2001-03-01 20:46:19.410000+00:00,23.495,70.158,22.6,BHUJ2,BHUJ2,BHUJ2,4357267,ML,2.0,BHUJ2,Southern India,earthquake,isc_3445446,isc,,,,,,,,,
3445498,2001-03-01 22:31:56.450000+00:00,23.352,70.311,37.9,BHUJ2,BHUJ2,BHUJ2,4357293,ML,2.3,BHUJ2,Southern India,earthquake,isc_3445498,isc,,,,,,,,,
3445510,2001-03-01 22:47:20.600000+00:00,23.367,70.311,17.9,BHUJ2,BHUJ2,BHUJ2,4357300,ML,2.2,BHUJ2,Southern India,earthquake,isc_3445510,isc,,,,,,,,,
3445520,2001-03-01 23:06:54.400000+00:00,23.509,70.389,20.7,BHUJ2,BHUJ2,BHUJ2,4357304,ML,2.3,BHUJ2,Southern India,earthquake,isc_3445520,isc,,,,,,,,,
3445524,2001-03-01 23:13:12.810000+00:00,23.324,70.39,28.3,BHUJ2,BHUJ2,BHUJ2,4357306,ML,2.7,NDI,Southern India,earthquake,isc_3445524,isc,,,,,,,,,
3445534,2001-03-01 23:46:49.990000+00:00,23.515,70.336,9.6,BHUJ2,BHUJ2,BHUJ2,4357311,ML,3.2,NDI,Southern India,earthquake,isc_3445534,isc,,,,,,,,,
3445540,2001-03-01 23:55:54.800000+00:00,23.362,70.305,38.8,BHUJ2,BHUJ2,BHUJ2,4357314,ML,2.9,NDI,Southern India,earthquake,isc_3445540,isc,,,,,,,,,
3445574,2001-03-02 00:55:06.800000+00:00,23.405,70.17,30.2,BHUJ2,BHUJ2,BHUJ2,4357332,ML,2.0,BHUJ2,Southern India,earthquake,isc_3445574,isc,,,,,,,,,
3445578,2001-03-02 00:57:42.340000+00:00,23.476,70.169,30.3,BHUJ2,BHUJ2,BHUJ2,4357333,ML,2.6,BHUJ2,Southern India,earthquake,isc_3445578,isc,,,,,,,,,
3445590,2001-03-02 01:23:04.610000+00:00,23.38,70.319,32.0,BHUJ2,BHUJ2,BHUJ2,4357339,ML,3.0,NDI,Southern India,earthquake,isc_3445590,isc,,,,,,,,,
3445592,2001-03-02 01:32:45.400000+00:00,23.534,70.13,28.8,BHUJ2,BHUJ2,BHUJ2,4357340,ML,2.0,BHUJ2,Southern India,earthquake,isc_3445592,isc,,,,,,,,,
3445602,2001-03-02 01:50:31+00:00,23.366,70.356,31.3,BHUJ2,BHUJ2,BHUJ2,4357345,ML,3.1,NDI,Southern India,earthquake,isc_3445602,isc,,,,,,,,,
3445644,2001-03-02 03:16:02+00:00,23.4,70.435,29.9,BHUJ2,BHUJ2,BHUJ2,4357366,ML,2.2,BHUJ2,Southern India,earthquake,isc_3445644,isc,,,,,,,,,
3445664,2001-03-02 04:17:29.670000+00:00,23.491,70.08,32.6,BHUJ2,BHUJ2,BHUJ2,4357376,ML,2.0,BHUJ2,Southern India,earthquake,isc_3445664,isc,,,,,,,,,
3445678,2001-03-02 04:45:25.370000+00:00,23.515,70.205,15.1,BHUJ2,BHUJ2,BHUJ2,4357382,ML,2.4,BHUJ2,Southern India,earthquake,isc_3445678,isc,,,,,,,,,
3445680,2001-03-02 04:49:26.590000+00:00,23.484,70.29,19.3,BHUJ2,BHUJ2,BHUJ2,4357384,ML,2.6,BHUJ2,Southern India,earthquake,isc_3445680,isc,,,,,,,,,
3445684,2001-03-02 04:56:40.170000+00:00,23.449,70.41,29.0,BHUJ2,BHUJ2,BHUJ2,4357386,ML,2.2,BHUJ2,Southern India,earthquake,isc_3445684,isc,,,,,,,,,
3445686,2001-03-02 05:01:02.280000+00:00,23.419,70.327,31.2,BHUJ2,BHUJ2,BHUJ2,4357387,ML,2.0,BHUJ2,Southern India,earthquake,isc_3445686,isc,,,,,,,,,
3445708,2001-03-02 06:00:22.250000+00:00,23.455,70.401,16.9,BHUJ2,BHUJ2,BHUJ2,4357398,ML,2.4,BHUJ2,Southern India,earthquake,isc_3445708,isc,,,,,,,,,
3445710,2001-03-02 06:09:26.820000+00:00,23.335,70.376,25.5,BHUJ2,BHUJ2,BHUJ2,4357399,ML,2.0,BHUJ2,Southern India,earthquake,isc_3445710,isc,,,,,,,,,
3445712,2001-03-02 06:12:33.710000+00:00,23.4,70.361,28.6,BHUJ2,BHUJ2,BHUJ2,4357400,ML,2.0,BHUJ2,Southern India,earthquake,isc_3445712,isc,,,,,,,,,
3445714,2001-03-02 06:16:44.600000+00:00,23.437,70.395,30.9,BHUJ2,BHUJ2,BHUJ2,4357401,ML,2.4,BHUJ2,Southern India,earthquake,isc_3445714,isc,,,,,,,,,
3445722,2001-03-02 06:33:25.580000+00:00,23.387,70.171,32.6,BHUJ2,BHUJ2,BHUJ2,4357405,ML,2.2,BHUJ2,Southern India,earthquake,isc_3445722,isc,,,,,,,,,
3445758,2001-03-02 07:32:02.120000+00:00,23.404,70.354,33.5,BHUJ2,BHUJ2,BHUJ2,4357423,ML,3.6,NDI,Southern India,earthquake,isc_3445758,isc,,,,,,,,,
3445764,2001-03-02 07:44:19.240000+00:00,23.37,70.365,33.3,BHUJ2,BHUJ2,BHUJ2,4357426,ML,2.2,BHUJ2,Southern India,earthquake,isc_3445764,isc,,,,,,,,,
3445776,2001-03-02 08:08:42.950000+00:00,23.368,70.18,33.2,BHUJ2,BHUJ2,BHUJ2,4357432,ML,2.3,BHUJ2,Southern India,earthquake,isc_3445776,isc,,,,,,,,,
3445804,2001-03-02 08:54:33.800000+00:00,23.389,70.361,29.3,BHUJ2,BHUJ2,BHUJ2,4357446,ML,2.0,BHUJ2,Southern India,earthquake,isc_3445804,isc,,,,,,,,,
3445814,2001-03-02 09:02:35.820000+00:00,23.472,70.388,28.3,BHUJ2,BHUJ2,BHUJ2,4357451,ML,2.2,BHUJ2,Southern India,earthquake,isc_3445814,isc,,,,,,,,,
3445832,2001-03-02 09:36:30.900000+00:00,23.405,70.203,30.2,BHUJ2,BHUJ2,BHUJ2,4357460,ML,2.6,BHUJ2,Southern India,earthquake,isc_3445832,isc,,,,,,,,,
3445846,2001-03-02 10:21:19.360000+00:00,23.432,70.404,28.7,BHUJ2,BHUJ2,BHUJ2,4357468,ML,2.0,BHUJ2,Southern India,earthquake,isc_3445846,isc,,,,,,,,,
3445854,2001-03-02 10:35:19.480000+00:00,23.388,70.355,34.7,BHUJ2,BHUJ2,BHUJ2,4357471,ML,2.0,BHUJ2,Southern India,earthquake,isc_3445854,isc,,,,,,,,,
3445858,2001-03-02 10:42:09.290000+00:00,23.466,70.428,23.0,BHUJ2,BHUJ2,BHUJ2,4357473,ML,2.0,BHUJ2,Southern India,earthquake,isc_3445858,isc,,,,,,,,,
3445878,2001-03-02 11:37:40.890000+00:00,23.358,70.386,29.7,BHUJ2,BHUJ2,BHUJ2,4357483,ML,3.9,NDI,Southern India,earthquake,isc_3445878,isc,,,,,,,,,
3445982,2001-03-02 14:43:47.190000+00:00,23.419,70.46,26.6,BHUJ2,BHUJ2,BHUJ2,4357536,ML,2.2,BHUJ2,Southern India,earthquake,isc_3445982,isc,,,,,,,,,
3445992,2001-03-02 15:01:06.660000+00:00,23.196,70.37,37.3,BHUJ2,BHUJ2,BHUJ2,4357541,ML,2.5,BHUJ2,Southern India,earthquake,isc_3445992,isc,,,,,,,,,
3446000,2001-03-02 15:12:01.670000+00:00,23.362,70.388,30.0,BHUJ2,BHUJ2,BHUJ2,4357545,ML,2.8,BHUJ2,Southern India,earthquake,isc_3446000,isc,,,,,,,,,
3446040,2001-03-02 16:22:11.630000+00:00,23.527,70.16,30.7,BHUJ2,BHUJ2,BHUJ2,4357565,ML,2.1,BHUJ2,Southern India,earthquake,isc_3446040,isc,,,,,,,,,
3446046,2001-03-02 16:32:04.020000+00:00,23.465,70.25,22.9,BHUJ2,BHUJ2,BHUJ2,4357568,ML,2.2,BHUJ2,Southern India,earthquake,isc_3446046,isc,,,,,,,,,
3446068,2001-03-02 17:13:31.750000+00:00,23.389,70.276,32.3,BHUJ2,BHUJ2,BHUJ2,4357579,ML,2.2,BHUJ2,Southern India,earthquake,isc_3446068,isc,,,,,,,,,
3446074,2001-03-02 17:25:18.520000+00:00,23.389,70.154,28.6,BHUJ2,BHUJ2,BHUJ2,4357583,ML,2.1,BHUJ2,Southern India,earthquake,isc_3446074,isc,,,,,,,,,
3446092,2001-03-02 17:46:30.810000+00:00,23.4,70.341,29.9,BHUJ2,BHUJ2,BHUJ2,4357591,ML,2.1,BHUJ2,Southern India,earthquake,isc_3446092,isc,,,,,,,,,
3446096,2001-03-02 17:54:03.400000+00:00,23.399,70.383,25.1,BHUJ2,BHUJ2,BHUJ2,4357595,ML,3.1,NDI,Southern India,earthquake,isc_3446096,isc,,,,,,,,,
3446152,2001-03-02 19:29:37.630000+00:00,23.375,70.205,33.2,BHUJ2,BHUJ2,BHUJ2,4357621,ML,2.4,BHUJ2,Southern India,earthquake,isc_3446152,isc,,,,,,,,,
3446192,2001-03-02 20:21:45.130000+00:00,23.58,70.45,27.9,BHUJ2,BHUJ2,BHUJ2,4357640,ML,2.1,BHUJ2,Southern India,earthquake,isc_3446192,isc,,,,,,,,,
3446212,2001-03-02 20:55:04.650000+00:00,23.416,70.417,28.6,BHUJ2,BHUJ2,BHUJ2,4357651,ML,3.3,NDI,Southern India,earthquake,isc_3446212,isc,,,,,,,,,
3446216,2001-03-02 21:00:22.220000+00:00,23.476,70.376,13.0,BHUJ2,BHUJ2,BHUJ2,4357653,ML,2.0,BHUJ2,Southern India,earthquake,isc_3446216,isc,,,,,,,,,
1833200,2001-03-02 21:56:50.239000+00:00,23.3902,70.4412,15.0,ISC,ISC,ISC,4581272,mb,4.1,ISC,Southern India,earthquake,isc_1833200,isc,,,,,,,,,
3446359,2001-03-03 01:51:25.570000+00:00,23.498,70.345,18.8,BHUJ2,BHUJ2,BHUJ2,4357726,ML,2.0,BHUJ2,Southern India,earthquake,isc_3446359,isc,,,,,,,,,
3446417,2001-03-03 05:54:39.300000+00:00,23.56,70.165,26.7,BHUJ2,BHUJ2,BHUJ2,4357754,ML,2.0,BHUJ2,Southern India,earthquake,isc_3446417,isc,,,,,,,,,
3446423,2001-03-03 06:38:24+00:00,23.394,70.217,26.7,BHUJ2,BHUJ2,BHUJ2,4357757,ML,2.6,BHUJ2,Southern India,earthquake,isc_3446423,isc,,,,,,,,,
3446427,2001-03-03 06:54:27.520000+00:00,23.371,70.408,24.7,BHUJ2,BHUJ2,BHUJ2,4357759,ML,2.2,BHUJ2,Southern India,earthquake,isc_3446427,isc,,,,,,,,,
3446433,2001-03-03 07:08:14.730000+00:00,23.465,70.403,28.1,BHUJ2,BHUJ2,BHUJ2,4357762,ML,3.3,NDI,Southern India,earthquake,isc_3446433,isc,,,,,,,,,
3446471,2001-03-03 09:12:36.980000+00:00,23.342,70.227,17.4,BHUJ2,BHUJ2,BHUJ2,4357783,ML,2.0,BHUJ2,Southern India,earthquake,isc_3446471,isc,,,,,,,,,
3446487,2001-03-03 09:59:14.010000+00:00,23.506,70.153,28.2,BHUJ2,BHUJ2,BHUJ2,4357789,ML,2.0,BHUJ2,Southern India,earthquake,isc_3446487,isc,,,,,,,,,
3446513,2001-03-03 12:17:58.300000+00:00,23.358,70.193,31.5,BHUJ2,BHUJ2,BHUJ2,4357802,ML,2.8,NDI,Southern India,earthquake,isc_3446513,isc,,,,,,,,,
3446537,2001-03-03 14:51:40.300000+00:00,23.507,70.212,16.0,BHUJ2,BHUJ2,BHUJ2,4357814,ML,3.1,NDI,Southern India,earthquake,isc_3446537,isc,,,,,,,,,
3446539,2001-03-03 15:11:21.800000+00:00,23.32,70.365,33.2,BHUJ2,BHUJ2,BHUJ2,4357815,ML,2.8,NDI,Southern India,earthquake,isc_3446539,isc,,,,,,,,,
3446545,2001-03-03 15:30:08.980000+00:00,23.482,70.27,19.5,BHUJ2,BHUJ2,BHUJ2,4357818,ML,2.7,NDI,Southern India,earthquake,isc_3446545,isc,,,,,,,,,
3446551,2001-03-03 15:52:57.440000+00:00,23.303,70.163,37.8,BHUJ2,BHUJ2,BHUJ2,4357821,ML,2.2,BHUJ2,Southern India,earthquake,isc_3446551,isc,,,,,,,,,
3446553,2001-03-03 15:57:19.450000+00:00,23.454,70.378,30.7,BHUJ2,BHUJ2,BHUJ2,4357822,ML,2.1,BHUJ2,Southern India,earthquake,isc_3446553,isc,,,,,,,,,
3446571,2001-03-03 17:46:27.450000+00:00,23.493,70.461,28.7,BHUJ2,BHUJ2,BHUJ2,4357831,ML,2.9,NDI,Southern India,earthquake,isc_3446571,isc,,,,,,,,,
3446581,2001-03-03 18:14:26.970000+00:00,23.686,70.163,32.4,BHUJ2,BHUJ2,BHUJ2,4357836,ML,2.2,BHUJ2,Southern India,earthquake,isc_3446581,isc,,,,,,,,,
3446675,2001-03-03 23:22:12.410000+00:00,23.435,70.416,28.8,BHUJ2,BHUJ2,BHUJ2,4357884,ML,3.3,NDI,Southern India,earthquake,isc_3446675,isc,,,,,,,,,
3446695,2001-03-04 00:12:31.600000+00:00,23.427,70.38,29.9,BHUJ2,BHUJ2,BHUJ2,4357892,ML,2.2,BHUJ2,Southern India,earthquake,isc_3446695,isc,,,,,,,,,
3446693,2001-03-04 00:12:45.910000+00:00,23.394,70.383,29.6,BHUJ2,BHUJ2,BHUJ2,4357893,ML,2.1,BHUJ2,Southern India,earthquake,isc_3446693,isc,,,,,,,,,
3446701,2001-03-04 00:20:14.920000+00:00,23.508,70.083,20.5,BHUJ2,BHUJ2,BHUJ2,4357897,ML,2.0,BHUJ2,Southern India,earthquake,isc_3446701,isc,,,,,,,,,
3446731,2001-03-04 01:49:13.960000+00:00,23.453,70.407,26.2,BHUJ2,BHUJ2,BHUJ2,4357911,ML,2.1,BHUJ2,Southern India,earthquake,isc_3446731,isc,,,,,,,,,
3446733,2001-03-04 01:51:35.960000+00:00,23.369,70.352,29.0,BHUJ2,BHUJ2,BHUJ2,4357912,ML,2.1,BHUJ2,Southern India,earthquake,isc_3446733,isc,,,,,,,,,
3446763,2001-03-04 03:31:11.980000+00:00,23.464,70.413,27.3,BHUJ2,BHUJ2,BHUJ2,4357927,ML,2.2,BHUJ2,Southern India,earthquake,isc_3446763,isc,,,,,,,,,
3446767,2001-03-04 03:38:24.830000+00:00,23.438,70.405,30.3,BHUJ2,BHUJ2,BHUJ2,4357929,ML,2.2,BHUJ2,Southern India,earthquake,isc_3446767,isc,,,,,,,,,
3446779,2001-03-04 04:11:32.230000+00:00,23.451,70.39,28.1,BHUJ2,BHUJ2,BHUJ2,4357934,ML,2.2,BHUJ2,Southern India,earthquake,isc_3446779,isc,,,,,,,,,
3446801,2001-03-04 05:35:37.490000+00:00,23.402,70.404,29.0,BHUJ2,BHUJ2,BHUJ2,4357946,ML,2.1,BHUJ2,Southern India,earthquake,isc_3446801,isc,,,,,,,,,
3446813,2001-03-04 06:15:30.920000+00:00,23.398,70.371,33.2,BHUJ2,BHUJ2,BHUJ2,4357952,ML,2.1,BHUJ2,Southern India,earthquake,isc_3446813,isc,,,,,,,,,
3446821,2001-03-04 07:43:26.330000+00:00,23.411,70.409,25.4,BHUJ2,BHUJ2,BHUJ2,4357956,ML,2.0,BHUJ2,Southern India,earthquake,isc_3446821,isc,,,,,,,,,
1833234,2001-03-04 07:54:26.009000+00:00,23.0996,70.5695,15.7,ISC,ISC,ISC,4581442,MS,4.65,ISC,Southern India,earthquake,isc_1833234,isc,,,,,,,,,
3446834,2001-03-04 08:13:46.350000+00:00,23.133,70.523,17.1,BHUJ2,BHUJ2,BHUJ2,4357963,ML,3.5,NDI,Southern India,earthquake,isc_3446834,isc,,,,,,,,,
3446854,2001-03-04 09:21:05.750000+00:00,23.383,70.358,28.3,BHUJ2,BHUJ2,BHUJ2,4357973,ML,2.6,BHUJ2,Southern India,earthquake,isc_3446854,isc,,,,,,,,,
3446894,2001-03-04 11:32:11.480000+00:00,23.121,70.547,17.9,BHUJ2,BHUJ2,BHUJ2,4357993,MD,2.7,NDI,Southern India,earthquake,isc_3446894,isc,,,,,,,,,
3446898,2001-03-04 12:02:24.130000+00:00,23.377,70.283,34.6,BHUJ2,BHUJ2,BHUJ2,4357995,ML,2.4,BHUJ2,Southern India,earthquake,isc_3446898,isc,,,,,,,,,
3446912,2001-03-04 13:34:10.820000+00:00,23.432,70.172,31.9,BHUJ2,BHUJ2,BHUJ2,4358002,ML,2.1,BHUJ2,Southern India,earthquake,isc_3446912,isc,,,,,,,,,
3446920,2001-03-04 14:19:33+00:00,23.504,70.148,12.2,NDI,NDI,NDI,4494963,ML,3.3,NDI,Southern India,earthquake,isc_3446920,isc,,,,,,,,,
3446924,2001-03-04 14:27:59.230000+00:00,23.35,70.238,16.3,BHUJ2,BHUJ2,BHUJ2,4358009,MD,2.4,NDI,Southern India,earthquake,isc_3446924,isc,,,,,,,,,
3446934,2001-03-04 15:11:46.600000+00:00,23.452,70.762,15.0,NDI,NDI,NDI,4494965,ML,2.8,NDI,Southern India,earthquake,isc_3446934,isc,,,,,,,,,
3446942,2001-03-04 15:40:03.570000+00:00,23.306,70.304,11.3,BHUJ2,BHUJ2,BHUJ2,4358017,ML,2.2,BHUJ2,Southern India,earthquake,isc_3446942,isc,,,,,,,,,
3446960,2001-03-04 16:45:52.150000+00:00,23.385,70.218,28.7,BHUJ2,BHUJ2,BHUJ2,4358026,ML,2.2,BHUJ2,Southern India,earthquake,isc_3446960,isc,,,,,,,,,
3446966,2001-03-04 17:16:28.400000+00:00,23.505,70.16,21.1,BHUJ2,BHUJ2,BHUJ2,4358029,ML,3.2,NDI,Southern India,earthquake,isc_3446966,isc,,,,,,,,,
3446988,2001-03-04 18:22:59.610000+00:00,23.446,70.4,25.3,BHUJ2,BHUJ2,BHUJ2,4358041,ML,2.2,BHUJ2,Southern India,earthquake,isc_3446988,isc,,,,,,,,,
3446996,2001-03-04 18:42:55.290000+00:00,23.48,70.451,26.2,BHUJ2,BHUJ2,BHUJ2,4358044,ML,2.0,BHUJ2,Southern India,earthquake,isc_3446996,isc,,,,,,,,,
3447000,2001-03-04 18:45:56.910000+00:00,23.379,70.2,33.0,BHUJ2,BHUJ2,BHUJ2,4358046,ML,2.1,BHUJ2,Southern India,earthquake,isc_3447000,isc,,,,,,,,,
3447002,2001-03-04 18:55:40.070000+00:00,23.477,70.37,29.6,BHUJ2,BHUJ2,BHUJ2,4358047,ML,2.3,BHUJ2,Southern India,earthquake,isc_3447002,isc,,,,,,,,,
3447018,2001-03-04 19:45:37.800000+00:00,23.495,70.371,27.8,BHUJ2,BHUJ2,BHUJ2,4358055,ML,2.1,BHUJ2,Southern India,earthquake,isc_3447018,isc,,,,,,,,,
3447032,2001-03-04 20:20:04.300000+00:00,23.406,70.412,25.5,BHUJ2,BHUJ2,BHUJ2,4358062,ML,2.2,BHUJ2,Southern India,earthquake,isc_3447032,isc,,,,,,,,,
3447192,2001-03-05 04:29:18.620000+00:00,23.367,70.351,33.9,BHUJ2,BHUJ2,BHUJ2,4358142,ML,2.1,BHUJ2,Southern India,earthquake,isc_3447192,isc,,,,,,,,,
3447194,2001-03-05 04:56:22.100000+00:00,23.914,70.773,10.0,NDI,NDI,NDI,4494972,ML,2.8,NDI,Southern India,earthquake,isc_3447194,isc,,,,,,,,,
3447226,2001-03-05 06:29:51.500000+00:00,23.853,70.373,41.1,NDI,NDI,NDI,4494973,ML,2.9,NDI,Southern India,earthquake,isc_3447226,isc,,,,,,,,,
3447312,2001-03-05 12:55:23.190000+00:00,23.346,70.208,37.5,BHUJ2,BHUJ2,BHUJ2,4358202,ML,3.5,NDI,Southern India,earthquake,isc_3447312,isc,,,,,,,,,
3447338,2001-03-05 15:08:10.400000+00:00,23.503,70.98,38.7,NDI,NDI,NDI,4494978,ML,3.2,NDI,Southern India,earthquake,isc_3447338,isc,,,,,,,,,
3447418,2001-03-05 22:25:54.280000+00:00,23.425,70.151,33.0,BHUJ2,BHUJ2,BHUJ2,4358255,ML,2.0,BHUJ2,Southern India,earthquake,isc_3447418,isc,,,,,,,,,
3447442,2001-03-05 23:46:00.620000+00:00,23.497,70.142,33.8,BHUJ2,BHUJ2,BHUJ2,4358267,ML,2.2,BHUJ2,Southern India,earthquake,isc_3447442,isc,,,,,,,,,
3447448,2001-03-06 00:02:37.150000+00:00,23.53,70.317,20.8,BHUJ2,BHUJ2,BHUJ2,4358270,ML,2.0,BHUJ2,Southern India,earthquake,isc_3447448,isc,,,,,,,,,
3447496,2001-03-06 05:00:04.200000+00:00,23.46,70.166,29.0,BHUJ2,BHUJ2,BHUJ2,4358294,ML,2.1,BHUJ2,Southern India,earthquake,isc_3447496,isc,,,,,,,,,
3625275,2001-03-06 07:31:42.500000+00:00,23.757,70.074,15.0,NDI,NDI,NDI,4494991,ML,2.7,NDI,Southern India,earthquake,isc_3625275,isc,,,,,,,,,
3625282,2001-03-06 17:23:23.700000+00:00,23.727,70.331,15.0,NDI,NDI,NDI,4494996,ML,3.2,NDI,Southern India,earthquake,isc_3625282,isc,,,,,,,,,
3625288,2001-03-06 20:27:55.300000+00:00,23.317,70.427,15.0,NDI,NDI,NDI,4494999,ML,2.9,NDI,Southern India,earthquake,isc_3625288,isc,,,,,,,,,
3625292,2001-03-07 01:34:16.400000+00:00,23.384,70.214,18.1,NDI,NDI,NDI,4495001,ML,3.6,NDI,Southern India,earthquake,isc_3625292,isc,,,,,,,,,
3625296,2001-03-07 06:04:32.900000+00:00,22.671,70.436,41.0,NDI,NDI,NDI,4495004,ML,3.2,NDI,Southern India,earthquake,isc_3625296,isc,,,,,,,,,
3625299,2001-03-07 09:40:14.400000+00:00,23.594,70.42,15.0,NDI,NDI,NDI,4495006,ML,2.9,NDI,Southern India,earthquake,isc_3625299,isc,,,,,,,,,
3625303,2001-03-07 13:11:25.500000+00:00,22.723,70.586,40.8,NDI,NDI,NDI,4495008,ML,2.9,NDI,Southern India,earthquake,isc_3625303,isc,,,,,,,,,
3625305,2001-03-07 19:52:14.900000+00:00,23.343,70.04,15.0,NDI,NDI,NDI,4495009,ML,3.2,NDI,Southern India,earthquake,isc_3625305,isc,,,,,,,,,
3625307,2001-03-07 20:28:04.800000+00:00,23.108,70.594,15.0,NDI,NDI,NDI,4495010,ML,3.1,NDI,Southern India,earthquake,isc_3625307,isc,,,,,,,,,
3625309,2001-03-07 21:23:38.600000+00:00,23.064,70.182,10.0,NDI,NDI,NDI,4495011,ML,3.4,NDI,Southern India,earthquake,isc_3625309,isc,,,,,,,,,
1833311,2001-03-08 02:56:19.558000+00:00,23.4631,70.2279,8.3,ISC,ISC,ISC,4581897,mb,4.12,ISC,Southern India,earthquake,isc_1833311,isc,,,,,,,,,
3625326,2001-03-08 09:48:49.100000+00:00,23.578,70.289,15.0,NDI,NDI,NDI,4495024,ML,3.1,NDI,Southern India,earthquake,isc_3625326,isc,,,,,,,,,
3625332,2001-03-08 10:32:02.400000+00:00,23.375,70.122,15.0,NDI,NDI,NDI,4495027,ML,3.3,NDI,Southern India,earthquake,isc_3625332,isc,,,,,,,,,
3625343,2001-03-09 03:05:05.600000+00:00,23.382,70.341,22.6,NDI,NDI,NDI,4495036,ML,3.5,NDI,Southern India,earthquake,isc_3625343,isc,,,,,,,,,
3625345,2001-03-09 05:01:19.900000+00:00,23.722,70.01,15.0,NDI,NDI,NDI,4495037,ML,3.3,NDI,Southern India,earthquake,isc_3625345,isc,,,,,,,,,
3625347,2001-03-09 10:36:54.800000+00:00,23.204,70.847,39.0,NDI,NDI,NDI,4495038,ML,3.1,NDI,Southern India,earthquake,isc_3625347,isc,,,,,,,,,
2937937,2001-03-09 12:40:55.990000+00:00,23.6065,70.1408,15.0,ISC,ISC,ISC,4582029,mb,3.93,ISC,Southern India,earthquake,isc_2937937,isc,,,,,,,,,
2937949,2001-03-09 17:28:53.012000+00:00,23.3487,70.6218,15.0,ISC,ISC,ISC,4582041,mb,3.76,ISC,Southern India,earthquake,isc_2937949,isc,,,,,,,,,
3625354,2001-03-10 03:22:30.400000+00:00,23.653,70.302,15.0,NDI,NDI,NDI,4495046,ML,2.9,NDI,Southern India,earthquake,isc_3625354,isc,,,,,,,,,
3625361,2001-03-10 10:28:01.900000+00:00,23.721,70.003,15.0,NDI,NDI,NDI,4495051,ML,3.6,NDI,Southern India,earthquake,isc_3625361,isc,,,,,,,,,
3625368,2001-03-10 16:36:35.400000+00:00,23.388,70.32,26.3,NDI,NDI,NDI,4495055,ML,3.0,NDI,Southern India,earthquake,isc_3625368,isc,,,,,,,,,
3625370,2001-03-10 17:33:42.100000+00:00,23.014,70.441,15.0,NDI,NDI,NDI,4495056,ML,3.1,NDI,Southern India,earthquake,isc_3625370,isc,,,,,,,,,
3625372,2001-03-10 19:21:24.800000+00:00,23.14,71.052,39.1,NDI,NDI,NDI,4495057,ML,2.7,NDI,Southern India,earthquake,isc_3625372,isc,,,,,,,,,
3625374,2001-03-10 19:26:22.700000+00:00,23.538,70.207,15.0,NDI,NDI,NDI,4495058,ML,3.3,NDI,Southern India,earthquake,isc_3625374,isc,,,,,,,,,
3625377,2001-03-10 21:47:48.400000+00:00,23.292,70.781,15.0,NDI,NDI,NDI,4495061,ML,3.1,NDI,Southern India,earthquake,isc_3625377,isc,,,,,,,,,
3625379,2001-03-10 21:54:49.200000+00:00,23.145,70.513,15.0,NDI,NDI,NDI,4495062,ML,3.2,NDI,Southern India,earthquake,isc_3625379,isc,,,,,,,,,
3625384,2001-03-11 01:29:12.700000+00:00,23.554,70.061,20.0,NDI,NDI,NDI,4495065,ML,3.5,NDI,Southern India,earthquake,isc_3625384,isc,,,,,,,,,
3625386,2001-03-11 01:56:27.400000+00:00,23.703,70.025,14.8,NDI,NDI,NDI,4495066,ML,3.1,NDI,Southern India,earthquake,isc_3625386,isc,,,,,,,,,
3016184,2001-03-11 12:38:28.247000+00:00,23.4303,70.3033,15.0,ISC,ISC,ISC,4582213,mb,4.07,ISC,Southern India,earthquake,isc_3016184,isc,,,,,,,,,
3625390,2001-03-11 14:32:37.200000+00:00,22.67,70.3,15.0,NDI,NDI,NDI,4495069,ML,3.0,NDI,Southern India,earthquake,isc_3625390,isc,,,,,,,,,
3625392,2001-03-11 16:53:56.800000+00:00,23.043,70.715,25.0,NDI,NDI,NDI,4495070,ML,2.7,NDI,Southern India,earthquake,isc_3625392,isc,,,,,,,,,
3625397,2001-03-11 20:32:43.900000+00:00,23.571,70.117,15.0,NDI,NDI,NDI,4495077,ML,2.9,NDI,Southern India,earthquake,isc_3625397,isc,,,,,,,,,
3625399,2001-03-11 23:40:55.500000+00:00,23.294,70.38,43.7,NDI,NDI,NDI,4495078,ML,3.2,NDI,Southern India,earthquake,isc_3625399,isc,,,,,,,,,
3625406,2001-03-12 14:47:29.100000+00:00,23.246,70.041,15.0,NDI,NDI,NDI,4495085,ML,3.1,NDI,Southern India,earthquake,isc_3625406,isc,,,,,,,,,
3625408,2001-03-12 15:15:02.400000+00:00,23.408,70.23,16.8,NDI,NDI,NDI,4495086,ML,3.5,NDI,Southern India,earthquake,isc_3625408,isc,,,,,,,,,
3625414,2001-03-13 06:53:08.700000+00:00,23.401,70.053,15.0,NDI,NDI,NDI,4495091,ML,3.1,NDI,Southern India,earthquake,isc_3625414,isc,,,,,,,,,
3625416,2001-03-13 09:32:36.300000+00:00,23.164,70.387,15.0,NDI,NDI,NDI,4495092,MD,3.5,NDI,Southern India,earthquake,isc_3625416,isc,,,,,,,,,
2043450,2001-03-13 12:05:46.042000+00:00,23.3533,70.4209,15.0,ISC,ISC,ISC,4582425,MW,3.9,NDI,Southern India,earthquake,isc_2043450,isc,,,,,,,,,
2043458,2001-03-13 13:48:17.827000+00:00,23.4965,70.4293,15.0,ISC,ISC,ISC,4582436,MW,4.3,NDI,Southern India,earthquake,isc_2043458,isc,,,,,,,,,
3625424,2001-03-13 22:22:29.300000+00:00,23.634,70.227,15.0,NDI,NDI,NDI,4495107,ML,3.3,NDI,Southern India,earthquake,isc_3625424,isc,,,,,,,,,
3625427,2001-03-14 09:05:57.700000+00:00,23.384,70.309,18.4,NDI,NDI,NDI,4495109,ML,3.8,NDI,Southern India,earthquake,isc_3625427,isc,,,,,,,,,
2043521,2001-03-14 10:42:09.914000+00:00,23.4006,70.3904,27.1,ISC,ISC,ISC,4582533,MS,3.52,ISC,Southern India,earthquake,isc_2043521,isc,,,,,,,,,
3625432,2001-03-14 18:24:20.600000+00:00,23.691,70.243,15.0,NDI,NDI,NDI,4495113,MD,3.7,NDI,Southern India,earthquake,isc_3625432,isc,,,,,,,,,
3016443,2001-03-14 23:49:07.823000+00:00,23.4086,70.515,15.0,ISC,ISC,ISC,4582590,mb,3.8,ISC,Southern India,earthquake,isc_3016443,isc,,,,,,,,,
3625441,2001-03-15 04:38:44+00:00,23.839,70.01,15.0,NDI,NDI,NDI,4495123,ML,2.8,NDI,Southern India,earthquake,isc_3625441,isc,,,,,,,,,
3625444,2001-03-15 12:34:47.600000+00:00,23.514,70.242,15.0,NDI,NDI,NDI,4495126,ML,2.9,NDI,Southern India,earthquake,isc_3625444,isc,,,,,,,,,
3625456,2001-03-16 01:14:48.900000+00:00,23.512,70.218,2.0,NDI,NDI,NDI,4495133,ML,3.6,NDI,Southern India,earthquake,isc_3625456,isc,,,,,,,,,
3625460,2001-03-16 02:54:34.900000+00:00,23.95,70.147,15.0,NDI,NDI,NDI,4495135,ML,3.1,NDI,Southern India,earthquake,isc_3625460,isc,,,,,,,,,
3625470,2001-03-16 07:11:25+00:00,23.727,70.274,15.0,NDI,NDI,NDI,4495141,ML,3.3,NDI,Southern India,earthquake,isc_3625470,isc,,,,,,,,,
3625472,2001-03-16 07:54:30.700000+00:00,23.531,70.024,2.3,NDI,NDI,NDI,4495142,ML,3.6,NDI,Southern India,earthquake,isc_3625472,isc,,,,,,,,,
3625474,2001-03-16 15:25:14.700000+00:00,23.33,70.469,15.0,NDI,NDI,NDI,4495143,ML,3.3,NDI,Southern India,earthquake,isc_3625474,isc,,,,,,,,,
3625477,2001-03-16 16:40:56.800000+00:00,23.392,70.358,11.4,NDI,NDI,NDI,4495145,ML,3.2,NDI,Southern India,earthquake,isc_3625477,isc,,,,,,,,,
3625479,2001-03-16 18:30:24.200000+00:00,23.275,70.378,15.0,NDI,NDI,NDI,4495146,ML,3.2,NDI,Southern India,earthquake,isc_3625479,isc,,,,,,,,,
3625481,2001-03-16 19:00:36.200000+00:00,23.227,70.425,15.0,NDI,NDI,NDI,4495147,ML,3.3,NDI,Southern India,earthquake,isc_3625481,isc,,,,,,,,,
3625483,2001-03-16 20:23:30.500000+00:00,23.709,70.57,15.0,NDI,NDI,NDI,4495148,ML,3.3,NDI,Southern India,earthquake,isc_3625483,isc,,,,,,,,,
3625489,2001-03-17 06:36:22.300000+00:00,23.414,70.334,29.8,NDI,NDI,NDI,4495153,ML,3.6,NDI,Southern India,earthquake,isc_3625489,isc,,,,,,,,,
3625491,2001-03-17 06:59:25+00:00,23.762,70.047,15.0,NDI,NDI,NDI,4495154,ML,3.1,NDI,Southern India,earthquake,isc_3625491,isc,,,,,,,,,
3625496,2001-03-17 11:29:36.400000+00:00,23.565,70.534,25.0,NDI,NDI,NDI,4495157,ML,3.1,NDI,Southern India,earthquake,isc_3625496,isc,,,,,,,,,
3625500,2001-03-17 20:21:47.500000+00:00,23.449,70.009,9.0,NDI,NDI,NDI,4495162,ML,3.4,NDI,Southern India,earthquake,isc_3625500,isc,,,,,,,,,
3272666,2001-03-18 19:57:07.978000+00:00,23.456,70.2687,15.0,ISC,ISC,ISC,4583088,mb,3.73,ISC,Southern India,earthquake,isc_3272666,isc,,,,,,,,,
3625509,2001-03-18 21:23:03.200000+00:00,23.689,70.107,33.0,NDI,NDI,NDI,4495169,ML,3.1,NDI,Southern India,earthquake,isc_3625509,isc,,,,,,,,,
3625511,2001-03-18 21:33:16.800000+00:00,23.417,70.551,13.0,NDI,NDI,NDI,4495170,ML,3.0,NDI,Southern India,earthquake,isc_3625511,isc,,,,,,,,,
3625513,2001-03-18 21:59:45.500000+00:00,23.277,70.087,15.0,NDI,NDI,NDI,4495171,ML,3.2,NDI,Southern India,earthquake,isc_3625513,isc,,,,,,,,,
3625523,2001-03-19 16:17:41.200000+00:00,23.348,70.303,15.0,NDI,NDI,NDI,4495179,ML,3.8,NDI,Southern India,earthquake,isc_3625523,isc,,,,,,,,,
1833442,2001-03-19 20:06:51.278000+00:00,23.5055,70.2488,15.0,ISC,ISC,ISC,4583210,MW,4.7,NDI,Southern India,earthquake,isc_1833442,isc,,,,,,,,,
3625527,2001-03-19 20:31:02.700000+00:00,23.586,70.185,15.0,NDI,NDI,NDI,4495183,ML,3.1,NDI,Southern India,earthquake,isc_3625527,isc,,,,,,,,,
3625529,2001-03-20 00:28:56.300000+00:00,23.537,70.334,33.0,NDI,NDI,NDI,4495184,ML,3.4,NDI,Southern India,earthquake,isc_3625529,isc,,,,,,,,,
3625531,2001-03-20 06:27:58+00:00,23.43,70.271,15.7,NDI,NDI,NDI,4495185,ML,3.6,NDI,Southern India,earthquake,isc_3625531,isc,,,,,,,,,
3625535,2001-03-20 11:53:46.800000+00:00,23.522,70.361,26.6,NDI,NDI,NDI,4495188,ML,3.5,NDI,Southern India,earthquake,isc_3625535,isc,,,,,,,,,
3625537,2001-03-20 15:10:43.700000+00:00,23.429,70.298,17.6,NDI,NDI,NDI,4495189,ML,3.4,NDI,Southern India,earthquake,isc_3625537,isc,,,,,,,,,
3625539,2001-03-20 18:12:09.700000+00:00,23.39,70.361,22.9,NDI,NDI,NDI,4495190,ML,3.5,NDI,Southern India,earthquake,isc_3625539,isc,,,,,,,,,
3625547,2001-03-21 07:33:23.400000+00:00,23.888,70.144,15.0,NDI,NDI,NDI,4495196,ML,3.1,NDI,Southern India,earthquake,isc_3625547,isc,,,,,,,,,
3625549,2001-03-21 10:33:54.600000+00:00,23.491,70.329,22.2,NDI,NDI,NDI,4495197,ML,2.9,NDI,Southern India,earthquake,isc_3625549,isc,,,,,,,,,
3625551,2001-03-21 13:00:06.600000+00:00,23.762,70.268,20.7,NDI,NDI,NDI,4495198,ML,3.0,NDI,Southern India,earthquake,isc_3625551,isc,,,,,,,,,
3625557,2001-03-21 19:39:15+00:00,23.493,70.127,33.0,NDI,NDI,NDI,4495201,ML,3.1,NDI,Southern India,earthquake,isc_3625557,isc,,,,,,,,,
3625563,2001-03-22 08:42:42+00:00,23.548,70.404,15.0,NDI,NDI,NDI,4495205,ML,3.0,NDI,Southern India,earthquake,isc_3625563,isc,,,,,,,,,
3625565,2001-03-22 09:57:05+00:00,23.42,70.039,5.0,NDI,NDI,NDI,4495206,ML,3.6,NDI,Southern India,earthquake,isc_3625565,isc,,,,,,,,,
3625582,2001-03-23 09:06:07.300000+00:00,23.668,70.381,25.0,NDI,NDI,NDI,4495217,ML,3.0,NDI,Southern India,earthquake,isc_3625582,isc,,,,,,,,,
3625584,2001-03-23 10:01:25.100000+00:00,23.545,70.063,2.0,NDI,NDI,NDI,4495218,ML,3.8,NDI,Southern India,earthquake,isc_3625584,isc,,,,,,,,,
3625591,2001-03-23 20:10:56+00:00,23.081,70.288,33.0,NDI,NDI,NDI,4495224,ML,3.0,NDI,Southern India,earthquake,isc_3625591,isc,,,,,,,,,
2939104,2001-03-24 01:13:49.099000+00:00,23.4238,70.5422,15.0,ISC,ISC,ISC,4583656,mb,3.94,ISC,Southern India,earthquake,isc_2939104,isc,,,,,,,,,
3625600,2001-03-24 08:22:33.300000+00:00,23.436,70.243,8.2,NDI,NDI,NDI,4495234,ML,3.9,NDI,Southern India,earthquake,isc_3625600,isc,,,,,,,,,
3625602,2001-03-24 12:29:21.500000+00:00,23.198,70.215,15.0,NDI,NDI,NDI,4495235,ML,3.3,NDI,Southern India,earthquake,isc_3625602,isc,,,,,,,,,
3625608,2001-03-25 00:05:40.500000+00:00,23.536,70.224,15.0,NDI,NDI,NDI,4495240,ML,3.4,NDI,Southern India,earthquake,isc_3625608,isc,,,,,,,,,
3625610,2001-03-25 01:51:23+00:00,23.44,70.134,15.0,NDI,NDI,NDI,4495241,ML,3.4,NDI,Southern India,earthquake,isc_3625610,isc,,,,,,,,,
3625615,2001-03-25 06:13:05+00:00,23.294,70.224,33.0,NDI,NDI,NDI,4495244,ML,3.0,NDI,Southern India,earthquake,isc_3625615,isc,,,,,,,,,
3625624,2001-03-25 10:35:58.600000+00:00,23.75,70.221,15.0,NDI,NDI,NDI,4495250,ML,3.3,NDI,Southern India,earthquake,isc_3625624,isc,,,,,,,,,
3625628,2001-03-25 20:38:28.500000+00:00,23.767,70.127,33.0,NDI,NDI,NDI,4495252,ML,3.0,NDI,Southern India,earthquake,isc_3625628,isc,,,,,,,,,
3625635,2001-03-26 11:48:11.500000+00:00,23.376,70.441,7.5,NDI,NDI,NDI,4495256,ML,3.1,NDI,Southern India,earthquake,isc_3625635,isc,,,,,,,,,
3625638,2001-03-26 14:59:32.100000+00:00,23.144,70.141,15.0,NDI,NDI,NDI,4495259,MD,3.1,NDI,Southern India,earthquake,isc_3625638,isc,,,,,,,,,
3625640,2001-03-26 16:15:30.500000+00:00,23.277,70.336,30.4,NDI,NDI,NDI,4495260,ML,3.5,NDI,Southern India,earthquake,isc_3625640,isc,,,,,,,,,
3625646,2001-03-26 19:13:38.900000+00:00,23.579,70.268,17.8,NDI,NDI,NDI,4495263,ML,3.3,NDI,Southern India,earthquake,isc_3625646,isc,,,,,,,,,
3625650,2001-03-26 22:03:38.200000+00:00,23.426,70.639,15.0,NDI,NDI,NDI,4495265,ML,3.2,NDI,Southern India,earthquake,isc_3625650,isc,,,,,,,,,
3625652,2001-03-27 00:57:41.200000+00:00,23.546,70.497,17.0,NDI,NDI,NDI,4495266,ML,3.5,NDI,Southern India,earthquake,isc_3625652,isc,,,,,,,,,
3625655,2001-03-27 13:08:29.900000+00:00,23.331,70.218,15.0,NDI,NDI,NDI,4495269,ML,2.7,NDI,Southern India,earthquake,isc_3625655,isc,,,,,,,,,
3625659,2001-03-27 19:24:59.400000+00:00,23.285,70.454,15.0,NDI,NDI,NDI,4495271,ML,3.2,NDI,Southern India,earthquake,isc_3625659,isc,,,,,,,,,
3625661,2001-03-27 20:38:06.100000+00:00,23.603,70.175,15.0,NDI,NDI,NDI,4495272,ML,3.3,NDI,Southern India,earthquake,isc_3625661,isc,,,,,,,,,
3625665,2001-03-27 22:23:21+00:00,23.502,70.319,15.0,NDI,NDI,NDI,4495274,ML,3.1,NDI,Southern India,earthquake,isc_3625665,isc,,,,,,,,,
3625667,2001-03-28 00:49:07+00:00,23.652,70.021,15.0,NDI,NDI,NDI,4495275,MD,3.5,NDI,Southern India,earthquake,isc_3625667,isc,,,,,,,,,
3625669,2001-03-28 03:19:13+00:00,23.517,70.254,33.0,NDI,NDI,NDI,4495276,ML,3.1,NDI,Southern India,earthquake,isc_3625669,isc,,,,,,,,,
3625678,2001-03-28 18:49:50.900000+00:00,23.458,70.351,15.0,NDI,NDI,NDI,4495284,ML,3.5,NDI,Southern India,earthquake,isc_3625678,isc,,,,,,,,,
3625686,2001-03-29 00:16:09+00:00,23.656,70.236,15.0,NDI,NDI,NDI,4495288,ML,3.2,NDI,Southern India,earthquake,isc_3625686,isc,,,,,,,,,
3625698,2001-03-30 13:47:59.500000+00:00,23.739,71.037,15.0,NDI,NDI,NDI,4495305,ML,3.1,NDI,Southern India,earthquake,isc_3625698,isc,,,,,,,,,
3625704,2001-03-31 00:40:21+00:00,23.945,70.109,15.0,NDI,NDI,NDI,4495310,ML,3.2,NDI,Southern India,earthquake,isc_3625704,isc,,,,,,,,,
3625713,2001-03-31 17:51:31+00:00,23.027,70.862,15.0,NDI,NDI,NDI,4495316,ML,2.8,NDI,Southern India,earthquake,isc_3625713,isc,,,,,,,,,
3625717,2001-03-31 21:04:03.600000+00:00,23.584,70.323,15.0,NDI,NDI,NDI,4495319,ML,3.2,NDI,Southern India,earthquake,isc_3625717,isc,,,,,,,,,
3625721,2001-03-31 22:59:51.300000+00:00,23.394,70.125,15.0,NDI,NDI,NDI,4495321,ML,3.3,NDI,Southern India,earthquake,isc_3625721,isc,,,,,,,,,
3660900,2001-04-01 00:17:04.900000+00:00,23.496,70.319,15.0,NDI,NDI,NDI,4532299,ML,3.4,NDI,Southern India,earthquake,isc_3660900,isc,,,,,,,,,
2044759,2001-04-01 08:56:52.493000+00:00,23.4474,70.6414,19.6,ISC,ISC,ISC,4610437,mb,4.32,ISC,Southern India,earthquake,isc_2044759,isc,,,,,,,,,
3660909,2001-04-02 03:56:46.100000+00:00,23.279,70.17,14.0,NDI,NDI,NDI,4532309,ML,3.4,NDI,Southern India,earthquake,isc_3660909,isc,,,,,,,,,
3660912,2001-04-02 08:26:51.100000+00:00,23.105,70.332,15.0,NDI,NDI,NDI,4532311,ML,3.0,NDI,Southern India,earthquake,isc_3660912,isc,,,,,,,,,
3660916,2001-04-02 10:49:18.700000+00:00,23.762,70.151,26.0,NDI,NDI,NDI,4532313,ML,3.2,NDI,Southern India,earthquake,isc_3660916,isc,,,,,,,,,
3660922,2001-04-02 18:22:44.100000+00:00,23.408,70.011,10.0,NDI,NDI,NDI,4532316,ML,3.4,NDI,Southern India,earthquake,isc_3660922,isc,,,,,,,,,
3660929,2001-04-03 02:54:50.400000+00:00,23.429,70.306,14.8,NDI,NDI,NDI,4532324,ML,3.6,NDI,Southern India,earthquake,isc_3660929,isc,,,,,,,,,
3660933,2001-04-03 07:55:41.900000+00:00,23.492,70.411,41.8,NDI,NDI,NDI,4532326,ML,3.5,NDI,Southern India,earthquake,isc_3660933,isc,,,,,,,,,
3660940,2001-04-03 15:27:46.100000+00:00,23.345,70.578,15.0,NDI,NDI,NDI,4532339,ML,2.6,NDI,Southern India,earthquake,isc_3660940,isc,,,,,,,,,
3660945,2001-04-03 19:57:20.900000+00:00,23.369,70.123,38.7,NDI,NDI,NDI,4532342,ML,3.2,NDI,Southern India,earthquake,isc_3660945,isc,,,,,,,,,
3660947,2001-04-03 21:03:54.900000+00:00,23.381,70.485,15.0,NDI,NDI,NDI,4532343,ML,2.7,NDI,Southern India,earthquake,isc_3660947,isc,,,,,,,,,
3660950,2001-04-03 22:05:29.400000+00:00,23.339,70.447,5.6,NDI,NDI,NDI,4532345,ML,2.3,NDI,Southern India,earthquake,isc_3660950,isc,,,,,,,,,
3660973,2001-04-04 20:17:42.600000+00:00,23.45,70.408,15.0,NDI,NDI,NDI,4532362,ML,2.7,NDI,Southern India,earthquake,isc_3660973,isc,,,,,,,,,
3660992,2001-04-06 03:29:12.700000+00:00,23.335,70.294,15.0,NDI,NDI,NDI,4532374,ML,3.5,NDI,Southern India,earthquake,isc_3660992,isc,,,,,,,,,
3661003,2001-04-07 01:42:55.700000+00:00,23.528,70.476,15.0,NDI,NDI,NDI,4532383,ML,3.2,NDI,Southern India,earthquake,isc_3661003,isc,,,,,,,,,
3661008,2001-04-07 04:51:16.800000+00:00,23.477,70.474,25.2,NDI,NDI,NDI,4532386,ML,3.6,NDI,Southern India,earthquake,isc_3661008,isc,,,,,,,,,
3661025,2001-04-07 17:22:55+00:00,23.707,70.188,5.0,NDI,NDI,NDI,4532395,ML,3.4,NDI,Southern India,earthquake,isc_3661025,isc,,,,,,,,,
3661040,2001-04-08 12:15:30.100000+00:00,23.393,70.196,6.9,NDI,NDI,NDI,4532404,ML,4.1,NDI,Southern India,earthquake,isc_3661040,isc,,,,,,,,,
3661042,2001-04-08 12:38:32+00:00,23.408,70.324,12.6,NDI,NDI,NDI,4532405,ML,3.8,NDI,Southern India,earthquake,isc_3661042,isc,,,,,,,,,
3661063,2001-04-10 13:34:42.900000+00:00,23.311,70.613,15.0,NDI,NDI,NDI,4532427,ML,3.2,NDI,Southern India,earthquake,isc_3661063,isc,,,,,,,,,
3018841,2001-04-11 01:17:59.571000+00:00,23.5878,70.5391,15.0,ISC,ISC,ISC,4611460,mb,4.33,ISC,Southern India,earthquake,isc_3018841,isc,,,,,,,,,
3661083,2001-04-12 09:38:15.800000+00:00,23.508,70.136,5.0,NDI,NDI,NDI,4532444,ML,3.7,NDI,Southern India,earthquake,isc_3661083,isc,,,,,,,,,
2972787,2001-04-12 17:24:29.337000+00:00,23.4239,70.6095,15.0,ISC,ISC,ISC,4611663,MW,4.0,NDI,Southern India,earthquake,isc_2972787,isc,,,,,,,,,
3019313,2001-04-15 12:18:20.813000+00:00,23.5677,70.4398,15.0,ISC,ISC,ISC,4611944,mb,3.89,ISC,Southern India,earthquake,isc_3019313,isc,,,,,,,,,
3661134,2001-04-16 08:13:19.400000+00:00,23.206,70.219,15.0,NDI,NDI,NDI,4532491,ML,3.0,NDI,Southern India,earthquake,isc_3661134,isc,,,,,,,,,
2045659,2001-04-16 14:26:02.784000+00:00,23.6089,70.2992,15.0,ISC,ISC,ISC,4612055,mb,3.9,ISC,Southern India,earthquake,isc_2045659,isc,,,,,,,,,
3019524,2001-04-17 11:29:53.278000+00:00,23.5261,70.6549,16.1,ISC,ISC,ISC,4612133,mb,3.98,ISC,Southern India,earthquake,isc_3019524,isc,,,,,,,,,
3661153,2001-04-17 12:41:39.800000+00:00,23.732,70.384,15.0,NDI,NDI,NDI,4532513,ML,3.2,NDI,Southern India,earthquake,isc_3661153,isc,,,,,,,,,
3661155,2001-04-17 13:11:41.600000+00:00,23.351,70.254,33.0,NDI,NDI,NDI,4532514,ML,3.5,NDI,Southern India,earthquake,isc_3661155,isc,,,,,,,,,
3661159,2001-04-17 18:18:24.600000+00:00,23.564,70.34,15.0,NDI,NDI,NDI,4532516,ML,3.2,NDI,Southern India,earthquake,isc_3661159,isc,,,,,,,,,
3276351,2001-04-21 01:22:20.863000+00:00,23.2562,70.2973,10.0,ISC,ISC,ISC,4612507,mb,3.89,ISC,Southern India,earthquake,isc_3276351,isc,,,,,,,,,
3661213,2001-04-21 01:43:13.800000+00:00,23.192,70.257,15.0,NDI,NDI,NDI,4532563,MW,3.7,NDI,Southern India,earthquake,isc_3661213,isc,,,,,,,,,
3661229,2001-04-23 05:44:13.300000+00:00,22.997,70.305,20.4,NDI,NDI,NDI,4532577,ML,3.5,NDI,Southern India,earthquake,isc_3661229,isc,,,,,,,,,
3661233,2001-04-23 07:40:38.200000+00:00,23.423,70.227,15.0,NDI,NDI,NDI,4532579,ML,3.3,NDI,Southern India,earthquake,isc_3661233,isc,,,,,,,,,
2973031,2001-04-24 06:05:46.413000+00:00,23.3783,70.4305,12.3,ISC,ISC,ISC,4612774,mb,3.88,ISC,Southern India,earthquake,isc_2973031,isc,,,,,,,,,
1885050,2001-04-26 09:00:25.577000+00:00,23.4756,70.6195,15.0,ISC,ISC,ISC,4612947,mb,4.17,ISC,Southern India,earthquake,isc_1885050,isc,,,,,,,,,
3661281,2001-04-26 21:17:11.500000+00:00,23.66,70.091,35.8,NDI,NDI,NDI,4532617,ML,3.7,NDI,Southern India,earthquake,isc_3661281,isc,,,,,,,,,
3277179,2001-04-28 11:23:56.694000+00:00,23.2028,70.0217,26.0,ISC,ISC,ISC,4613138,mb,3.74,ISC,Southern India,earthquake,isc_3277179,isc,,,,,,,,,
3661304,2001-04-28 23:33:09.600000+00:00,23.501,70.064,20.3,NDI,NDI,NDI,4532639,ML,3.1,NDI,Southern India,earthquake,isc_3661304,isc,,,,,,,,,
3715885,2001-05-01 03:44:29.300000+00:00,23.408,70.183,7.1,NDI,NDI,NDI,4579959,ML,3.6,NDI,Southern India,earthquake,isc_3715885,isc,,,,,,,,,
3715889,2001-05-01 19:03:21.600000+00:00,23.558,70.121,20.3,NDI,NDI,NDI,4579962,ML,3.3,NDI,Southern India,earthquake,isc_3715889,isc,,,,,,,,,
3715913,2001-05-05 02:26:59.600000+00:00,23.521,70.186,5.0,NDI,NDI,NDI,4579983,ML,3.2,NDI,Southern India,earthquake,isc_3715913,isc,,,,,,,,,
1893263,2001-05-06 07:42:32.793000+00:00,23.4129,70.3174,15.0,ISC,ISC,ISC,4658643,mb,4.16,ISC,Southern India,earthquake,isc_1893263,isc,,,,,,,,,
1893279,2001-05-06 22:58:54.001000+00:00,23.5648,70.0861,15.0,ISC,ISC,ISC,4658683,MW,4.7,NDI,Southern India,earthquake,isc_1893279,isc,,,,,,,,,
3150648,2001-05-07 16:44:07.774000+00:00,23.1156,70.0475,26.0,ISC,ISC,ISC,4658751,mb,3.8,ISC,Southern India,earthquake,isc_3150648,isc,,,,,,,,,
3715938,2001-05-08 12:04:56+00:00,23.0,70.653,15.0,NDI,NDI,NDI,4580012,MD,3.2,NDI,Southern India,earthquake,isc_3715938,isc,,,,,,,,,
3715959,2001-05-09 13:00:58.300000+00:00,23.584,70.266,5.0,NDI,NDI,NDI,4580023,ML,3.0,NDI,Southern India,earthquake,isc_3715959,isc,,,,,,,,,
1907922,2001-05-13 04:05:42.660000+00:00,23.3369,70.4231,15.0,ISC,ISC,ISC,4659287,MW,4.3,NDI,Southern India,earthquake,isc_1907922,isc,,,,,,,,,
3716008,2001-05-13 11:30:14.600000+00:00,23.532,70.122,14.3,NDI,NDI,NDI,4580063,ML,3.5,NDI,Southern India,earthquake,isc_3716008,isc,,,,,,,,,
3716010,2001-05-13 22:51:11.600000+00:00,23.454,70.049,5.0,NDI,NDI,NDI,4580064,ML,3.1,NDI,Southern India,earthquake,isc_3716010,isc,,,,,,,,,
3716017,2001-05-15 09:24:39.500000+00:00,23.28,70.168,11.3,NDI,NDI,NDI,4580069,ML,3.3,NDI,Southern India,earthquake,isc_3716017,isc,,,,,,,,,
3716023,2001-05-15 17:48:11.600000+00:00,23.561,70.064,19.7,NDI,NDI,NDI,4580080,ML,3.2,NDI,Southern India,earthquake,isc_3716023,isc,,,,,,,,,
3716029,2001-05-16 10:06:25.800000+00:00,23.473,70.097,10.9,NDI,NDI,NDI,4580085,ML,3.0,NDI,Southern India,earthquake,isc_3716029,isc,,,,,,,,,
3151558,2001-05-17 12:26:03.082000+00:00,23.4882,70.0991,15.0,ISC,ISC,ISC,4659652,mb,3.78,ISC,Southern India,earthquake,isc_3151558,isc,,,,,,,,,
3716040,2001-05-17 13:15:08.500000+00:00,23.562,70.268,25.0,NDI,NDI,NDI,4580095,ML,3.8,NDI,Southern India,earthquake,isc_3716040,isc,,,,,,,,,
3716043,2001-05-17 21:49:43.900000+00:00,23.42,70.038,17.6,NDI,NDI,NDI,4580098,MD,3.0,NDI,Southern India,earthquake,isc_3716043,isc,,,,,,,,,
3716052,2001-05-18 20:38:03.800000+00:00,23.594,70.434,21.4,NDI,NDI,NDI,4580104,ML,3.1,NDI,Southern India,earthquake,isc_3716052,isc,,,,,,,,,
3716078,2001-05-22 16:43:03.400000+00:00,23.011,70.269,15.0,NDI,NDI,NDI,4580125,MD,3.0,NDI,Southern India,earthquake,isc_3716078,isc,,,,,,,,,
3716106,2001-05-25 16:45:16.800000+00:00,23.227,70.178,15.0,NDI,NDI,NDI,4580153,MD,3.2,NDI,Southern India,earthquake,isc_3716106,isc,,,,,,,,,
3716110,2001-05-26 02:32:11.100000+00:00,23.534,70.253,15.0,NDI,NDI,NDI,4580155,MD,3.1,NDI,Southern India,earthquake,isc_3716110,isc,,,,,,,,,
3716119,2001-05-27 10:19:02.900000+00:00,23.437,70.073,15.3,NDI,NDI,NDI,4580167,MD,3.8,NDI,Southern India,earthquake,isc_3716119,isc,,,,,,,,,
3716128,2001-05-29 00:43:21+00:00,23.609,70.324,15.0,NDI,NDI,NDI,4580173,MD,3.1,NDI,Southern India,earthquake,isc_3716128,isc,,,,,,,,,
3716137,2001-05-29 14:35:02.600000+00:00,23.313,70.444,15.0,NDI,NDI,NDI,4580179,MD,3.0,NDI,Southern India,earthquake,isc_3716137,isc,,,,,,,,,
3736316,2001-06-01 15:08:27.400000+00:00,23.262,70.91,20.4,NDI,NDI,NDI,4602632,ML,2.7,NDI,Southern India,earthquake,isc_3736316,isc,,,,,,,,,
3736339,2001-06-03 07:09:40.900000+00:00,23.387,70.377,15.0,NDI,NDI,NDI,4602653,ML,3.0,NDI,Southern India,earthquake,isc_3736339,isc,,,,,,,,,
3736341,2001-06-03 11:49:20.700000+00:00,23.082,70.459,15.0,NDI,NDI,NDI,4602654,ML,3.1,NDI,Southern India,earthquake,isc_3736341,isc,,,,,,,,,
3736351,2001-06-04 14:39:03.800000+00:00,23.514,70.202,15.0,NDI,NDI,NDI,4602662,MD,3.2,NDI,Southern India,earthquake,isc_3736351,isc,,,,,,,,,
3736357,2001-06-05 01:15:14.800000+00:00,23.455,70.141,5.0,NDI,NDI,NDI,4602667,ML,3.3,NDI,Southern India,earthquake,isc_3736357,isc,,,,,,,,,
3321491,2001-06-06 06:18:54.494000+00:00,23.1368,70.4949,20.0,ISC,ISC,ISC,4733887,MS,3.28,ISC,Southern India,earthquake,isc_3321491,isc,,,,,,,,,
3736369,2001-06-06 10:35:30.700000+00:00,23.434,70.169,8.1,NDI,NDI,NDI,4602677,ML,3.3,NDI,Southern India,earthquake,isc_3736369,isc,,,,,,,,,
3736371,2001-06-06 12:24:59.800000+00:00,23.081,70.219,19.2,NDI,NDI,NDI,4602678,ML,3.4,NDI,Southern India,earthquake,isc_3736371,isc,,,,,,,,,
3736377,2001-06-07 12:59:04.700000+00:00,23.482,70.144,5.1,NDI,NDI,NDI,4602683,ML,3.3,NDI,Southern India,earthquake,isc_3736377,isc,,,,,,,,,
3736396,2001-06-10 03:56:31.900000+00:00,23.092,70.371,5.0,NDI,NDI,NDI,4602698,ML,3.2,NDI,Southern India,earthquake,isc_3736396,isc,,,,,,,,,
3736398,2001-06-10 05:07:27.100000+00:00,23.034,70.006,38.7,NDI,NDI,NDI,4602699,ML,3.2,NDI,Southern India,earthquake,isc_3736398,isc,,,,,,,,,
3736402,2001-06-10 06:13:59.100000+00:00,23.452,70.221,12.4,NDI,NDI,NDI,4602701,ML,3.2,NDI,Southern India,earthquake,isc_3736402,isc,,,,,,,,,
3736405,2001-06-10 12:09:45.600000+00:00,23.312,70.458,5.0,NDI,NDI,NDI,4602703,MW,4.0,NDI,Southern India,earthquake,isc_3736405,isc,,,,,,,,,
3736412,2001-06-11 01:32:42.400000+00:00,23.445,70.23,15.0,NDI,NDI,NDI,4602709,ML,3.9,NDI,Southern India,earthquake,isc_3736412,isc,,,,,,,,,
3736441,2001-06-14 17:40:44.100000+00:00,23.458,70.141,10.7,NDI,NDI,NDI,4602741,ML,3.2,NDI,Southern India,earthquake,isc_3736441,isc,,,,,,,,,
3736443,2001-06-14 19:44:09+00:00,23.587,70.42,7.1,NDI,NDI,NDI,4602742,ML,3.2,NDI,Southern India,earthquake,isc_3736443,isc,,,,,,,,,
3736465,2001-06-17 12:14:44.100000+00:00,23.831,70.159,20.0,NDI,NDI,NDI,4602760,ML,3.1,NDI,Southern India,earthquake,isc_3736465,isc,,,,,,,,,
2056479,2001-06-17 16:02:29.893000+00:00,23.6431,70.2849,15.0,ISC,ISC,ISC,4734884,MS,3.98,ISC,Southern India,earthquake,isc_2056479,isc,,,,,,,,,
3736482,2001-06-19 19:14:28.600000+00:00,23.494,70.265,15.0,NDI,NDI,NDI,4602779,ML,3.9,NDI,Southern India,earthquake,isc_3736482,isc,,,,,,,,,
3736484,2001-06-19 20:37:22.100000+00:00,23.469,70.338,15.0,NDI,NDI,NDI,4602780,ML,3.2,NDI,Southern India,earthquake,isc_3736484,isc,,,,,,,,,
3736488,2001-06-20 02:40:51+00:00,23.634,70.018,15.0,NDI,NDI,NDI,4602783,ML,3.2,NDI,Southern India,earthquake,isc_3736488,isc,,,,,,,,,
3736491,2001-06-20 07:31:13.900000+00:00,23.78,70.225,15.0,NDI,NDI,NDI,4602786,ML,3.1,NDI,Southern India,earthquake,isc_3736491,isc,,,,,,,,,
3736495,2001-06-20 12:05:35.900000+00:00,23.418,70.527,15.0,NDI,NDI,NDI,4602790,ML,3.2,NDI,Southern India,earthquake,isc_3736495,isc,,,,,,,,,
3736498,2001-06-20 16:45:29.900000+00:00,23.567,70.009,33.0,NDI,NDI,NDI,4602793,ML,3.3,NDI,Southern India,earthquake,isc_3736498,isc,,,,,,,,,
3736504,2001-06-20 21:41:53.300000+00:00,23.45,70.087,15.0,NDI,NDI,NDI,4602798,ML,3.2,NDI,Southern India,earthquake,isc_3736504,isc,,,,,,,,,
3736513,2001-06-21 09:08:22.300000+00:00,23.467,70.224,5.0,NDI,NDI,NDI,4602803,ML,2.9,NDI,Southern India,earthquake,isc_3736513,isc,,,,,,,,,
1969608,2001-06-21 14:19:23.249000+00:00,23.0342,69.7264,16.4,ISC,ISC,ISC,4735195,mb,4.2,ISC,Southern India,earthquake,isc_1969608,isc,,,,,,,,,
3736519,2001-06-21 20:16:21.100000+00:00,23.273,70.334,10.0,NDI,NDI,NDI,4602809,ML,2.9,NDI,Southern India,earthquake,isc_3736519,isc,,,,,,,,,
3736521,2001-06-22 16:25:49.600000+00:00,23.596,70.464,15.0,NDI,NDI,NDI,4602810,ML,3.1,NDI,Southern India,earthquake,isc_3736521,isc,,,,,,,,,
3323037,2001-06-23 02:58:53.653000+00:00,23.4298,69.9639,15.0,ISC,ISC,ISC,4735317,mb,4.08,ISC,Southern India,earthquake,isc_3323037,isc,,,,,,,,,
3707240,2001-06-24 20:13:01.100000+00:00,23.399,70.289,8.7,NDI,NDI,NDI,4602837,ML,3.9,NDI,Southern India,earthquake,isc_3707240,isc,,,,,,,,,
3736551,2001-06-24 21:04:58.800000+00:00,23.442,70.437,5.0,NDI,NDI,NDI,4602838,ML,3.4,NDI,Southern India,earthquake,isc_3736551,isc,,,,,,,,,
3736556,2001-06-25 16:14:21.500000+00:00,23.459,70.353,15.0,NDI,NDI,NDI,4602842,ML,2.9,NDI,Southern India,earthquake,isc_3736556,isc,,,,,,,,,
3736558,2001-06-25 18:24:43.100000+00:00,23.388,70.47,15.0,NDI,NDI,NDI,4602843,ML,2.9,NDI,Southern India,earthquake,isc_3736558,isc,,,,,,,,,
3736563,2001-06-25 23:53:39.200000+00:00,23.558,70.32,15.0,NDI,NDI,NDI,4602848,ML,3.1,NDI,Southern India,earthquake,isc_3736563,isc,,,,,,,,,
3736593,2001-06-29 22:43:34+00:00,23.126,70.015,5.0,NDI,NDI,NDI,4602871,ML,3.6,NDI,Southern India,earthquake,isc_3736593,isc,,,,,,,,,
1906276,2001-06-30 20:19:52.169000+00:00,23.3311,70.1975,23.5,ISC,ISC,ISC,4736242,MW,4.3,NDI,Southern India,earthquake,isc_1906276,isc,,,,,,,,,
3159984,2001-07-04 02:15:16.596000+00:00,23.2889,70.4174,20.0,ISC,ISC,ISC,4749895,mb,4.12,ISC,Southern India,earthquake,isc_3159984,isc,,,,,,,,,
3871641,2001-07-06 22:47:04.600000+00:00,23.355,70.402,5.0,NDI,NDI,NDI,4693006,ML,2.9,NDI,Southern India,earthquake,isc_3871641,isc,,,,,,,,,
3871645,2001-07-07 03:00:35.100000+00:00,23.362,70.355,6.4,NDI,NDI,NDI,4693008,ML,2.4,NDI,Southern India,earthquake,isc_3871645,isc,,,,,,,,,
3871651,2001-07-07 16:11:38.300000+00:00,23.5,70.023,10.3,NDI,NDI,NDI,4693013,ML,3.2,NDI,Southern India,earthquake,isc_3871651,isc,,,,,,,,,
3871654,2001-07-08 02:05:15.200000+00:00,23.081,70.201,2.0,NDI,NDI,NDI,4693016,ML,3.1,NDI,Southern India,earthquake,isc_3871654,isc,,,,,,,,,
3871659,2001-07-08 11:44:48+00:00,23.208,70.321,2.0,NDI,NDI,NDI,4693020,ML,3.0,NDI,Southern India,earthquake,isc_3871659,isc,,,,,,,,,
3871665,2001-07-09 07:55:10.100000+00:00,23.37,70.334,14.0,NDI,NDI,NDI,4693024,ML,3.6,NDI,Southern India,earthquake,isc_3871665,isc,,,,,,,,,
3871677,2001-07-11 04:05:17+00:00,23.445,70.453,5.0,NDI,NDI,NDI,4693035,ML,3.4,NDI,Southern India,earthquake,isc_3871677,isc,,,,,,,,,
3871680,2001-07-11 19:20:05.600000+00:00,23.472,70.354,5.0,NDI,NDI,NDI,4693038,ML,2.8,NDI,Southern India,earthquake,isc_3871680,isc,,,,,,,,,
3325427,2001-07-11 22:37:32.437000+00:00,23.6993,70.5165,15.0,ISC,ISC,ISC,4750578,mb,3.9,ISC,Southern India,earthquake,isc_3325427,isc,,,,,,,,,
3325436,2001-07-12 02:03:27.277000+00:00,23.5743,69.9751,15.0,ISC,ISC,ISC,4750588,mb,3.85,ISC,Southern India,earthquake,isc_3325436,isc,,,,,,,,,
3871687,2001-07-13 00:51:11.200000+00:00,23.307,70.328,15.0,NDI,NDI,NDI,4693047,ML,3.3,NDI,Southern India,earthquake,isc_3871687,isc,,,,,,,,,
3871700,2001-07-14 11:52:29.800000+00:00,23.965,70.122,20.0,NDI,NDI,NDI,4693056,ML,2.8,NDI,Southern India,earthquake,isc_3871700,isc,,,,,,,,,
3871702,2001-07-14 12:56:09.400000+00:00,23.559,70.312,5.0,NDI,NDI,NDI,4693057,ML,3.0,NDI,Southern India,earthquake,isc_3871702,isc,,,,,,,,,
2977109,2001-07-15 00:04:24.831000+00:00,23.3993,70.8642,10.0,ISC,ISC,ISC,4750788,MW,3.9,NDI,Southern India,earthquake,isc_2977109,isc,,,,,,,,,
3871710,2001-07-15 00:11:27.800000+00:00,23.774,70.378,5.0,NDI,NDI,NDI,4693064,ML,3.2,NDI,Southern India,earthquake,isc_3871710,isc,,,,,,,,,
3871733,2001-07-18 18:07:23+00:00,23.728,70.279,5.0,NDI,NDI,NDI,4693092,ML,3.2,NDI,Southern India,earthquake,isc_3871733,isc,,,,,,,,,
3871738,2001-07-19 06:28:50.400000+00:00,23.502,70.384,7.8,NDI,NDI,NDI,4693096,ML,2.8,NDI,Southern India,earthquake,isc_3871738,isc,,,,,,,,,
3871740,2001-07-19 07:04:28.600000+00:00,23.998,70.065,41.6,NDI,NDI,NDI,4693097,ML,3.4,NDI,Southern India,earthquake,isc_3871740,isc,,,,,,,,,
3871743,2001-07-19 16:12:24.300000+00:00,23.224,70.502,20.4,NDI,NDI,NDI,4693099,ML,3.2,NDI,Southern India,earthquake,isc_3871743,isc,,,,,,,,,
3871755,2001-07-21 05:47:02.200000+00:00,23.426,70.347,15.0,NDI,NDI,NDI,4693110,ML,3.1,NDI,Southern India,earthquake,isc_3871755,isc,,,,,,,,,
3871759,2001-07-21 19:25:52.200000+00:00,23.606,70.311,33.0,NDI,NDI,NDI,4693112,ML,3.2,NDI,Southern India,earthquake,isc_3871759,isc,,,,,,,,,
3326627,2001-07-26 11:37:03.427000+00:00,23.6508,70.4881,35.0,ISC,ISC,ISC,4751642,MW,4.0,NDI,Southern India,earthquake,isc_3326627,isc,,,,,,,,,
3871820,2001-07-29 03:41:41.100000+00:00,23.414,70.275,15.0,NDI,NDI,NDI,4693164,ML,3.0,NDI,Southern India,earthquake,isc_3871820,isc,,,,,,,,,
3871831,2001-07-30 14:57:01.800000+00:00,23.52,70.103,15.0,NDI,NDI,NDI,4693171,ML,3.3,NDI,Southern India,earthquake,isc_3871831,isc,,,,,,,,,
3871834,2001-07-30 22:55:08+00:00,23.602,70.203,15.0,NDI,NDI,NDI,4693173,ML,3.2,NDI,Southern India,earthquake,isc_3871834,isc,,,,,,,,,
2974879,2001-08-01 06:20:08.482000+00:00,23.6356,70.582,15.0,ISC,ISC,ISC,4772918,mb,4.0,ISC,Southern India,earthquake,isc_2974879,isc,,,,,,,,,
3954536,2001-08-02 03:36:03.200000+00:00,23.547,70.318,16.2,NDI,NDI,NDI,4741804,ML,3.2,NDI,Southern India,earthquake,isc_3954536,isc,,,,,,,,,
2057666,2001-08-03 04:24:23.291000+00:00,23.4942,70.2416,15.0,ISC,ISC,ISC,4773081,MW,4.1,NDI,Southern India,earthquake,isc_2057666,isc,,,,,,,,,
1955359,2001-08-04 11:24:39.345000+00:00,23.4181,70.4574,24.0,ISC,ISC,ISC,4773183,mb,4.23,ISC,Southern India,earthquake,isc_1955359,isc,,,,,,,,,
3954568,2001-08-05 15:51:42.800000+00:00,23.538,70.176,2.4,NDI,NDI,NDI,4741833,ML,2.9,NDI,Southern India,earthquake,isc_3954568,isc,,,,,,,,,
3954582,2001-08-07 03:58:12.300000+00:00,23.454,70.355,22.8,NDI,NDI,NDI,4741846,ML,2.9,NDI,Southern India,earthquake,isc_3954582,isc,,,,,,,,,
3954585,2001-08-07 11:14:53.600000+00:00,22.885,70.97,4.8,NDI,NDI,NDI,4741849,ML,3.2,NDI,Southern India,earthquake,isc_3954585,isc,,,,,,,,,
3954594,2001-08-07 23:21:03.600000+00:00,23.466,70.386,23.2,NDI,NDI,NDI,4741857,ML,2.7,NDI,Southern India,earthquake,isc_3954594,isc,,,,,,,,,
3954599,2001-08-08 23:03:07+00:00,23.463,70.274,18.9,NDI,NDI,NDI,4741860,ML,3.2,NDI,Southern India,earthquake,isc_3954599,isc,,,,,,,,,
3327980,2001-08-08 23:47:18.897000+00:00,23.4976,70.394,15.0,ISC,ISC,ISC,4773570,mb,3.9,ISC,Southern India,earthquake,isc_3327980,isc,,,,,,,,,
3954619,2001-08-10 16:59:03.400000+00:00,23.365,70.215,19.8,NDI,NDI,NDI,4741881,ML,3.1,NDI,Southern India,earthquake,isc_3954619,isc,,,,,,,,,
3954645,2001-08-13 18:12:38.600000+00:00,23.526,70.434,20.4,NDI,NDI,NDI,4741905,ML,2.8,NDI,Southern India,earthquake,isc_3954645,isc,,,,,,,,,
3954649,2001-08-14 09:14:27.700000+00:00,23.247,70.468,33.0,NDI,NDI,NDI,4741908,ML,2.9,NDI,Southern India,earthquake,isc_3954649,isc,,,,,,,,,
3954658,2001-08-15 16:09:42.100000+00:00,23.662,70.135,5.0,NDI,NDI,NDI,4741917,ML,3.1,NDI,Southern India,earthquake,isc_3954658,isc,,,,,,,,,
3954674,2001-08-18 13:21:25.300000+00:00,23.481,70.207,16.3,NDI,NDI,NDI,4741932,ML,3.1,NDI,Southern India,earthquake,isc_3954674,isc,,,,,,,,,
3954677,2001-08-19 15:43:36.100000+00:00,23.627,70.21,11.0,NDI,NDI,NDI,4741935,ML,3.1,NDI,Southern India,earthquake,isc_3954677,isc,,,,,,,,,
3954682,2001-08-20 06:43:51.900000+00:00,23.28,70.301,16.6,NDI,NDI,NDI,4741938,ML,3.4,NDI,Southern India,earthquake,isc_3954682,isc,,,,,,,,,
3954686,2001-08-20 11:20:33+00:00,23.559,70.475,15.0,NDI,NDI,NDI,4741940,ML,3.3,NDI,Southern India,earthquake,isc_3954686,isc,,,,,,,,,
3329267,2001-08-24 12:33:04.359000+00:00,23.2255,70.4594,10.0,ISC,ISC,ISC,4774891,mb,4.09,ISC,Southern India,earthquake,isc_3329267,isc,,,,,,,,,
3954713,2001-08-24 19:13:03.300000+00:00,23.254,70.548,15.0,NDI,NDI,NDI,4741964,ML,3.1,NDI,Southern India,earthquake,isc_3954713,isc,,,,,,,,,
3954728,2001-08-25 21:46:22.400000+00:00,23.542,70.142,15.0,NDI,NDI,NDI,4741978,ML,3.2,NDI,Southern India,earthquake,isc_3954728,isc,,,,,,,,,
3954730,2001-08-25 23:11:06.900000+00:00,23.604,70.406,15.0,NDI,NDI,NDI,4741979,ML,3.0,NDI,Southern India,earthquake,isc_3954730,isc,,,,,,,,,
3954743,2001-08-26 16:25:27.100000+00:00,23.463,70.472,27.6,NDI,NDI,NDI,4741987,ML,2.9,NDI,Southern India,earthquake,isc_3954743,isc,,,,,,,,,
3954759,2001-08-27 20:55:44.200000+00:00,23.534,70.116,6.9,NDI,NDI,NDI,4742004,ML,2.9,NDI,Southern India,earthquake,isc_3954759,isc,,,,,,,,,
3954774,2001-08-28 15:43:13.600000+00:00,23.753,70.352,5.0,NDI,NDI,NDI,4742016,ML,3.1,NDI,Southern India,earthquake,isc_3954774,isc,,,,,,,,,
3964901,2001-09-01 19:26:42.800000+00:00,23.559,70.223,15.0,NDI,NDI,NDI,4752568,ML,3.0,NDI,Southern India,earthquake,isc_3964901,isc,,,,,,,,,
3964912,2001-09-02 14:06:52.700000+00:00,23.479,70.104,9.4,NDI,NDI,NDI,4752579,ML,3.1,NDI,Southern India,earthquake,isc_3964912,isc,,,,,,,,,
3964931,2001-09-04 18:05:12.200000+00:00,23.457,70.353,15.0,NDI,NDI,NDI,4752597,ML,3.4,NDI,Southern India,earthquake,isc_3964931,isc,,,,,,,,,
3964942,2001-09-06 05:22:14.900000+00:00,23.551,70.357,14.4,NDI,NDI,NDI,4752611,ML,3.2,NDI,Southern India,earthquake,isc_3964942,isc,,,,,,,,,
3964946,2001-09-08 14:25:14.600000+00:00,23.477,70.278,15.0,NDI,NDI,NDI,4752614,ML,3.0,NDI,Southern India,earthquake,isc_3964946,isc,,,,,,,,,
3964968,2001-09-10 06:19:36.600000+00:00,23.44,70.183,15.0,NDI,NDI,NDI,4752630,ML,3.3,NDI,Southern India,earthquake,isc_3964968,isc,,,,,,,,,
3964976,2001-09-10 13:13:31.800000+00:00,23.435,70.362,18.6,NDI,NDI,NDI,4752636,ML,3.4,NDI,Southern India,earthquake,isc_3964976,isc,,,,,,,,,
3964978,2001-09-10 15:41:16.400000+00:00,23.421,70.213,23.9,NDI,NDI,NDI,4752637,ML,3.2,NDI,Southern India,earthquake,isc_3964978,isc,,,,,,,,,
3964991,2001-09-11 22:17:31.500000+00:00,23.354,70.239,33.0,NDI,NDI,NDI,4752646,ML,3.0,NDI,Southern India,earthquake,isc_3964991,isc,,,,,,,,,
3964993,2001-09-11 23:41:14.400000+00:00,23.37,70.4,15.0,NDI,NDI,NDI,4752647,ML,3.7,NDI,Southern India,earthquake,isc_3964993,isc,,,,,,,,,
3964995,2001-09-12 01:40:51.300000+00:00,23.494,70.342,15.0,NDI,NDI,NDI,4752648,ML,3.4,NDI,Southern India,earthquake,isc_3964995,isc,,,,,,,,,
3965008,2001-09-12 18:14:37.200000+00:00,23.429,70.178,22.8,NDI,NDI,NDI,4752669,ML,3.4,NDI,Southern India,earthquake,isc_3965008,isc,,,,,,,,,
3965025,2001-09-14 05:48:16.900000+00:00,23.787,70.86,8.6,NDI,NDI,NDI,4752687,ML,3.1,NDI,Southern India,earthquake,isc_3965025,isc,,,,,,,,,
3965035,2001-09-14 23:30:56.800000+00:00,23.411,70.172,11.2,NDI,NDI,NDI,4752698,ML,3.0,NDI,Southern India,earthquake,isc_3965035,isc,,,,,,,,,
3965039,2001-09-15 08:47:48.800000+00:00,23.481,70.176,20.4,NDI,NDI,NDI,4752701,ML,3.3,NDI,Southern India,earthquake,isc_3965039,isc,,,,,,,,,
3965043,2001-09-15 09:54:00.400000+00:00,23.625,70.28,5.0,NDI,NDI,NDI,4752703,ML,3.0,NDI,Southern India,earthquake,isc_3965043,isc,,,,,,,,,
3965045,2001-09-15 13:56:15.900000+00:00,23.516,70.466,15.0,NDI,NDI,NDI,4752704,ML,3.3,NDI,Southern India,earthquake,isc_3965045,isc,,,,,,,,,
3965048,2001-09-15 18:55:05.100000+00:00,23.55,70.332,5.0,NDI,NDI,NDI,4752706,ML,3.1,NDI,Southern India,earthquake,isc_3965048,isc,,,,,,,,,
3965056,2001-09-16 07:52:52.900000+00:00,23.515,70.081,13.5,NDI,NDI,NDI,4752730,ML,3.4,NDI,Southern India,earthquake,isc_3965056,isc,,,,,,,,,
3965076,2001-09-19 14:36:10.600000+00:00,23.503,70.125,15.0,NDI,NDI,NDI,4752754,ML,2.9,NDI,Southern India,earthquake,isc_3965076,isc,,,,,,,,,
2109678,2001-09-20 13:34:31.968000+00:00,23.5019,70.4473,16.0,ISC,ISC,ISC,4846697,MS,3.65,ISC,Southern India,earthquake,isc_2109678,isc,,,,,,,,,
2975701,2001-09-21 02:40:39.835000+00:00,23.4589,70.153,15.0,ISC,ISC,ISC,4846732,MS,3.39,ISC,Southern India,earthquake,isc_2975701,isc,,,,,,,,,
3965107,2001-09-22 21:07:02+00:00,23.641,70.625,29.4,NDI,NDI,NDI,4752778,ML,2.7,NDI,Southern India,earthquake,isc_3965107,isc,,,,,,,,,
3965116,2001-09-24 15:17:30.200000+00:00,23.537,70.31,6.5,NDI,NDI,NDI,4752790,ML,3.1,NDI,Southern India,earthquake,isc_3965116,isc,,,,,,,,,
3965137,2001-09-26 04:32:56.800000+00:00,23.334,70.445,20.4,NDI,NDI,NDI,4752806,ML,3.2,NDI,Southern India,earthquake,isc_3965137,isc,,,,,,,,,
3965194,2001-09-30 12:51:29.600000+00:00,23.592,70.357,10.6,NDI,NDI,NDI,4752854,ML,3.0,NDI,Southern India,earthquake,isc_3965194,isc,,,,,,,,,
3965196,2001-09-30 18:43:38.800000+00:00,23.723,70.396,15.6,NDI,NDI,NDI,4752855,ML,3.0,NDI,Southern India,earthquake,isc_3965196,isc,,,,,,,,,
3333140,2001-10-03 00:48:06.535000+00:00,23.2694,70.2778,26.6,ISC,ISC,ISC,5201564,MW,3.8,NDI,Southern India,earthquake,isc_3333140,isc,,,,,,,,,
3333170,2001-10-03 09:00:40.152000+00:00,23.528,70.2267,15.0,ISC,ISC,ISC,5201593,MW,4.1,NDI,Southern India,earthquake,isc_3333170,isc,,,,,,,,,
3975329,2001-10-05 12:02:11.200000+00:00,23.536,70.665,20.0,NDI,NDI,NDI,4760256,ML,2.8,NDI,Southern India,earthquake,isc_3975329,isc,,,,,,,,,
3975348,2001-10-08 00:52:34.200000+00:00,23.535,70.495,5.0,NDI,NDI,NDI,4760269,ML,3.4,NDI,Southern India,earthquake,isc_3975348,isc,,,,,,,,,
3975396,2001-10-14 08:42:34.100000+00:00,23.492,70.209,10.0,NDI,NDI,NDI,4760304,MW,3.4,NDI,Southern India,earthquake,isc_3975396,isc,,,,,,,,,
3975407,2001-10-14 19:57:11.500000+00:00,23.557,70.261,5.0,NDI,NDI,NDI,4760311,ML,3.5,NDI,Southern India,earthquake,isc_3975407,isc,,,,,,,,,
3975414,2001-10-15 12:41:42.400000+00:00,24.226,70.784,5.2,NDI,NDI,NDI,4760317,ML,3.3,NDI,India-Pakistan border region,earthquake,isc_3975414,isc,,,,,,,,,
3975456,2001-10-19 16:49:01.400000+00:00,23.572,70.266,11.6,NDI,NDI,NDI,4760370,ML,2.9,NDI,Southern India,earthquake,isc_3975456,isc,,,,,,,,,
3975474,2001-10-21 00:47:32.600000+00:00,23.229,70.447,11.3,NDI,NDI,NDI,4760386,ML,2.9,NDI,Southern India,earthquake,isc_3975474,isc,,,,,,,,,
3334753,2001-10-21 08:31:55.816000+00:00,23.4131,70.5725,15.0,ISC,ISC,ISC,5203209,mb,3.65,ISC,Southern India,earthquake,isc_3334753,isc,,,,,,,,,
3975530,2001-10-27 01:07:16.300000+00:00,23.573,70.268,13.3,NDI,NDI,NDI,4760432,ML,3.0,NDI,Southern India,earthquake,isc_3975530,isc,,,,,,,,,
3975540,2001-10-27 15:54:57.400000+00:00,23.386,70.188,30.7,NDI,NDI,NDI,4760440,MW,3.4,NDI,Southern India,earthquake,isc_3975540,isc,,,,,,,,,
3975562,2001-10-29 00:57:23.200000+00:00,23.332,70.137,31.2,NDI,NDI,NDI,4760460,ML,3.1,NDI,Southern India,earthquake,isc_3975562,isc,,,,,,,,,
2976322,2001-10-29 18:11:11.505000+00:00,23.6776,70.0615,35.0,ISC,ISC,ISC,5203941,MS,3.97,ISC,Southern India,earthquake,isc_2976322,isc,,,,,,,,,
3975572,2001-10-29 22:46:53.900000+00:00,23.41,70.26,33.0,NDI,NDI,NDI,4760470,ML,3.2,NDI,Southern India,earthquake,isc_3975572,isc,,,,,,,,,
2428911,2001-10-31 09:17:49.012000+00:00,23.6742,70.0513,15.0,ISC,ISC,ISC,5204081,mb,4.44,ISC,Southern India,earthquake,isc_2428911,isc,,,,,,,,,
4089810,2001-11-02 05:15:51.300000+00:00,23.452,70.335,15.0,NDI,NDI,NDI,4843216,ML,2.8,NDI,Southern India,earthquake,isc_4089810,isc,,,,,,,,,
4089816,2001-11-02 19:54:28.200000+00:00,23.529,70.084,5.0,NDI,NDI,NDI,4843221,ML,3.0,NDI,Southern India,earthquake,isc_4089816,isc,,,,,,,,,
4089886,2001-11-09 08:40:04.800000+00:00,24.016,71.119,5.0,NDI,NDI,NDI,4843264,ML,2.9,NDI,Northern India,earthquake,isc_4089886,isc,,,,,,,,,
4089904,2001-11-11 03:23:56.600000+00:00,23.521,70.236,1.4,NDI,NDI,NDI,4843278,ML,2.8,NDI,Southern India,earthquake,isc_4089904,isc,,,,,,,,,
4089931,2001-11-12 22:22:44.400000+00:00,23.444,70.306,21.6,NDI,NDI,NDI,4843295,ML,2.7,NDI,Southern India,earthquake,isc_4089931,isc,,,,,,,,,
4089964,2001-11-14 18:55:00.200000+00:00,23.449,70.125,22.0,NDI,NDI,NDI,4843333,ML,3.4,NDI,Southern India,earthquake,isc_4089964,isc,,,,,,,,,
4089988,2001-11-16 22:12:51.300000+00:00,23.442,70.313,15.0,NDI,NDI,NDI,4843356,ML,2.9,NDI,Southern India,earthquake,isc_4089988,isc,,,,,,,,,
4089990,2001-11-17 08:23:16.500000+00:00,23.663,70.113,15.0,NDI,NDI,NDI,4843357,ML,3.1,NDI,Southern India,earthquake,isc_4089990,isc,,,,,,,,,
2932596,2001-11-17 20:31:04.955000+00:00,23.6513,70.165,15.0,ISC,ISC,ISC,5250082,mb,4.3,ISC,Southern India,earthquake,isc_2932596,isc,,,,,,,,,
4090009,2001-11-20 07:44:51.700000+00:00,23.567,70.956,10.0,NDI,NDI,NDI,4843379,ML,3.3,NDI,Southern India,earthquake,isc_4090009,isc,,,,,,,,,
4090016,2001-11-21 07:29:57.900000+00:00,23.391,70.26,20.3,NDI,NDI,NDI,4843384,ML,3.0,NDI,Southern India,earthquake,isc_4090016,isc,,,,,,,,,
4090018,2001-11-21 10:06:44.600000+00:00,23.501,70.074,10.0,NDI,NDI,NDI,4843385,ML,2.7,NDI,Southern India,earthquake,isc_4090018,isc,,,,,,,,,
4090028,2001-11-22 03:15:12.500000+00:00,23.194,70.445,15.0,NDI,NDI,NDI,4843394,ML,3.0,NDI,Southern India,earthquake,isc_4090028,isc,,,,,,,,,
4090034,2001-11-23 09:54:49.100000+00:00,23.281,70.45,20.0,NDI,NDI,NDI,4843400,ML,2.9,NDI,Southern India,earthquake,isc_4090034,isc,,,,,,,,,
2727540,2001-11-24 02:42:41.663000+00:00,23.593,70.5727,15.0,ISC,ISC,ISC,5250584,MW,4.1,NDI,Southern India,earthquake,isc_2727540,isc,,,,,,,,,
4090064,2001-11-27 19:48:38.400000+00:00,23.536,70.182,5.0,NDI,NDI,NDI,4843438,ML,3.1,NDI,Southern India,earthquake,isc_4090064,isc,,,,,,,,,
4090068,2001-11-28 08:05:57.300000+00:00,23.438,70.408,20.0,NDI,NDI,NDI,4843440,ML,3.0,NDI,Southern India,earthquake,isc_4090068,isc,,,,,,,,,
2764403,2001-12-01 22:03:26.451000+00:00,23.3602,70.2269,22.9,ISC,ISC,ISC,5280980,MW,4.4,NDI,Southern India,earthquake,isc_2764403,isc,,,,,,,,,
4176524,2001-12-03 06:29:02.500000+00:00,23.435,70.011,18.5,NDI,NDI,NDI,4907959,ML,3.5,NDI,Southern India,earthquake,isc_4176524,isc,,,,,,,,,
4176527,2001-12-03 08:36:09.600000+00:00,23.409,70.043,5.0,NDI,NDI,NDI,4907962,ML,3.4,NDI,Southern India,earthquake,isc_4176527,isc,,,,,,,,,
4176533,2001-12-03 20:05:04.100000+00:00,23.436,70.371,10.0,NDI,NDI,NDI,4907966,ML,3.1,NDI,Southern India,earthquake,isc_4176533,isc,,,,,,,,,
4176552,2001-12-07 18:09:43.700000+00:00,23.418,70.316,27.0,NDI,NDI,NDI,4907986,ML,3.1,NDI,Southern India,earthquake,isc_4176552,isc,,,,,,,,,
4176583,2001-12-11 14:02:34.800000+00:00,23.094,70.476,15.0,NDI,NDI,NDI,4908015,ML,3.0,NDI,Southern India,earthquake,isc_4176583,isc,,,,,,,,,
2974469,2001-12-12 15:00:20.164000+00:00,23.6098,70.4988,15.0,ISC,ISC,ISC,5281952,mb,3.91,ISC,Southern India,earthquake,isc_2974469,isc,,,,,,,,,
4176595,2001-12-12 17:13:40.400000+00:00,23.18,70.339,15.0,NDI,NDI,NDI,4908027,ML,3.2,NDI,Southern India,earthquake,isc_4176595,isc,,,,,,,,,
4176609,2001-12-13 20:09:33+00:00,23.473,70.316,19.6,NDI,NDI,NDI,4908040,ML,3.0,NDI,Southern India,earthquake,isc_4176609,isc,,,,,,,,,
4176620,2001-12-15 11:53:32.200000+00:00,23.535,70.36,15.0,NDI,NDI,NDI,4908049,ML,3.0,NDI,Southern India,earthquake,isc_4176620,isc,,,,,,,,,
4176634,2001-12-16 18:38:21.400000+00:00,23.414,70.34,22.7,NDI,NDI,NDI,4908063,ML,3.0,NDI,Southern India,earthquake,isc_4176634,isc,,,,,,,,,
4176640,2001-12-17 07:44:00.200000+00:00,23.633,70.746,15.0,NDI,NDI,NDI,4908068,ML,3.2,NDI,Southern India,earthquake,isc_4176640,isc,,,,,,,,,
4176660,2001-12-20 23:20:13.100000+00:00,23.543,70.05,23.0,NDI,NDI,NDI,4908089,ML,3.1,NDI,Southern India,earthquake,isc_4176660,isc,,,,,,,,,
2974659,2001-12-21 17:33:21.913000+00:00,23.5996,70.0837,15.0,ISC,ISC,ISC,5283031,MS,4.08,ISC,Southern India,earthquake,isc_2974659,isc,,,,,,,,,
4176689,2001-12-24 07:18:49.800000+00:00,23.388,70.213,5.0,NDI,NDI,NDI,4908121,ML,3.3,NDI,Southern India,earthquake,isc_4176689,isc,,,,,,,,,
4176727,2001-12-28 03:53:51.700000+00:00,23.491,70.46,20.4,NDI,NDI,NDI,4908153,ML,3.1,NDI,Southern India,earthquake,isc_4176727,isc,,,,,,,,,
4495821,2002-01-04 13:13:05.300000+00:00,23.566,70.082,5.0,NDI,NDI,NDI,5077818,ML,3.5,NDI,Southern India,earthquake,isc_4495821,isc,,,,,,,,,
2708512,2002-01-09 23:52:44.274000+00:00,23.5634,70.4288,15.0,ISC,ISC,ISC,5342017,MS,3.72,ISC,Southern India,earthquake,isc_2708512,isc,,,,,,,,,
4495951,2002-01-17 05:46:20.500000+00:00,23.729,70.081,10.0,NDI,NDI,NDI,5077931,ML,3.4,NDI,Southern India,earthquake,isc_4495951,isc,,,,,,,,,
4495953,2002-01-17 11:43:57.800000+00:00,23.975,70.041,5.0,NDI,NDI,NDI,5077932,MD,3.2,NDI,Southern India,earthquake,isc_4495953,isc,,,,,,,,,
2970459,2002-01-18 13:44:50.885000+00:00,23.452,70.2721,15.9,ISC,ISC,ISC,5342829,mb,4.23,ISC,Southern India,earthquake,isc_2970459,isc,,,,,,,,,
4495967,2002-01-19 18:17:33.300000+00:00,23.451,70.207,15.0,NDI,NDI,NDI,5077944,ML,2.7,NDI,Southern India,earthquake,isc_4495967,isc,,,,,,,,,
4496014,2002-01-23 16:34:45+00:00,23.649,70.367,11.9,NDI,NDI,NDI,5077980,ML,2.9,NDI,Southern India,earthquake,isc_4496014,isc,,,,,,,,,
4496035,2002-01-26 16:16:30.800000+00:00,23.5,70.484,3.5,NDI,NDI,NDI,5077999,ML,3.5,NDI,Southern India,earthquake,isc_4496035,isc,,,,,,,,,
4496049,2002-01-27 23:04:04.300000+00:00,23.918,70.12,18.7,NDI,NDI,NDI,5078011,ML,3.5,NDI,Southern India,earthquake,isc_4496049,isc,,,,,,,,,
4496051,2002-01-28 02:36:53.200000+00:00,23.636,70.164,18.5,NDI,NDI,NDI,5078012,ML,3.3,NDI,Southern India,earthquake,isc_4496051,isc,,,,,,,,,
4496071,2002-01-29 10:48:55.400000+00:00,23.514,70.064,10.0,NDI,NDI,NDI,5078024,ML,3.1,NDI,Southern India,earthquake,isc_4496071,isc,,,,,,,,,
4496074,2002-01-29 17:42:03.200000+00:00,23.413,71.31,10.0,NDI,NDI,NDI,5078027,ML,3.2,NDI,Southern India,earthquake,isc_4496074,isc,,,,,,,,,
4496093,2002-01-31 15:31:01.300000+00:00,23.556,70.296,12.0,NDI,NDI,NDI,5078043,ML,3.2,NDI,Southern India,earthquake,isc_4496093,isc,,,,,,,,,
4626697,2002-02-02 21:37:55.100000+00:00,23.487,70.228,10.0,NDI,NDI,NDI,5163524,MW,3.4,NDI,Southern India,earthquake,isc_4626697,isc,,,,,,,,,
4626719,2002-02-05 13:40:16.400000+00:00,23.532,70.461,20.0,NDI,NDI,NDI,5163546,ML,2.9,NDI,Southern India,earthquake,isc_4626719,isc,,,,,,,,,
4626744,2002-02-08 04:10:49.800000+00:00,23.545,70.402,30.0,NDI,NDI,NDI,5163571,ML,3.0,NDI,Southern India,earthquake,isc_4626744,isc,,,,,,,,,
4626834,2002-02-13 05:24:50+00:00,23.657,70.07,5.0,NDI,NDI,NDI,5163635,ML,3.1,NDI,Southern India,earthquake,isc_4626834,isc,,,,,,,,,
4626864,2002-02-15 20:51:22.200000+00:00,23.432,70.362,33.0,NDI,NDI,NDI,5163656,MW,3.6,NDI,Southern India,earthquake,isc_4626864,isc,,,,,,,,,
3187572,2002-02-16 13:12:07.461000+00:00,23.7788,70.8523,35.0,ISC,ISC,ISC,5396045,mb,3.58,ISC,Southern India,earthquake,isc_3187572,isc,,,,,,,,,
4626882,2002-02-16 14:44:32.700000+00:00,23.802,70.742,5.0,NDI,NDI,NDI,5163667,ML,3.2,NDI,Southern India,earthquake,isc_4626882,isc,,,,,,,,,
4626903,2002-02-18 03:58:01.900000+00:00,23.579,70.116,5.0,NDI,NDI,NDI,5163684,ML,3.9,NDI,Southern India,earthquake,isc_4626903,isc,,,,,,,,,
4626905,2002-02-18 05:17:35.300000+00:00,23.57,70.108,5.0,NDI,NDI,NDI,5163685,ML,3.3,NDI,Southern India,earthquake,isc_4626905,isc,,,,,,,,,
3753782,2002-02-20 04:57:36.762000+00:00,23.6129,70.1196,15.0,ISC,ISC,ISC,5396342,mb,4.0,ISC,Southern India,earthquake,isc_3753782,isc,,,,,,,,,
4626946,2002-02-21 22:54:20.800000+00:00,23.491,70.332,38.0,NDI,NDI,NDI,5163715,ML,2.9,NDI,Southern India,earthquake,isc_4626946,isc,,,,,,,,,
4626948,2002-02-21 23:41:59.300000+00:00,23.488,70.354,20.0,NDI,NDI,NDI,5163716,ML,3.0,NDI,Southern India,earthquake,isc_4626948,isc,,,,,,,,,
4626954,2002-02-22 15:11:36.700000+00:00,23.467,70.235,20.0,NDI,NDI,NDI,5163723,ML,3.0,NDI,Southern India,earthquake,isc_4626954,isc,,,,,,,,,
4747074,2002-03-02 04:21:03.500000+00:00,23.644,70.479,12.6,NDI,NDI,NDI,5254100,MW,3.7,NDI,Southern India,earthquake,isc_4747074,isc,,,,,,,,,
4747175,2002-03-05 10:24:02.200000+00:00,23.4,70.029,18.4,NDI,NDI,NDI,5254181,MW,3.4,NDI,Southern India,earthquake,isc_4747175,isc,,,,,,,,,
4747195,2002-03-05 14:52:05.300000+00:00,23.587,70.402,15.0,NDI,NDI,NDI,5254189,ML,2.9,NDI,Southern India,earthquake,isc_4747195,isc,,,,,,,,,
4747234,2002-03-07 07:18:55.300000+00:00,23.383,70.351,24.7,NDI,NDI,NDI,5254246,ML,3.1,NDI,Southern India,earthquake,isc_4747234,isc,,,,,,,,,
4747254,2002-03-09 11:53:24.200000+00:00,23.386,70.201,23.3,NDI,NDI,NDI,5254260,ML,3.3,NDI,Southern India,earthquake,isc_4747254,isc,,,,,,,,,
4747285,2002-03-13 23:47:47.700000+00:00,23.773,70.707,9.7,NDI,NDI,NDI,5254318,ML,3.1,NDI,Southern India,earthquake,isc_4747285,isc,,,,,,,,,
4747334,2002-03-16 10:32:11+00:00,23.489,70.373,19.8,NDI,NDI,NDI,5254380,ML,3.1,NDI,Southern India,earthquake,isc_4747334,isc,,,,,,,,,
4747458,2002-03-20 03:37:30.500000+00:00,23.511,70.083,4.1,NDI,NDI,NDI,5254525,ML,3.1,NDI,Southern India,earthquake,isc_4747458,isc,,,,,,,,,
4747549,2002-03-24 05:35:00+00:00,23.444,70.374,23.8,NDI,NDI,NDI,5254619,ML,3.4,NDI,Southern India,earthquake,isc_4747549,isc,,,,,,,,,
4747585,2002-03-26 18:03:36.300000+00:00,23.575,70.257,10.0,NDI,NDI,NDI,5254655,ML,3.3,NDI,Southern India,earthquake,isc_4747585,isc,,,,,,,,,
4747617,2002-03-27 15:27:16.300000+00:00,23.46,70.214,10.0,NDI,NDI,NDI,5254691,ML,3.1,NDI,Southern India,earthquake,isc_4747617,isc,,,,,,,,,
2942850,2002-03-27 22:29:36.489000+00:00,23.5886,70.0707,15.0,ISC,ISC,ISC,5628640,mb,4.09,ISC,Southern India,earthquake,isc_2942850,isc,,,,,,,,,
4747627,2002-03-28 08:26:27+00:00,23.57,70.395,24.4,NDI,NDI,NDI,5254705,ML,3.3,NDI,Southern India,earthquake,isc_4747627,isc,,,,,,,,,
4747632,2002-03-29 05:40:06.300000+00:00,23.786,70.437,5.0,NDI,NDI,NDI,5254711,ML,3.3,NDI,Southern India,earthquake,isc_4747632,isc,,,,,,,,,
4747635,2002-03-29 08:46:40.300000+00:00,23.529,70.444,5.0,NDI,NDI,NDI,5254714,ML,2.9,NDI,Southern India,earthquake,isc_4747635,isc,,,,,,,,,
2945292,2002-03-30 06:17:49.761000+00:00,23.5429,70.525,18.6,ISC,ISC,ISC,5628821,mb,4.33,ISC,Southern India,earthquake,isc_2945292,isc,,,,,,,,,
4809126,2002-04-01 19:15:03.500000+00:00,23.362,70.312,26.9,NDI,NDI,NDI,5308408,ML,3.2,NDI,Southern India,earthquake,isc_4809126,isc,,,,,,,,,
4809130,2002-04-02 03:37:15.100000+00:00,23.371,70.309,23.8,NDI,NDI,NDI,5308412,ML,3.2,NDI,Southern India,earthquake,isc_4809130,isc,,,,,,,,,
4809132,2002-04-02 10:37:42.600000+00:00,23.712,70.406,15.8,NDI,NDI,NDI,5308413,ML,3.4,NDI,Southern India,earthquake,isc_4809132,isc,,,,,,,,,
4809141,2002-04-02 20:15:42.400000+00:00,23.569,70.405,7.2,NDI,NDI,NDI,5308422,ML,3.0,NDI,Southern India,earthquake,isc_4809141,isc,,,,,,,,,
4809207,2002-04-12 13:33:13.200000+00:00,23.468,70.31,15.0,NDI,NDI,NDI,5308495,ML,3.3,NDI,Southern India,earthquake,isc_4809207,isc,,,,,,,,,
4809218,2002-04-13 04:51:31.300000+00:00,23.475,70.372,18.2,NDI,NDI,NDI,5308511,ML,3.0,NDI,Southern India,earthquake,isc_4809218,isc,,,,,,,,,
4809221,2002-04-13 07:53:52.700000+00:00,23.463,70.41,31.1,NDI,NDI,NDI,5308513,ML,2.8,NDI,Southern India,earthquake,isc_4809221,isc,,,,,,,,,
3149659,2002-04-24 17:08:50.878000+00:00,23.4407,70.2557,15.0,ISC,ISC,ISC,5842903,mb,3.7,ISC,Southern India,earthquake,isc_3149659,isc,,,,,,,,,
4809335,2002-04-28 01:15:02.800000+00:00,23.407,70.396,20.0,NDI,NDI,NDI,5308633,ML,3.4,NDI,Southern India,earthquake,isc_4809335,isc,,,,,,,,,
4809346,2002-04-29 20:25:28.600000+00:00,23.536,70.509,5.0,NDI,NDI,NDI,5308640,ML,3.5,NDI,Southern India,earthquake,isc_4809346,isc,,,,,,,,,
4852181,2002-05-01 21:48:15.500000+00:00,23.482,70.307,20.9,NDI,NDI,NDI,5343970,ML,3.1,NDI,Southern India,earthquake,isc_4852181,isc,,,,,,,,,
3256766,2002-05-09 16:51:20.423000+00:00,23.6033,70.3959,15.0,ISC,ISC,ISC,5930142,MW,4.2,NDI,Southern India,earthquake,isc_3256766,isc,,,,,,,,,
4852281,2002-05-15 22:59:00.900000+00:00,23.554,70.287,15.0,NDI,NDI,NDI,5344076,ML,3.2,NDI,Southern India,earthquake,isc_4852281,isc,,,,,,,,,
4852283,2002-05-16 00:05:32.400000+00:00,23.124,70.385,15.0,NDI,NDI,NDI,5344077,ML,3.1,NDI,Southern India,earthquake,isc_4852283,isc,,,,,,,,,
4852317,2002-05-21 06:33:41.400000+00:00,23.592,70.279,15.0,NDI,NDI,NDI,5344119,ML,3.1,NDI,Southern India,earthquake,isc_4852317,isc,,,,,,,,,
4852377,2002-05-29 03:50:21.900000+00:00,23.474,70.137,16.6,NDI,NDI,NDI,5344183,ML,3.3,NDI,Southern India,earthquake,isc_4852377,isc,,,,,,,,,
4876669,2002-06-05 21:42:03+00:00,23.511,70.289,15.0,NDI,NDI,NDI,5359586,ML,3.3,NDI,Southern India,earthquake,isc_4876669,isc,,,,,,,,,
4876712,2002-06-11 15:32:34.900000+00:00,23.452,70.253,15.0,NDI,NDI,NDI,5359633,ML,3.5,NDI,Southern India,earthquake,isc_4876712,isc,,,,,,,,,
4876727,2002-06-12 13:14:34.400000+00:00,23.597,70.299,15.0,NDI,NDI,NDI,5359646,ML,3.3,NDI,Southern India,earthquake,isc_4876727,isc,,,,,,,,,
3793926,2002-06-12 15:33:59.106000+00:00,23.4417,70.4435,15.0,ISC,ISC,ISC,5977479,mb,3.54,ISC,Southern India,earthquake,isc_3793926,isc,,,,,,,,,
4876748,2002-06-14 23:56:46.100000+00:00,23.488,70.312,15.0,NDI,NDI,NDI,5359662,ML,3.3,NDI,Southern India,earthquake,isc_4876748,isc,,,,,,,,,
4876768,2002-06-18 06:33:38.200000+00:00,23.455,70.399,29.8,NDI,NDI,NDI,5359684,ML,3.0,NDI,Southern India,earthquake,isc_4876768,isc,,,,,,,,,
4876785,2002-06-20 08:54:19.100000+00:00,23.45,70.332,20.4,NDI,NDI,NDI,5359700,ML,3.1,NDI,Southern India,earthquake,isc_4876785,isc,,,,,,,,,
4876809,2002-06-24 03:43:58.200000+00:00,23.568,70.231,5.0,NDI,NDI,NDI,5359721,ML,3.0,NDI,Southern India,earthquake,isc_4876809,isc,,,,,,,,,
4910597,2002-07-04 04:39:21.500000+00:00,23.353,70.13,28.4,NDI,NDI,NDI,5406789,ML,3.1,NDI,Southern India,earthquake,isc_4910597,isc,,,,,,,,,
4910616,2002-07-07 06:03:58+00:00,23.623,70.33,10.2,NDI,NDI,NDI,5406806,ML,3.2,NDI,Southern India,earthquake,isc_4910616,isc,,,,,,,,,
4910686,2002-07-13 13:40:22.500000+00:00,23.468,70.412,23.2,NDI,NDI,NDI,5406858,ML,3.1,NDI,Southern India,earthquake,isc_4910686,isc,,,,,,,,,
4910764,2002-07-21 01:50:04.300000+00:00,23.519,70.458,15.0,NDI,NDI,NDI,5406928,ML,3.2,NDI,Southern India,earthquake,isc_4910764,isc,,,,,,,,,
4910794,2002-07-24 19:20:17.300000+00:00,23.616,70.019,15.0,NDI,NDI,NDI,5406956,ML,2.9,NDI,Southern India,earthquake,isc_4910794,isc,,,,,,,,,
4929056,2002-08-01 19:13:27.300000+00:00,23.455,70.131,7.8,NDI,NDI,NDI,5430714,ML,3.3,NDI,Southern India,earthquake,isc_4929056,isc,,,,,,,,,
4929084,2002-08-06 19:49:26.200000+00:00,23.477,70.157,5.0,NDI,NDI,NDI,5430743,ML,3.1,NDI,Southern India,earthquake,isc_4929084,isc,,,,,,,,,
3254863,2002-08-09 21:00:58.992000+00:00,23.5165,70.4171,15.0,ISC,ISC,ISC,6137472,MS,3.37,ISC,Southern India,earthquake,isc_3254863,isc,,,,,,,,,
4929112,2002-08-10 12:29:03.100000+00:00,23.429,70.184,28.4,NDI,NDI,NDI,5430770,ML,2.9,NDI,Southern India,earthquake,isc_4929112,isc,,,,,,,,,
4929140,2002-08-14 04:17:29.200000+00:00,23.913,70.457,38.8,NDI,NDI,NDI,5430798,ML,3.2,NDI,Southern India,earthquake,isc_4929140,isc,,,,,,,,,
3800325,2002-08-18 16:03:39.380000+00:00,23.3163,70.4843,15.0,ISC,ISC,ISC,6138183,mb,3.75,ISC,Southern India,earthquake,isc_3800325,isc,,,,,,,,,
4929175,2002-08-21 09:16:00.400000+00:00,23.973,71.409,5.0,NDI,NDI,NDI,5430835,ML,2.9,NDI,Southern India,earthquake,isc_4929175,isc,,,,,,,,,
3801509,2002-08-29 22:24:52.264000+00:00,23.4574,70.4231,15.0,ISC,ISC,ISC,6139150,mb,3.76,ISC,Southern India,earthquake,isc_3801509,isc,,,,,,,,,
4929214,2002-08-30 01:42:31.500000+00:00,23.792,70.122,13.5,NDI,NDI,NDI,5430873,ML,3.7,NDI,Southern India,earthquake,isc_4929214,isc,,,,,,,,,
4929218,2002-08-30 17:06:45.200000+00:00,23.436,70.284,20.0,NDI,NDI,NDI,5430877,ML,2.8,NDI,Southern India,earthquake,isc_4929218,isc,,,,,,,,,
5670527,2002-09-01 22:52:47.600000+00:00,23.595,70.171,23.6,NDI,NDI,NDI,5851177,ML,3.3,NDI,Southern India,earthquake,isc_5670527,isc,,,,,,,,,
5670551,2002-09-05 21:39:31.700000+00:00,23.414,70.035,5.0,NDI,NDI,NDI,5851203,ML,3.2,NDI,Southern India,earthquake,isc_5670551,isc,,,,,,,,,
5670555,2002-09-05 23:08:04.700000+00:00,23.583,70.346,5.0,NDI,NDI,NDI,5851205,ML,3.2,NDI,Southern India,earthquake,isc_5670555,isc,,,,,,,,,
3796144,2002-09-07 23:38:19.215000+00:00,23.3604,70.4856,15.0,ISC,ISC,ISC,6149825,mb,3.75,ISC,Southern India,earthquake,isc_3796144,isc,,,,,,,,,
3796516,2002-09-09 20:02:19.236000+00:00,23.393,70.2562,14.1,ISC,ISC,ISC,6150043,MS,3.22,ISC,Southern India,earthquake,isc_3796516,isc,,,,,,,,,
5670613,2002-09-16 01:18:11.100000+00:00,23.19,70.421,10.0,NDI,NDI,NDI,5851268,ML,3.0,NDI,Southern India,earthquake,isc_5670613,isc,,,,,,,,,
5670633,2002-09-20 00:07:46.400000+00:00,23.419,70.365,26.9,NDI,NDI,NDI,5851289,ML,3.5,NDI,Southern India,earthquake,isc_5670633,isc,,,,,,,,,
5670685,2002-09-25 08:43:30.900000+00:00,23.478,70.258,10.7,NDI,NDI,NDI,5851334,ML,2.8,NDI,Southern India,earthquake,isc_5670685,isc,,,,,,,,,
5737709,2002-10-03 02:57:08.900000+00:00,23.382,70.296,10.0,NDI,NDI,NDI,5910459,ML,3.2,NDI,Southern India,earthquake,isc_5737709,isc,,,,,,,,,
5737762,2002-10-08 12:32:47.800000+00:00,23.42,70.399,5.0,NDI,NDI,NDI,5910511,ML,2.7,NDI,Southern India,earthquake,isc_5737762,isc,,,,,,,,,
5737764,2002-10-08 15:05:46.600000+00:00,23.484,70.415,7.5,NDI,NDI,NDI,5910512,ML,2.8,NDI,Southern India,earthquake,isc_5737764,isc,,,,,,,,,
5737807,2002-10-11 18:33:35.700000+00:00,23.326,70.109,10.0,NDI,NDI,NDI,5910544,ML,2.7,NDI,Southern India,earthquake,isc_5737807,isc,,,,,,,,,
5737812,2002-10-12 00:41:37.900000+00:00,23.791,70.35,15.0,NDI,NDI,NDI,5910550,ML,2.9,NDI,Southern India,earthquake,isc_5737812,isc,,,,,,,,,
5737852,2002-10-16 14:44:00.500000+00:00,23.54,70.168,5.0,NDI,NDI,NDI,5910575,ML,3.3,NDI,Southern India,earthquake,isc_5737852,isc,,,,,,,,,
5737875,2002-10-18 06:51:17+00:00,23.755,70.361,10.0,NDI,NDI,NDI,5910595,ML,3.0,NDI,Southern India,earthquake,isc_5737875,isc,,,,,,,,,
5737887,2002-10-21 06:24:40.300000+00:00,23.633,70.423,5.0,NDI,NDI,NDI,5910608,ML,2.9,NDI,Southern India,earthquake,isc_5737887,isc,,,,,,,,,
5737943,2002-10-27 11:28:11.800000+00:00,23.409,70.32,10.0,NDI,NDI,NDI,5910654,ML,2.9,NDI,Southern India,earthquake,isc_5737943,isc,,,,,,,,,
6126397,2002-11-05 18:17:08.300000+00:00,23.544,70.051,13.8,NDI,NDI,NDI,5988817,ML,3.0,NDI,Southern India,earthquake,isc_6126397,isc,,,,,,,,,
6126883,2002-11-06 06:38:13.500000+00:00,23.428,70.038,20.3,NDI,NDI,NDI,5988825,ML,3.1,NDI,Southern India,earthquake,isc_6126883,isc,,,,,,,,,
6128608,2002-11-08 13:56:12.800000+00:00,23.477,70.324,14.1,NDI,NDI,NDI,5988851,ML,2.6,NDI,Southern India,earthquake,isc_6128608,isc,,,,,,,,,
6129244,2002-11-09 07:25:46.400000+00:00,23.431,70.23,14.0,NDI,NDI,NDI,5988860,MW,3.3,NDI,Southern India,earthquake,isc_6129244,isc,,,,,,,,,
6130039,2002-11-10 07:56:05.600000+00:00,23.756,70.508,22.1,NDI,NDI,NDI,5988867,ML,2.8,NDI,Southern India,earthquake,isc_6130039,isc,,,,,,,,,
6130561,2002-11-11 02:21:16.700000+00:00,23.672,70.384,15.7,NDI,NDI,NDI,5988873,MW,3.4,NDI,Southern India,earthquake,isc_6130561,isc,,,,,,,,,
6132766,2002-11-14 09:20:44.500000+00:00,23.917,70.16,5.0,NDI,NDI,NDI,5988892,ML,3.6,NDI,Southern India,earthquake,isc_6132766,isc,,,,,,,,,
6133095,2002-11-14 19:49:15.875000+00:00,23.2382,70.342,15.0,ISC,ISC,ISC,6145782,mb,3.78,ISC,Southern India,earthquake,isc_6133095,isc,,,,,,,,,
6136759,2002-11-19 23:17:25.800000+00:00,23.493,70.35,11.2,NDI,NDI,NDI,5988927,ML,3.1,NDI,Southern India,earthquake,isc_6136759,isc,,,,,,,,,
6136978,2002-11-20 07:51:15.700000+00:00,23.453,70.271,10.0,NDI,NDI,NDI,5988930,ML,3.0,NDI,Southern India,earthquake,isc_6136978,isc,,,,,,,,,
6137661,2002-11-21 05:23:16.700000+00:00,23.453,70.461,15.0,NDI,NDI,NDI,5988954,ML,2.7,NDI,Southern India,earthquake,isc_6137661,isc,,,,,,,,,
6138382,2002-11-22 09:10:07.100000+00:00,23.685,70.316,15.0,NDI,NDI,NDI,5988980,ML,2.3,NDI,Southern India,earthquake,isc_6138382,isc,,,,,,,,,
6143398,2002-11-29 22:39:30.579000+00:00,23.4095,70.2537,15.0,ISC,ISC,ISC,6193301,mb,3.5,ISC,Southern India,earthquake,isc_6143398,isc,,,,,,,,,
6252326,2002-12-04 09:04:25+00:00,23.361,70.467,11.3,NDI,NDI,NDI,6071760,ML,3.0,NDI,Southern India,earthquake,isc_6252326,isc,,,,,,,,,
6252487,2002-12-04 14:02:38.500000+00:00,23.431,70.289,5.0,NDI,NDI,NDI,6071774,ML,2.9,NDI,Southern India,earthquake,isc_6252487,isc,,,,,,,,,
6253522,2002-12-06 09:10:03.400000+00:00,23.58,70.328,5.0,NDI,NDI,NDI,6071788,ML,2.7,NDI,Southern India,earthquake,isc_6253522,isc,,,,,,,,,
6256756,2002-12-12 02:59:02.900000+00:00,23.353,70.234,11.9,NDI,NDI,NDI,6071837,ML,2.8,NDI,Southern India,earthquake,isc_6256756,isc,,,,,,,,,
6262471,2002-12-22 15:26:58.700000+00:00,23.424,70.308,15.0,NDI,NDI,NDI,6071956,MD,3.4,NDI,Southern India,earthquake,isc_6262471,isc,,,,,,,,,
6262588,2002-12-22 20:33:05.900000+00:00,23.474,70.345,12.7,NDI,NDI,NDI,6071960,ML,3.4,NDI,Southern India,earthquake,isc_6262588,isc,,,,,,,,,
6262981,2002-12-23 13:30:57.400000+00:00,23.498,70.255,15.0,NDI,NDI,NDI,6071969,ML,3.2,NDI,Southern India,earthquake,isc_6262981,isc,,,,,,,,,
6263572,2002-12-24 11:49:49.500000+00:00,23.451,70.323,27.0,NDI,NDI,NDI,6071975,ML,3.2,NDI,Southern India,earthquake,isc_6263572,isc,,,,,,,,,
6263623,2002-12-24 13:30:32.300000+00:00,23.325,70.369,11.8,NDI,NDI,NDI,6071977,ML,3.7,NDI,Southern India,earthquake,isc_6263623,isc,,,,,,,,,
6529039,2003-01-01 09:55:20.900000+00:00,23.509,70.041,15.0,NDI,NDI,NDI,6122895,ML,3.4,NDI,Southern India,earthquake,isc_6529039,isc,,,,,,,,,
6531887,2003-01-06 10:44:16.100000+00:00,23.446,70.411,13.5,NDI,NDI,NDI,6122938,ML,3.3,NDI,Southern India,earthquake,isc_6531887,isc,,,,,,,,,
6532130,2003-01-06 20:37:15.900000+00:00,23.434,70.319,6.8,NDI,NDI,NDI,6122942,ML,3.3,NDI,Southern India,earthquake,isc_6532130,isc,,,,,,,,,
6532146,2003-01-06 20:54:57.100000+00:00,23.45,70.293,5.0,NDI,NDI,NDI,6122943,ML,2.9,NDI,Southern India,earthquake,isc_6532146,isc,,,,,,,,,
6533452,2003-01-09 02:29:21+00:00,23.521,70.401,16.5,NDI,NDI,NDI,6122970,ML,2.8,NDI,Southern India,earthquake,isc_6533452,isc,,,,,,,,,
6533602,2003-01-09 07:43:07.200000+00:00,23.433,70.411,2.3,NDI,NDI,NDI,6122976,ML,3.2,NDI,Southern India,earthquake,isc_6533602,isc,,,,,,,,,
6537336,2003-01-15 13:28:44.500000+00:00,23.629,70.37,19.9,NDI,NDI,NDI,6123020,ML,3.2,NDI,Southern India,earthquake,isc_6537336,isc,,,,,,,,,
6539003,2003-01-18 06:00:31+00:00,23.409,70.337,17.5,NDI,NDI,NDI,6123043,ML,2.8,NDI,Southern India,earthquake,isc_6539003,isc,,,,,,,,,
6540115,2003-01-19 22:57:27.610000+00:00,23.2344,70.5499,15.0,ISC,ISC,ISC,6323670,mb,3.99,ISC,Southern India,earthquake,isc_6540115,isc,,,,,,,,,
6542208,2003-01-23 07:39:43.500000+00:00,23.631,70.467,15.0,NDI,NDI,NDI,6123083,ML,2.9,NDI,Southern India,earthquake,isc_6542208,isc,,,,,,,,,
6583300,2003-02-08 11:47:56.600000+00:00,23.437,70.336,15.9,NDI,NDI,NDI,6141773,ML,3.0,NDI,Southern India,earthquake,isc_6583300,isc,,,,,,,,,
6583976,2003-02-09 13:39:24+00:00,23.423,70.278,5.0,NDI,NDI,NDI,6141776,ML,3.1,NDI,Southern India,earthquake,isc_6583976,isc,,,,,,,,,
6584018,2003-02-09 15:20:33.700000+00:00,23.422,70.216,15.0,NDI,NDI,NDI,6141777,ML,2.9,NDI,Southern India,earthquake,isc_6584018,isc,,,,,,,,,
6584238,2003-02-09 22:28:58+00:00,23.269,70.42,6.2,NDI,NDI,NDI,6141779,ML,2.7,NDI,Southern India,earthquake,isc_6584238,isc,,,,,,,,,
6584242,2003-02-09 22:44:50.800000+00:00,23.463,70.256,2.5,NDI,NDI,NDI,6141780,ML,3.1,NDI,Southern India,earthquake,isc_6584242,isc,,,,,,,,,
6585433,2003-02-11 19:27:16.925000+00:00,23.4484,70.3631,15.0,ISC,ISC,ISC,6351742,mb,4.35,ISC,Southern India,earthquake,isc_6585433,isc,,,,,,,,,
6586584,2003-02-13 14:15:52.800000+00:00,23.378,70.407,2.4,NDI,NDI,NDI,6141804,ML,3.4,NDI,Southern India,earthquake,isc_6586584,isc,,,,,,,,,
6587198,2003-02-14 11:53:54.600000+00:00,23.385,70.448,9.3,NDI,NDI,NDI,6141810,ML,3.1,NDI,Southern India,earthquake,isc_6587198,isc,,,,,,,,,
6589183,2003-02-16 23:34:31.800000+00:00,23.525,70.439,5.0,NDI,NDI,NDI,6141832,ML,3.4,NDI,Southern India,earthquake,isc_6589183,isc,,,,,,,,,
6589663,2003-02-17 14:38:33.100000+00:00,22.974,70.19,1.8,NDI,NDI,NDI,6141837,ML,3.0,NDI,Southern India,earthquake,isc_6589663,isc,,,,,,,,,
6590264,2003-02-18 11:37:04.100000+00:00,23.649,70.263,15.0,NDI,NDI,NDI,6141840,ML,2.9,NDI,Southern India,earthquake,isc_6590264,isc,,,,,,,,,
6595261,2003-02-25 23:23:43+00:00,23.447,70.318,22.6,NDI,NDI,NDI,6141911,ML,3.3,NDI,Southern India,earthquake,isc_6595261,isc,,,,,,,,,
6595575,2003-02-26 11:33:11.800000+00:00,23.556,70.183,5.0,NDI,NDI,NDI,6141919,ML,3.2,NDI,Southern India,earthquake,isc_6595575,isc,,,,,,,,,
6609420,2003-03-06 08:26:59.300000+00:00,23.322,70.463,1.2,NDI,NDI,NDI,6169346,ML,3.0,NDI,Southern India,earthquake,isc_6609420,isc,,,,,,,,,
6610390,2003-03-08 02:15:49.700000+00:00,23.495,70.428,5.0,NDI,NDI,NDI,6169360,ML,3.7,NDI,Southern India,earthquake,isc_6610390,isc,,,,,,,,,
6612312,2003-03-11 13:41:11.200000+00:00,23.782,70.618,5.0,NDI,NDI,NDI,6169384,ML,2.9,NDI,Southern India,earthquake,isc_6612312,isc,,,,,,,,,
6613557,2003-03-13 13:57:54.400000+00:00,23.506,70.313,5.0,NDI,NDI,NDI,6169402,ML,2.6,NDI,Southern India,earthquake,isc_6613557,isc,,,,,,,,,
6613853,2003-03-13 22:33:06.800000+00:00,23.351,70.476,2.0,NDI,NDI,NDI,6169405,ML,3.2,NDI,Southern India,earthquake,isc_6613853,isc,,,,,,,,,
6615081,2003-03-15 18:28:19.800000+00:00,24.11,70.205,18.8,NDI,NDI,NDI,6169412,ML,3.3,NDI,India-Pakistan border region,earthquake,isc_6615081,isc,,,,,,,,,
6615806,2003-03-16 16:46:35.800000+00:00,23.513,70.294,5.0,NDI,NDI,NDI,6169429,ML,3.1,NDI,Southern India,earthquake,isc_6615806,isc,,,,,,,,,
6617376,2003-03-19 03:02:39.400000+00:00,23.474,70.438,20.3,NDI,NDI,NDI,6169451,ML,3.0,NDI,Southern India,earthquake,isc_6617376,isc,,,,,,,,,
6617649,2003-03-19 13:21:41.300000+00:00,23.8,70.435,13.5,NDI,NDI,NDI,6169453,ML,3.0,NDI,Southern India,earthquake,isc_6617649,isc,,,,,,,,,
6624312,2003-03-30 10:14:51.600000+00:00,23.326,70.397,15.0,NDI,NDI,NDI,6169525,ML,3.2,NDI,Southern India,earthquake,isc_6624312,isc,,,,,,,,,
6688649,2003-04-07 08:20:57.200000+00:00,23.508,70.273,35.9,NDI,NDI,NDI,6193023,ML,2.9,NDI,Southern India,earthquake,isc_6688649,isc,,,,,,,,,
6691363,2003-04-12 00:31:56.800000+00:00,23.154,70.369,3.9,NDI,NDI,NDI,6193061,ML,2.6,NDI,Southern India,earthquake,isc_6691363,isc,,,,,,,,,
6696533,2003-04-20 00:42:37.800000+00:00,23.363,70.026,5.0,NDI,NDI,NDI,6193102,ML,3.2,NDI,Southern India,earthquake,isc_6696533,isc,,,,,,,,,
6839090,2003-05-11 10:04:30.900000+00:00,23.576,70.301,20.5,NDI,NDI,NDI,6232772,ML,2.7,NDI,Southern India,earthquake,isc_6839090,isc,,,,,,,,,
6844087,2003-05-19 04:48:29+00:00,23.098,70.374,10.0,NDI,NDI,NDI,6232819,ML,3.3,NDI,Southern India,earthquake,isc_6844087,isc,,,,,,,,,
6845866,2003-05-21 20:26:20.100000+00:00,23.538,70.28,15.0,NDI,NDI,NDI,6232843,ML,3.0,NDI,Southern India,earthquake,isc_6845866,isc,,,,,,,,,
6846757,2003-05-22 17:42:34.800000+00:00,23.395,70.4,5.0,NDI,NDI,NDI,6232851,MW,3.6,NDI,Southern India,earthquake,isc_6846757,isc,,,,,,,,,
6847876,2003-05-24 03:43:36.500000+00:00,23.639,70.345,7.2,NDI,NDI,NDI,6232860,ML,2.9,NDI,Southern India,earthquake,isc_6847876,isc,,,,,,,,,
6853177,2003-05-28 01:03:43.300000+00:00,23.361,70.369,12.5,NDI,NDI,NDI,6232900,ML,3.2,NDI,Southern India,earthquake,isc_6853177,isc,,,,,,,,,
6853964,2003-05-28 14:06:01.800000+00:00,23.422,70.417,15.0,NDI,NDI,NDI,6232903,ML,3.3,NDI,Southern India,earthquake,isc_6853964,isc,,,,,,,,,
6857399,2003-05-31 01:54:05.481000+00:00,23.2959,70.1886,15.0,ISC,ISC,ISC,6578587,mb,3.88,ISC,Southern India,earthquake,isc_6857399,isc,,,,,,,,,
6925247,2003-06-01 21:49:10.800000+00:00,23.173,70.408,15.0,NDI,NDI,NDI,6303751,ML,3.0,NDI,Southern India,earthquake,isc_6925247,isc,,,,,,,,,
6928715,2003-06-05 16:29:38.100000+00:00,23.524,70.371,15.0,NDI,NDI,NDI,6303788,ML,2.4,NDI,Southern India,earthquake,isc_6928715,isc,,,,,,,,,
6935314,2003-06-12 19:41:45.600000+00:00,23.397,70.225,10.0,NDI,NDI,NDI,6303831,ML,2.8,NDI,Southern India,earthquake,isc_6935314,isc,,,,,,,,,
6935491,2003-06-13 00:10:33.900000+00:00,23.365,70.356,10.4,NDI,NDI,NDI,6303834,ML,3.0,NDI,Southern India,earthquake,isc_6935491,isc,,,,,,,,,
6943626,2003-06-22 12:39:41.700000+00:00,23.741,70.194,5.0,NDI,NDI,NDI,6303869,ML,2.9,NDI,Southern India,earthquake,isc_6943626,isc,,,,,,,,,
6947440,2003-06-27 10:28:46.300000+00:00,23.147,70.418,34.1,NDI,NDI,NDI,6303896,MD,3.1,NDI,Southern India,earthquake,isc_6947440,isc,,,,,,,,,
6947837,2003-06-27 23:36:47.300000+00:00,23.162,70.039,5.0,NDI,NDI,NDI,6303898,ML,2.9,NDI,Southern India,earthquake,isc_6947837,isc,,,,,,,,,
6999557,2003-07-16 05:40:59.800000+00:00,23.529,70.288,5.0,NDI,NDI,NDI,6345968,ML,3.5,NDI,Southern India,earthquake,isc_6999557,isc,,,,,,,,,
7054129,2003-08-03 15:40:11.100000+00:00,23.613,70.355,10.0,NDI,NDI,NDI,6384799,ML,3.5,NDI,Southern India,earthquake,isc_7054129,isc,,,,,,,,,
7055573,2003-08-05 11:08:04.193000+00:00,23.6893,70.5624,11.1,ISC,ISC,ISC,6648279,MW,4.95,GCMT,Southern India,earthquake,isc_7055573,isc,,,,,,,,,
7056763,2003-08-07 00:02:31.300000+00:00,23.513,70.49,10.0,NDI,NDI,NDI,6384818,ML,2.8,NDI,Southern India,earthquake,isc_7056763,isc,,,,,,,,,
7057358,2003-08-07 23:20:02.500000+00:00,23.202,70.373,5.0,NDI,NDI,NDI,6384817,ML,2.6,NDI,Southern India,earthquake,isc_7057358,isc,,,,,,,,,
7059272,2003-08-11 01:32:15.700000+00:00,23.092,70.438,5.0,NDI,NDI,NDI,6384830,ML,3.0,NDI,Southern India,earthquake,isc_7059272,isc,,,,,,,,,
7064558,2003-08-18 15:19:21.500000+00:00,23.317,70.322,16.8,NDI,NDI,NDI,6384877,ML,3.0,NDI,Southern India,earthquake,isc_7064558,isc,,,,,,,,,
7073190,2003-08-29 20:59:51.800000+00:00,23.51,70.037,6.4,NDI,NDI,NDI,6384960,ML,3.4,NDI,Southern India,earthquake,isc_7073190,isc,,,,,,,,,
7122603,2003-09-08 23:37:19.669000+00:00,23.6183,69.9424,15.0,ISC,ISC,ISC,6683451,mb,3.77,ISC,Southern India,earthquake,isc_7122603,isc,,,,,,,,,
7130183,2003-09-19 11:08:57.500000+00:00,23.821,70.392,5.0,NDI,NDI,NDI,6421451,ML,2.5,NDI,Southern India,earthquake,isc_7130183,isc,,,,,,,,,
7134055,2003-09-25 07:27:26.300000+00:00,22.573,70.166,15.0,NDI,NDI,NDI,6421554,ML,3.0,NDI,Southern India,earthquake,isc_7134055,isc,,,,,,,,,
7151750,2003-10-06 16:08:12.100000+00:00,23.714,70.06,5.0,NDI,NDI,NDI,6462838,ML,3.4,NDI,Southern India,earthquake,isc_7151750,isc,,,,,,,,,
7155397,2003-10-11 09:47:56.293000+00:00,23.3642,70.1662,15.0,ISC,ISC,ISC,6736559,mb,4.44,ISC,Southern India,earthquake,isc_7155397,isc,,,,,,,,,
7156546,2003-10-12 19:48:55.600000+00:00,23.778,70.045,5.0,NDI,NDI,NDI,6462870,ML,3.0,NDI,Southern India,earthquake,isc_7156546,isc,,,,,,,,,
7169881,2003-10-31 01:52:14.400000+00:00,23.847,70.6,10.0,NDI,NDI,NDI,6463035,ML,3.1,NDI,Southern India,earthquake,isc_7169881,isc,,,,,,,,,
7178854,2003-11-08 05:44:53.700000+00:00,23.321,70.456,5.0,NDI,NDI,NDI,6556757,MW,3.6,NDI,Southern India,earthquake,isc_7178854,isc,,,,,,,,,
7192041,2003-11-25 22:39:24.600000+00:00,23.697,70.677,5.0,NDI,NDI,NDI,6556896,ML,2.9,NDI,Southern India,earthquake,isc_7192041,isc,,,,,,,,,
7220397,2003-12-29 06:03:51.900000+00:00,23.975,70.192,20.3,NDI,NDI,NDI,6593936,ML,3.1,NDI,Southern India,earthquake,isc_7220397,isc,,,,,,,,,
7220955,2003-12-29 22:12:50.100000+00:00,23.245,70.548,17.7,NDI,NDI,NDI,6593940,ML,2.7,NDI,Southern India,earthquake,isc_7220955,isc,,,,,,,,,
7227009,2004-01-05 00:01:00.500000+00:00,23.648,70.167,5.0,NDI,NDI,NDI,6662956,ML,2.8,NDI,Southern India,earthquake,isc_7227009,isc,,,,,,,,,
7229182,2004-01-07 19:31:58.200000+00:00,23.449,70.214,20.4,NDI,NDI,NDI,6662969,ML,2.7,NDI,Southern India,earthquake,isc_7229182,isc,,,,,,,,,
7229927,2004-01-08 23:02:35.700000+00:00,23.62,70.315,15.8,NDI,NDI,NDI,6662976,ML,2.6,NDI,Southern India,earthquake,isc_7229927,isc,,,,,,,,,
7231557,2004-01-11 03:41:13.200000+00:00,23.847,70.322,5.0,NDI,NDI,NDI,6662999,ML,2.9,NDI,Southern India,earthquake,isc_7231557,isc,,,,,,,,,
7231655,2004-01-11 06:52:16+00:00,23.363,70.1,5.0,NDI,NDI,NDI,6663001,ML,2.7,NDI,Southern India,earthquake,isc_7231655,isc,,,,,,,,,
7233889,2004-01-14 14:45:22.100000+00:00,23.373,70.136,4.0,NDI,NDI,NDI,6663029,ML,2.5,NDI,Southern India,earthquake,isc_7233889,isc,,,,,,,,,
7241291,2004-01-25 08:07:57.700000+00:00,23.751,70.006,5.0,NDI,NDI,NDI,6663083,ML,2.9,NDI,Southern India,earthquake,isc_7241291,isc,,,,,,,,,
7500578,2004-02-04 13:51:50.200000+00:00,23.781,70.225,19.9,NDI,NDI,NDI,6720804,ML,3.1,NDI,Southern India,earthquake,isc_7500578,isc,,,,,,,,,
7500666,2004-02-04 20:07:09.500000+00:00,23.194,70.404,10.0,NDI,NDI,NDI,6720808,ML,2.7,NDI,Southern India,earthquake,isc_7500666,isc,,,,,,,,,
7503154,2004-02-12 08:07:22.900000+00:00,23.792,70.212,15.0,NDI,NDI,NDI,6720844,ML,2.6,NDI,Southern India,earthquake,isc_7503154,isc,,,,,,,,,
7503620,2004-02-13 15:38:18.200000+00:00,23.237,70.233,5.0,NDI,NDI,NDI,6720853,ML,3.4,NDI,Southern India,earthquake,isc_7503620,isc,,,,,,,,,
7508048,2004-02-26 12:14:52.700000+00:00,23.422,70.624,3.4,NDI,NDI,NDI,6720954,ML,3.0,NDI,Southern India,earthquake,isc_7508048,isc,,,,,,,,,
7510174,2004-03-11 09:30:21+00:00,23.434,70.078,5.0,NDI,NDI,NDI,6745307,ML,3.2,NDI,Southern India,earthquake,isc_7510174,isc,,,,,,,,,
7510573,2004-03-23 03:18:49.500000+00:00,23.626,70.025,20.0,NDI,NDI,NDI,6745372,ML,2.8,NDI,Southern India,earthquake,isc_7510573,isc,,,,,,,,,
7329177,2004-04-12 15:07:03.014000+00:00,22.5561,70.5804,35.0,ISC,ISC,ISC,7147415,MS,3.34,ISC,Southern India,earthquake,isc_7329177,isc,,,,,,,,,
7575726,2004-04-16 09:40:17.400000+00:00,23.802,70.466,15.0,NDI,NDI,NDI,6798883,ML,3.2,NDI,Southern India,earthquake,isc_7575726,isc,,,,,,,,,
7678945,2004-05-07 22:53:13.600000+00:00,23.605,70.254,12.8,NDI,NDI,NDI,6832625,ML,3.3,NDI,Southern India,earthquake,isc_7678945,isc,,,,,,,,,
7352199,2004-06-02 13:49:52.371000+00:00,23.2719,70.6571,10.0,ISC,ISC,ISC,7327915,mb,3.84,ISC,Southern India,earthquake,isc_7352199,isc,,,,,,,,,
7753715,2004-06-02 18:29:49.700000+00:00,23.664,70.14,7.6,NDI,NDI,NDI,6898586,ML,2.8,NDI,Southern India,earthquake,isc_7753715,isc,,,,,,,,,
7753836,2004-06-07 05:29:30.756000+00:00,23.6099,70.4914,10.0,ISC,ISC,ISC,7389356,mb,3.51,ISC,Southern India,earthquake,isc_7753836,isc,,,,,,,,,
7753978,2004-06-11 07:29:17.400000+00:00,23.163,70.205,38.9,NDI,NDI,NDI,6898633,ML,3.0,NDI,Southern India,earthquake,isc_7753978,isc,,,,,,,,,
7754198,2004-06-22 07:00:05.800000+00:00,23.598,70.383,10.0,NDI,NDI,NDI,6898684,ML,2.8,NDI,Southern India,earthquake,isc_7754198,isc,,,,,,,,,
7855500,2004-07-07 21:04:35.100000+00:00,23.576,70.456,5.0,NDI,NDI,NDI,6990388,ML,3.1,NDI,Southern India,earthquake,isc_7855500,isc,,,,,,,,,
7372989,2004-07-17 18:21:50.800000+00:00,23.722,70.703,5.0,NDI,NDI,NDI,6990425,ML,3.6,NDI,Southern India,earthquake,isc_7372989,isc,,,,,,,,,
7875654,2004-07-26 08:46:59.800000+00:00,23.294,70.142,28.5,NDI,NDI,NDI,6990459,ML,3.0,NDI,Southern India,earthquake,isc_7875654,isc,,,,,,,,,
7395248,2004-08-31 16:54:09.736000+00:00,23.6102,70.6743,15.0,ISC,ISC,ISC,7440350,mb,3.65,ISC,Southern India,earthquake,isc_7395248,isc,,,,,,,,,
8080250,2004-09-01 01:19:44.200000+00:00,23.41,70.488,5.0,NDI,NDI,NDI,7104434,ML,3.0,NDI,Southern India,earthquake,isc_8080250,isc,,,,,,,,,
8080349,2004-09-06 01:05:58.300000+00:00,23.884,70.304,31.7,NDI,NDI,NDI,7104460,ML,2.7,NDI,Southern India,earthquake,isc_8080349,isc,,,,,,,,,
8080489,2004-09-16 15:02:56.300000+00:00,23.826,70.005,5.0,NDI,NDI,NDI,7104506,ML,2.8,NDI,Southern India,earthquake,isc_8080489,isc,,,,,,,,,
8816805,2004-10-01 17:18:45.200000+00:00,23.732,70.153,17.1,NDI,NDI,NDI,7632066,ML,3.2,NDI,Southern India,earthquake,isc_8816805,isc,,,,,,,,,
8816867,2004-10-03 09:53:50.700000+00:00,23.974,70.583,20.4,NDI,NDI,NDI,7632073,MD,3.2,NDI,Southern India,earthquake,isc_8816867,isc,,,,,,,,,
8817806,2004-10-04 21:59:48.600000+00:00,23.135,70.19,39.3,NDI,NDI,NDI,7632079,ML,2.9,NDI,Southern India,earthquake,isc_8817806,isc,,,,,,,,,
8817807,2004-10-04 22:29:25.400000+00:00,23.608,70.333,15.0,NDI,NDI,NDI,7632080,MD,2.9,NDI,Southern India,earthquake,isc_8817807,isc,,,,,,,,,
8818786,2004-10-12 10:43:41.200000+00:00,23.244,70.467,19.9,NDI,NDI,NDI,7632142,ML,2.9,NDI,Southern India,earthquake,isc_8818786,isc,,,,,,,,,
8202535,2004-11-05 01:25:47.700000+00:00,23.473,70.055,5.0,NDI,NDI,NDI,7216655,ML,3.0,NDI,Southern India,earthquake,isc_8202535,isc,,,,,,,,,
8203356,2004-11-23 18:38:27.200000+00:00,23.307,70.252,5.0,NDI,NDI,NDI,7216779,ML,2.9,NDI,Southern India,earthquake,isc_8203356,isc,,,,,,,,,
8328058,2004-12-03 17:07:59.200000+00:00,22.928,71.462,5.0,NDI,NDI,NDI,7322492,ML,2.7,NDI,Southern India,earthquake,isc_8328058,isc,,,,,,,,,
8328195,2004-12-06 05:27:37.100000+00:00,23.839,70.241,15.0,NDI,NDI,NDI,7322504,ML,2.8,NDI,Southern India,earthquake,isc_8328195,isc,,,,,,,,,
8328362,2004-12-10 11:44:25+00:00,23.655,70.029,5.0,NDI,NDI,NDI,7322539,ML,3.1,NDI,Southern India,earthquake,isc_8328362,isc,,,,,,,,,
7448263,2004-12-13 21:11:43.700000+00:00,23.575,70.086,5.0,NDI,NDI,NDI,7322557,ML,4.1,NDI,Southern India,earthquake,isc_7448263,isc,,,,,,,,,
8328491,2004-12-14 01:50:50.400000+00:00,23.472,70.282,5.0,NDI,NDI,NDI,7322558,ML,3.0,NDI,Southern India,earthquake,isc_8328491,isc,,,,,,,,,
7450345,2004-12-20 17:23:14.829000+00:00,23.455,70.3872,15.0,ISC,ISC,ISC,7974585,mb,3.49,ISC,Southern India,earthquake,isc_7450345,isc,,,,,,,,,
8328670,2004-12-21 02:58:55.300000+00:00,23.399,70.174,7.9,NDI,NDI,NDI,7322602,ML,3.1,NDI,Southern India,earthquake,isc_8328670,isc,,,,,,,,,
8328934,2004-12-28 06:13:57+00:00,23.577,70.068,5.0,NDI,NDI,NDI,7322920,ML,3.7,NDI,Southern India,earthquake,isc_8328934,isc,,,,,,,,,
8444189,2005-01-15 09:15:45.200000+00:00,23.258,70.702,15.0,NDI,NDI,NDI,7393074,ML,3.1,NDI,Southern India,earthquake,isc_8444189,isc,,,,,,,,,
8444270,2005-01-21 21:17:57.100000+00:00,23.853,70.635,15.0,NDI,NDI,NDI,7393225,MD,2.9,NDI,Southern India,earthquake,isc_8444270,isc,,,,,,,,,
8500648,2005-02-01 10:29:30+00:00,23.598,70.209,15.0,NDI,NDI,NDI,7433585,ML,3.1,NDI,Southern India,earthquake,isc_8500648,isc,,,,,,,,,
8500878,2005-02-04 01:37:57.200000+00:00,23.224,70.279,20.4,NDI,NDI,NDI,7433629,ML,3.4,NDI,Southern India,earthquake,isc_8500878,isc,,,,,,,,,
8501436,2005-02-22 12:16:57.600000+00:00,23.504,70.029,17.2,NDI,NDI,NDI,7433885,ML,3.3,NDI,Southern India,earthquake,isc_8501436,isc,,,,,,,,,
8501490,2005-02-25 00:37:58.900000+00:00,23.4,70.294,5.0,NDI,NDI,NDI,7433910,ML,2.7,NDI,Southern India,earthquake,isc_8501490,isc,,,,,,,,,
8551859,2005-03-27 16:20:43.600000+00:00,23.469,70.35,59.7,NDI,NDI,NDI,7467225,ML,3.5,NDI,Southern India,earthquake,isc_8551859,isc,,,,,,,,,
8303395,2005-04-24 11:14:39.302000+00:00,23.4,70.319,15.0,ISC,ISC,ISC,8424169,mb,3.66,ISC,Southern India,earthquake,isc_8303395,isc,,,,,,,,,
8723920,2005-05-04 06:25:27.900000+00:00,23.31,70.412,10.0,NDI,NDI,NDI,7569796,ML,3.4,NDI,Southern India,earthquake,isc_8723920,isc,,,,,,,,,
8947405,2005-07-07 02:00:59.600000+00:00,23.941,70.331,13.8,NDI,NDI,NDI,7707083,ML,3.3,NDI,Southern India,earthquake,isc_8947405,isc,,,,,,,,,
8947426,2005-07-08 09:31:16.600000+00:00,23.113,70.059,20.0,NDI,NDI,NDI,7707095,ML,2.8,NDI,Southern India,earthquake,isc_8947426,isc,,,,,,,,,
8947468,2005-07-10 11:01:07.700000+00:00,23.601,70.098,13.1,NDI,NDI,NDI,7707112,ML,3.1,NDI,Southern India,earthquake,isc_8947468,isc,,,,,,,,,
9118544,2005-08-14 21:27:04.400000+00:00,23.718,70.158,2.0,NDI,NDI,NDI,7798772,ML,3.1,NDI,Southern India,earthquake,isc_9118544,isc,,,,,,,,,
9118936,2005-08-28 19:24:43.700000+00:00,23.27,70.655,12.4,NDI,NDI,NDI,7798855,ML,3.0,NDI,Southern India,earthquake,isc_9118936,isc,,,,,,,,,
8313455,2005-09-17 12:20:08.509000+00:00,23.2543,70.5148,15.0,ISC,ISC,ISC,8750574,mb,3.41,ISC,Southern India,earthquake,isc_8313455,isc,,,,,,,,,
9157224,2005-09-26 16:49:39.300000+00:00,23.925,70.192,3.9,NDI,NDI,NDI,7854585,ML,3.2,NDI,Southern India,earthquake,isc_9157224,isc,,,,,,,,,
9157279,2005-09-29 02:21:03.900000+00:00,23.496,70.444,5.0,NDI,NDI,NDI,7854595,ML,3.0,NDI,Southern India,earthquake,isc_9157279,isc,,,,,,,,,
9230110,2005-10-02 23:54:57.100000+00:00,23.24,70.443,10.3,NDI,NDI,NDI,7949322,ML,2.9,NDI,Southern India,earthquake,isc_9230110,isc,,,,,,,,,
8314511,2005-10-08 20:48:06.596000+00:00,23.3147,70.7848,35.0,ISC,ISC,ISC,8772069,mb,3.76,ISC,Southern India,earthquake,isc_8314511,isc,,,,,,,,,
9230247,2005-10-09 13:01:32.800000+00:00,23.649,70.26,10.0,NDI,NDI,NDI,7949595,ML,3.5,NDI,Southern India,earthquake,isc_9230247,isc,,,,,,,,,
9231547,2005-10-27 23:22:46.200000+00:00,23.543,70.416,15.0,NDI,NDI,NDI,7950081,ML,2.9,NDI,Southern India,earthquake,isc_9231547,isc,,,,,,,,,
9271194,2005-11-04 01:07:34.700000+00:00,23.335,70.373,5.0,NDI,NDI,NDI,7980289,ML,2.8,NDI,Southern India,earthquake,isc_9271194,isc,,,,,,,,,
9271522,2005-11-17 21:16:43.800000+00:00,23.415,70.001,10.0,NDI,NDI,NDI,7980484,ML,3.0,NDI,Southern India,earthquake,isc_9271522,isc,,,,,,,,,
9400383,2005-12-04 12:56:48+00:00,23.467,70.292,10.0,NDI,NDI,NDI,8125825,ML,2.9,NDI,Southern India,earthquake,isc_9400383,isc,,,,,,,,,
9400541,2005-12-11 09:32:50.100000+00:00,23.174,70.299,4.3,NDI,NDI,NDI,8125875,ML,3.4,NDI,Southern India,earthquake,isc_9400541,isc,,,,,,,,,
9476931,2006-01-03 02:08:04.800000+00:00,23.659,70.206,15.0,NDI,NDI,NDI,8160204,ML,3.3,NDI,Southern India,earthquake,isc_9476931,isc,,,,,,,,,
9478788,2006-01-08 01:58:06.200000+00:00,23.041,70.349,5.0,NDI,NDI,NDI,8160247,ML,2.9,NDI,Southern India,earthquake,isc_9478788,isc,,,,,,,,,
8079769,2006-02-03 00:54:24.001000+00:00,23.8324,70.5063,9.3,ISC,ISC,ISC,9824354,MS,3.84,ISC,Southern India,earthquake,isc_8079769,isc,,,,,,,,,
9579879,2006-02-26 11:03:34+00:00,23.52,70.245,10.0,NDI,NDI,NDI,8256350,ML,2.7,NDI,Southern India,earthquake,isc_9579879,isc,,,,,,,,,
10599211,2006-03-07 18:20:47.857000+00:00,23.7095,70.9082,19.3,ISC,ISC,ISC,9859466,MW,5.45,GCMT,Southern India,earthquake,isc_10599211,isc,,,,,,,,,
10599546,2006-03-08 08:41:14.400000+00:00,23.295,70.632,5.0,NDI,NDI,NDI,8427544,ML,2.7,NDI,Southern India,earthquake,isc_10599546,isc,,,,,,,,,
10600845,2006-03-10 04:34:10.200000+00:00,23.942,70.633,5.0,NDI,NDI,NDI,8427609,ML,3.4,NDI,Southern India,earthquake,isc_10600845,isc,,,,,,,,,
10601185,2006-03-10 13:41:58.900000+00:00,23.874,70.682,5.0,NDI,NDI,NDI,8427626,ML,3.2,NDI,Southern India,earthquake,isc_10601185,isc,,,,,,,,,
10601466,2006-03-10 21:52:38.500000+00:00,23.899,70.537,14.7,NDI,NDI,NDI,8427643,ML,3.1,NDI,Southern India,earthquake,isc_10601466,isc,,,,,,,,,
10605185,2006-03-17 06:12:34.400000+00:00,23.41,70.287,15.0,NDI,NDI,NDI,8427722,ML,2.6,NDI,Southern India,earthquake,isc_10605185,isc,,,,,,,,,
10605446,2006-03-17 14:48:58.600000+00:00,23.266,70.197,15.0,NDI,NDI,NDI,8427729,ML,2.4,NDI,Southern India,earthquake,isc_10605446,isc,,,,,,,,,
10606945,2006-03-20 02:41:21+00:00,23.658,70.672,10.3,NDI,NDI,NDI,8427752,ML,3.1,NDI,Southern India,earthquake,isc_10606945,isc,,,,,,,,,
10607147,2006-03-20 11:39:05.300000+00:00,23.891,70.612,15.0,NDI,NDI,NDI,8427757,ML,2.8,NDI,Southern India,earthquake,isc_10607147,isc,,,,,,,,,
9856163,2006-04-02 13:57:58.500000+00:00,23.719,70.511,39.3,NDI,NDI,NDI,8462855,ML,3.2,NDI,Southern India,earthquake,isc_9856163,isc,,,,,,,,,
10697578,2006-04-06 12:02:54.610000+00:00,23.7504,70.8361,12.1,ISC,ISC,ISC,9941164,MW,4.96,GCMT,Southern India,earthquake,isc_10697578,isc,,,,,,,,,
9856269,2006-04-06 12:28:24.800000+00:00,23.94,70.537,10.0,NDI,NDI,NDI,8462878,ML,2.7,NDI,Southern India,earthquake,isc_9856269,isc,,,,,,,,,
8228881,2006-04-06 17:59:18.675000+00:00,23.2308,70.464,19.8,ISC,ISC,ISC,9941201,MW,5.53,GCMT,Southern India,earthquake,isc_8228881,isc,,,,,,,,,
9856279,2006-04-07 00:38:14+00:00,23.31,70.129,10.0,NDI,NDI,NDI,8462884,ML,3.3,NDI,Southern India,earthquake,isc_9856279,isc,,,,,,,,,
10697675,2006-04-10 22:05:44.167000+00:00,23.4926,70.1708,28.6,ISC,ISC,ISC,9941569,MS,3.73,ISC,Southern India,earthquake,isc_10697675,isc,,,,,,,,,
9856406,2006-04-12 15:36:13.800000+00:00,23.988,70.212,10.0,NDI,NDI,NDI,8462942,ML,2.9,NDI,Southern India,earthquake,isc_9856406,isc,,,,,,,,,
9594953,2006-04-15 09:15:23.626000+00:00,23.3747,70.2759,15.0,ISC,ISC,ISC,9942067,mb,3.6,ISC,Southern India,earthquake,isc_9594953,isc,,,,,,,,,
9856807,2006-04-30 22:03:55+00:00,24.1,70.267,15.0,NDI,NDI,NDI,8463081,ML,3.7,NDI,India-Pakistan border region,earthquake,isc_9856807,isc,,,,,,,,,
9918520,2006-05-01 15:06:36.400000+00:00,23.343,70.424,13.8,NDI,NDI,NDI,8502710,ML,3.0,NDI,Southern India,earthquake,isc_9918520,isc,,,,,,,,,
9130971,2006-05-07 14:54:57.573000+00:00,23.14,70.3187,26.3,ISC,ISC,ISC,10067485,mb,3.79,ISC,Southern India,earthquake,isc_9130971,isc,,,,,,,,,
9920444,2006-05-12 02:04:12.800000+00:00,23.855,70.282,5.0,NDI,NDI,NDI,8502807,ML,3.2,NDI,Southern India,earthquake,isc_9920444,isc,,,,,,,,,
9921913,2006-05-30 17:05:58.700000+00:00,23.723,70.692,5.0,NDI,NDI,NDI,8502918,ML,3.1,NDI,Southern India,earthquake,isc_9921913,isc,,,,,,,,,
9970765,2006-06-09 21:11:32.500000+00:00,23.787,70.719,29.1,NDI,NDI,NDI,8581691,ML,2.8,NDI,Southern India,earthquake,isc_9970765,isc,,,,,,,,,
9970909,2006-06-13 01:54:03.300000+00:00,23.447,70.143,10.0,NDI,NDI,NDI,8581708,ML,2.8,NDI,Southern India,earthquake,isc_9970909,isc,,,,,,,,,
9971104,2006-06-17 00:34:06.600000+00:00,23.203,70.942,14.0,NDI,NDI,NDI,8581740,ML,3.0,NDI,Southern India,earthquake,isc_9971104,isc,,,,,,,,,
10699057,2006-06-23 05:34:07.036000+00:00,23.5188,70.1329,12.9,ISC,ISC,ISC,10145978,MW,4.79,GCMT,Southern India,earthquake,isc_10699057,isc,,,,,,,,,
9971535,2006-06-23 21:19:02.800000+00:00,23.673,70.039,13.6,NDI,NDI,NDI,8581810,ML,3.9,NDI,Southern India,earthquake,isc_9971535,isc,,,,,,,,,
8652121,2006-08-20 02:37:20.778000+00:00,23.4938,70.4537,15.0,ISC,ISC,ISC,10290744,mb,4.23,ISC,Southern India,earthquake,isc_8652121,isc,,,,,,,,,
10239707,2006-08-22 09:17:45+00:00,23.33,70.333,5.0,NDI,NDI,NDI,8778537,ML,3.2,NDI,Southern India,earthquake,isc_10239707,isc,,,,,,,,,
9673859,2006-09-03 17:47:30.069000+00:00,23.6493,70.8437,35.0,ISC,ISC,ISC,10358412,mb,3.34,ISC,Southern India,earthquake,isc_9673859,isc,,,,,,,,,
9675272,2006-09-20 00:48:40.313000+00:00,24.0687,68.3765,35.0,ISC,ISC,ISC,10359699,MS,3.15,ISC,India-Pakistan border region,earthquake,isc_9675272,isc,,,,,,,,,
10461910,2006-10-06 00:17:18.800000+00:00,22.534,70.296,10.0,NDI,NDI,NDI,8873619,ML,2.7,NDI,Southern India,earthquake,isc_10461910,isc,,,,,,,,,
10462069,2006-10-12 07:32:31.200000+00:00,23.582,70.479,10.0,NDI,NDI,NDI,8873689,ML,3.3,NDI,Southern India,earthquake,isc_10462069,isc,,,,,,,,,
10688435,2006-12-08 19:35:58.200000+00:00,23.359,70.119,10.0,NDI,NDI,NDI,9927674,ML,3.1,NDI,Southern India,earthquake,isc_10688435,isc,,,,,,,,,
10688448,2006-12-14 00:40:39.500000+00:00,23.698,70.194,10.0,NDI,NDI,NDI,9927718,ML,3.0,NDI,Southern India,earthquake,isc_10688448,isc,,,,,,,,,
10688322,2006-12-29 07:57:57.700000+00:00,23.812,70.588,10.2,NDI,NDI,NDI,9927824,ML,3.2,NDI,Southern India,earthquake,isc_10688322,isc,,,,,,,,,
10380038,2007-01-05 03:11:14.500000+00:00,23.478,70.309,10.0,NDI,NDI,NDI,9960586,ML,2.8,NDI,Southern India,earthquake,isc_10380038,isc,,,,,,,,,
11919709,2007-04-08 16:20:16.387000+00:00,23.2233,70.4103,24.7,ISC,ISC,ISC,11215904,mb,3.83,ISC,Southern India,earthquake,isc_11919709,isc,,,,,,,,,
12645574,2007-05-01 19:01:05.200000+00:00,23.811,70.233,38.3,NDI,NDI,NDI,10306157,ML,3.2,NDI,Southern India,earthquake,isc_12645574,isc,,,,,,,,,
12654468,2007-05-13 13:41:39.428000+00:00,23.3462,70.5304,15.0,ISC,ISC,ISC,11410002,mb,3.6,ISC,Southern India,earthquake,isc_12654468,isc,,,,,,,,,
12662238,2007-05-24 12:54:24.908000+00:00,23.0039,69.6966,35.0,ISC,ISC,ISC,11410975,mb,3.8,ISC,Southern India,earthquake,isc_12662238,isc,,,,,,,,,
12680349,2007-06-15 02:20:03+00:00,23.547,70.774,5.0,NDI,NDI,NDI,10368126,ML,3.4,NDI,Southern India,earthquake,isc_12680349,isc,,,,,,,,,
12768125,2007-07-13 06:18:58.963000+00:00,23.7441,70.8081,35.0,ISC,ISC,ISC,11940213,MS,3.5,ISC,Southern India,earthquake,isc_12768125,isc,,,,,,,,,
12782236,2007-07-29 20:31:53.400000+00:00,23.454,70.368,10.0,NDI,NDI,NDI,10540254,ML,2.7,NDI,Southern India,earthquake,isc_12782236,isc,,,,,,,,,
12962629,2007-09-12 03:06:21.200000+00:00,22.698,70.968,20.0,NDI,NDI,NDI,10623495,ML,2.5,NDI,Southern India,earthquake,isc_12962629,isc,,,,,,,,,
12966533,2007-09-18 17:59:34.600000+00:00,23.296,70.491,9.4,NDI,NDI,NDI,10623586,ML,3.1,NDI,Southern India,earthquake,isc_12966533,isc,,,,,,,,,
12975010,2007-09-30 14:16:11.500000+00:00,23.647,70.048,5.0,NDI,NDI,NDI,10623664,ML,3.0,NDI,Southern India,earthquake,isc_12975010,isc,,,,,,,,,
13237574,2007-10-08 01:12:36.562000+00:00,23.1681,70.2154,20.0,ISC,ISC,ISC,12398734,MS,3.39,ISC,Southern India,earthquake,isc_13237574,isc,,,,,,,,,
13296349,2007-12-24 02:42:44.300000+00:00,23.305,70.276,10.0,NDI,NDI,NDI,10846129,ML,3.1,NDI,Southern India,earthquake,isc_13296349,isc,,,,,,,,,
13338800,2008-01-21 10:59:10.400000+00:00,23.75,70.022,10.0,NDI,NDI,NDI,10994388,ML,2.9,NDI,Southern India,earthquake,isc_13338800,isc,,,,,,,,,
13478672,2008-03-01 21:41:48.436000+00:00,23.3838,70.4036,15.0,ISC,ISC,ISC,13752218,mb,3.46,ISC,Southern India,earthquake,isc_13478672,isc,,,,,,,,,
13484953,2008-03-09 11:10:42.321000+00:00,23.3883,70.4814,15.0,ISC,ISC,ISC,13753499,MS,3.71,ISC,Southern India,earthquake,isc_13484953,isc,,,,,,,,,
10881982,2008-04-07 09:00:54.531000+00:00,23.2575,70.4462,20.0,ISC,ISC,ISC,13964007,mb,3.44,ISC,Southern India,earthquake,isc_10881982,isc,,,,,,,,,
13376825,2008-05-25 04:29:59+00:00,23.665,70.087,10.0,NDI,NDI,NDI,11789696,ML,3.2,NDI,Southern India,earthquake,isc_13376825,isc,,,,,,,,,
13538834,2008-06-11 00:29:45.600000+00:00,23.802,70.109,15.0,NDI,NDI,NDI,12067569,ML,3.1,NDI,Southern India,earthquake,isc_13538834,isc,,,,,,,,,
13538875,2008-06-20 21:19:41+00:00,23.152,70.321,10.0,NDI,NDI,NDI,12067632,ML,3.8,NDI,Southern India,earthquake,isc_13538875,isc,,,,,,,,,
13562859,2008-07-10 09:39:58.300000+00:00,23.41,70.128,10.0,NDI,NDI,NDI,12200104,ML,3.7,NDI,Southern India,earthquake,isc_13562859,isc,,,,,,,,,
13642839,2008-07-19 09:24:05+00:00,23.407,70.088,10.0,NDI,NDI,NDI,12200158,ML,3.0,NDI,Southern India,earthquake,isc_13642839,isc,,,,,,,,,
13827283,2008-08-13 09:14:38.100000+00:00,23.471,70.438,10.0,NDI,NDI,NDI,12360940,ML,2.6,NDI,Southern India,earthquake,isc_13827283,isc,,,,,,,,,
14107098,2008-10-03 19:38:56.200000+00:00,23.418,70.333,10.0,NDI,NDI,NDI,13084843,ML,3.1,NDI,Southern India,earthquake,isc_14107098,isc,,,,,,,,,
14369251,2009-02-11 07:33:27.300000+00:00,23.214,70.38,10.0,NDI,NDI,NDI,13922147,ML,3.4,NDI,Southern India,earthquake,isc_14369251,isc,,,,,,,,,
15957345,2009-02-26 08:11:50.190000+00:00,23.2739,69.1264,0.0,IDC,IDC,IDC,15391619,mb1,3.6,IDC,Southern India,earthquake,isc_15957345,isc,,,,,,,,,
14558571,2009-03-31 01:45:09.900000+00:00,23.061,70.604,46.0,NDI,NDI,NDI,14161394,ML,3.3,NDI,Southern India,earthquake,isc_14558571,isc,,,,,,,,,
12935071,2009-04-12 18:42:09.883000+00:00,23.3096,70.1748,15.0,ISC,ISC,ISC,15776507,mb,3.08,ISC,Southern India,earthquake,isc_12935071,isc,,,,,,,,,
13992191,2009-09-05 06:40:05.710000+00:00,23.4322,70.305,15.0,ISC,ISC,ISC,16421048,MS,3.05,ISC,Southern India,earthquake,isc_13992191,isc,,,,,,,,,
15620335,2009-10-07 06:21:55.200000+00:00,23.321,70.15,10.0,NDI,NDI,NDI,15113111,ML,3.1,NDI,Southern India,earthquake,isc_15620335,isc,,,,,,,,,
13909101,2009-10-28 13:40:10.969000+00:00,23.6989,69.9545,15.0,ISC,ISC,ISC,16767597,MS,3.37,ISC,Southern India,earthquake,isc_13909101,isc,,,,,,,,,
17242912,2010-02-05 15:14:37.700000+00:00,23.64,70.163,10.0,NDI,NDI,NDI,16790557,ML,3.0,NDI,Southern India,earthquake,isc_17242912,isc,,,,,,,,,
16498417,2010-04-06 12:56:41.400000+00:00,23.324,70.387,10.0,NDI,NDI,NDI,15880193,ML,3.4,NDI,Southern India,earthquake,isc_16498417,isc,,,,,,,,,
17180197,2010-08-11 23:55:18.123000+00:00,23.5716,70.3824,15.0,ISC,ISC,ISC,601076255,mb,3.88,ISC,Southern India,earthquake,isc_17180197,isc,,,,,,,,,
17180882,2010-08-23 02:11:20.623000+00:00,23.4091,70.5045,15.0,ISC,ISC,ISC,601077856,mb,3.67,ISC,Southern India,earthquake,isc_17180882,isc,,,,,,,,,
17241860,2010-08-25 18:21:26+00:00,23.612,70.228,10.0,NDI,NDI,NDI,16790986,ML,3.2,NDI,Southern India,earthquake,isc_17241860,isc,,,,,,,,,
17332923,2010-09-19 17:26:21.900000+00:00,23.614,70.464,10.0,NDI,NDI,NDI,16842106,ML,3.0,NDI,Southern India,earthquake,isc_17332923,isc,,,,,,,,,
600127878,2010-12-25 22:14:17.300000+00:00,23.122,70.342,10.0,NDI,NDI,NDI,600095748,ML,2.8,NDI,Southern India,earthquake,isc_600127878,isc,,,,,,,,,
600678423,2011-01-08 15:10:11.100000+00:00,23.295,70.345,10.0,NDI,NDI,NDI,600524698,ML,3.1,NDI,Southern India,earthquake,isc_600678423,isc,,,,,,,,,
17029595,2011-08-13 02:59:12.230000+00:00,23.2851,70.3908,15.0,ISC,ISC,ISC,603200246,MS,3.41,ISC,Southern India,earthquake,isc_17029595,isc,,,,,,,,,
17497604,2011-09-11 14:33:45.714000+00:00,23.1953,70.1833,26.0,ISC,ISC,ISC,603391314,mb,3.63,ISC,Southern India,earthquake,isc_17497604,isc,,,,,,,,,
601002691,2012-04-14 03:22:58.735000+00:00,23.2959,70.5129,10.0,ISC,ISC,ISC,604401042,mb,3.73,ISC,Southern India,earthquake,isc_601002691,isc,,,,,,,,,
601134197,2012-06-19 20:14:03.409000+00:00,23.5448,70.3024,16.6,ISC,ISC,ISC,604646686,MW,5.14,GCMT,Southern India,earthquake,isc_601134197,isc,,,,,,,,,
606594978,2012-11-02 07:37:54.200000+00:00,23.621,70.16,10.0,NDI,NDI,NDI,605425606,ML,2.4,NDI,Southern India,earthquake,isc_606594978,isc,,,,,,,,,
606594979,2012-11-02 09:56:25+00:00,23.695,70.274,10.0,NDI,NDI,NDI,605425607,ML,2.9,NDI,Southern India,earthquake,isc_606594979,isc,,,,,,,,,
602032181,2012-12-08 07:06:08.992000+00:00,22.8999,70.3647,10.0,ISC,ISC,ISC,605627829,MS,3.11,ISC,Southern India,earthquake,isc_602032181,isc,,,,,,,,,
602585882,2013-03-07 15:56:42.171000+00:00,24.4294,68.6912,35.0,ISC,ISC,ISC,606192108,MS,3.73,ISC,India-Pakistan border region,earthquake,isc_602585882,isc,,,,,,,,,
606939544,2013-03-09 06:11:46.335000+00:00,24.1243,68.5393,10.0,ISC,ISC,ISC,606192262,MS,3.38,ISC,India-Pakistan border region,earthquake,isc_606939544,isc,,,,,,,,,
602854417,2013-03-24 23:34:55.759000+00:00,24.3207,68.8489,35.0,ISC,ISC,ISC,606193898,mb,3.89,ISC,India-Pakistan border region,earthquake,isc_602854417,isc,,,,,,,,,
602854418,2013-03-24 23:43:01.661000+00:00,24.3557,68.7354,35.0,ISC,ISC,ISC,606193899,MS,3.29,ISC,India-Pakistan border region,earthquake,isc_602854418,isc,,,,,,,,,
606941567,2013-03-26 07:10:26.020000+00:00,24.0676,68.4839,0.0,IDC,IDC,IDC,605638230,mb1,3.7,IDC,India-Pakistan border region,earthquake,isc_606941567,isc,,,,,,,,,
602854752,2013-03-30 06:33:52.769000+00:00,23.4669,70.4391,15.0,ISC,ISC,ISC,606194494,mb,3.76,ISC,Southern India,earthquake,isc_602854752,isc,,,,,,,,,
603041508,2013-04-25 05:57:39.574000+00:00,23.4169,71.0191,10.0,ISC,ISC,ISC,606348299,MS,3.59,ISC,Southern India,earthquake,isc_603041508,isc,,,,,,,,,
603332616,2013-07-29 13:07:03.048000+00:00,23.3662,70.373,15.0,ISC,ISC,ISC,606836846,mb,3.95,ISC,Southern India,earthquake,isc_603332616,isc,,,,,,,,,
603987076,2013-09-02 19:46:51.521000+00:00,24.2999,69.7226,10.0,ISC,ISC,ISC,607265713,mb,3.81,ISC,India-Pakistan border region,earthquake,isc_603987076,isc,,,,,,,,,
606911971,2014-03-08 19:01:10.245000+00:00,23.6672,70.1883,15.0,ISC,ISC,ISC,608060969,MS,3.82,ISC,Southern India,earthquake,isc_606911971,isc,,,,,,,,,
606920291,2014-07-24 10:37:55.596000+00:00,24.2449,68.5281,10.0,ISC,ISC,ISC,608558378,mb,3.44,ISC,India-Pakistan border region,earthquake,isc_606920291,isc,,,,,,,,,
611083160,2016-05-09 07:46:30.300000+00:00,23.297,70.38,10.0,NDI,NDI,NDI,609135725,ML,3.3,NDI,Southern India,earthquake,isc_611083160,isc,,,,,,,,,
611083165,2016-05-15 06:56:06+00:00,23.503,70.353,10.0,NDI,NDI,NDI,609135772,ML,3.3,NDI,Southern India,earthquake,isc_611083165,isc,,,,,,,,,
611625328,2016-09-25 20:43:59.700000+00:00,23.616,69.909,15.0,NDI,NDI,NDI,609572797,ML,3.7,NDI,Southern India,earthquake,isc_611625328,isc,,,,,,,,,
615008112,2016-11-03 04:06:57.600000+00:00,23.448,70.153,17.1,NDI,NDI,NDI,609612459,ML,3.3,NDI,Southern India,earthquake,isc_615008112,isc,,,,,,,,,
611675438,2016-12-07 05:21:25.800000+00:00,23.399,70.498,15.0,NDI,NDI,NDI,609612616,ML,3.3,NDI,Southern India,earthquake,isc_611675438,isc,,,,,,,,,
616965854,2018-02-25 11:06:25.300000+00:00,22.515,69.429,10.0,NDI,NDI,NDI,612968374,MW,3.1,NDI,Southern India,earthquake,isc_616965854,isc,,,,,,,,,
611840397,2018-03-28 22:33:07.138000+00:00,23.2272,70.3804,15.0,ISC,ISC,ISC,614188807,MW,4.2,NDI,Southern India,earthquake,isc_611840397,isc,,,,,,,,,
617425445,2019-07-08 12:23:20.712000+00:00,24.1561,69.0734,35.0,ISC,ISC,ISC,615542126,mb,3.61,ISC,India-Pakistan border region,earthquake,isc_617425445,isc,,,,,,,,,
618541572,2019-08-19 09:13:27.700000+00:00,23.912,70.68,10.0,NDI,NDI,NDI,614045220,MW,4.0,NDI,Southern India,earthquake,isc_618541572,isc,,,,,,,,,
617435723,2019-11-18 13:31:07.218000+00:00,23.368,70.403,15.0,ISC,ISC,ISC,615776714,MW,4.0,NDI,Southern India,earthquake,isc_617435723,isc,,,,,,,,,
618541935,2020-06-14 14:43:08.602000+00:00,23.2931,70.4382,17.3,ISC,ISC,ISC,616649575,MW,4.8,NDI,Southern India,earthquake,isc_618541935,isc,,,,,,,,,
618542956,2020-06-15 07:27:37.374000+00:00,23.2424,70.4177,20.0,ISC,ISC,ISC,616649739,MW,4.0,NDI,Southern India,earthquake,isc_618542956,isc,,,,,,,,,
621802829,2020-06-15 10:26:02+00:00,23.519,70.306,10.0,NDI,NDI,NDI,616196874,MW,3.0,NDI,Southern India,earthquake,isc_621802829,isc,,,,,,,,,
621802834,2020-06-18 12:32:28.200000+00:00,23.454,70.269,10.0,NDI,NDI,NDI,616196899,MW,3.1,NDI,Southern India,earthquake,isc_621802834,isc,,,,,,,,,
624378838,2020-07-05 11:41:05.600000+00:00,22.952,70.387,18.9,NDI,NDI,NDI,618652197,MW,3.4,NDI,Southern India,earthquake,isc_624378838,isc,,,,,,,,,
618682030,2020-07-16 02:10:27.995000+00:00,22.134,70.9894,10.0,ISC,ISC,ISC,618669723,MW,3.9,NDI,Southern India,earthquake,isc_618682030,isc,,,,,,,,,
624378864,2020-07-23 01:17:55.600000+00:00,23.402,70.279,7.5,NDI,NDI,NDI,618652397,MW,3.2,NDI,Southern India,earthquake,isc_624378864,isc,,,,,,,,,
624488678,2020-08-23 16:37:46.500000+00:00,23.518,70.419,11.1,NDI,NDI,NDI,618722212,MW,3.1,NDI,Southern India,earthquake,isc_624488678,isc,,,,,,,,,
622311316,2020-09-02 08:39:47.900000+00:00,23.528,70.182,30.0,NDI,NDI,NDI,616503627,MW,4.0,NDI,Southern India,earthquake,isc_622311316,isc,,,,,,,,,
626229619,2021-06-18 10:15:44.200000+00:00,23.061,70.199,10.0,NDI,NDI,NDI,619914554,MW,3.8,NDI,Southern India,earthquake,isc_626229619,isc,,,,,,,,,
626232889,2021-07-18 07:13:40.800000+00:00,23.271,70.406,10.0,NDI,NDI,NDI,619988031,ML,3.7,NDI,Southern India,earthquake,isc_626232889,isc,,,,,,,,,
626338812,2021-08-04 13:44:44.300000+00:00,22.894,69.768,10.0,NDI,NDI,NDI,620065351,ML,3.4,NDI,Southern India,earthquake,isc_626338812,isc,,,,,,,,,
621039195,2021-08-19 13:43:25.245000+00:00,22.1472,70.1953,10.0,ISC,ISC,ISC,620477862,mb,3.43,ISC,Southern India,earthquake,isc_621039195,isc,,,,,,,,,
621262047,2021-11-04 09:45:39.806000+00:00,24.1698,68.3757,10.0,ISC,ISC,ISC,630835130,MW,5.06,GCMT,India-Pakistan border region,earthquake,isc_621262047,isc,,,,,,,,,
636551029,2022-06-07 13:25:42.600000+00:00,23.415,70.085,5.0,NDI,NDI,NDI,631362501,ML,2.6,NDI,Southern India,earthquake,isc_636551029,isc,,,,,,,,,
636551286,2022-06-13 21:31:54.300000+00:00,23.431,70.048,5.0,NDI,NDI,NDI,631362538,ML,2.8,NDI,Southern India,earthquake,isc_636551286,isc,,,,,,,,,
636583717,2022-07-21 05:55:41.500000+00:00,22.978,69.574,10.0,NDI,NDI,NDI,631362727,ML,2.6,NDI,Southern India,earthquake,isc_636583717,isc,,,,,,,,,
636583758,2022-07-22 00:26:56.800000+00:00,22.904,69.381,9.2,NDI,NDI,NDI,631362733,ML,2.6,NDI,Southern India,earthquake,isc_636583758,isc,,,,,,,,,
636585595,2022-09-01 05:10:24.900000+00:00,22.395,71.027,10.0,NDI,NDI,NDI,631362863,ML,2.7,NDI,Southern India,earthquake,isc_636585595,isc,,,,,,,,,
636585804,2022-10-02 08:08:53.100000+00:00,22.994,70.121,5.0,NDI,NDI,NDI,631363018,ML,2.6,NDI,Southern India,earthquake,isc_636585804,isc,,,,,,,,,
642180692,2022-12-28 13:15:05.200000+00:00,23.416,70.215,13.1,NDI,NDI,NDI,637202864,MW,3.3,NDI,Southern India,earthquake,isc_642180692,isc,,,,,,,,,
625638366,2023-01-24 17:26:01.390000+00:00,24.1768,68.0133,0.0,IDC,IDC,IDC,619582576,MS,3.6,IDC,India-Pakistan border region,earthquake,isc_625638366,isc,,,,,,,,,
636890000,2023-01-30 01:08:25.900000+00:00,23.5,70.566,10.0,NDI,NDI,NDI,631552488,ML,3.5,NDI,Southern India,earthquake,isc_636890000,isc,,,,,,,,,
626219889,2023-05-16 19:39:42.090000+00:00,24.2824,69.7205,10.0,ISC,ISC,ISC,637887611,MW,3.3,NDI,India-Pakistan border region,earthquake,isc_626219889,isc,,,,,,,,,
642967090,2023-05-25 13:09:54.200000+00:00,22.984,70.513,14.2,NDI,NDI,NDI,637754779,MW,2.9,NDI,Southern India,earthquake,isc_642967090,isc,,,,,,,,,
643181582,2023-07-17 02:06:16.500000+00:00,22.963,69.001,10.0,NDI,NDI,NDI,637906191,ML,2.7,NDI,Southern India,earthquake,isc_643181582,isc,,,,,,,,,
626714054,2023-08-14 03:18:02.641000+00:00,23.6953,69.3847,35.0,ISC,ISC,ISC,638264820,mb,3.62,ISC,Southern India,earthquake,isc_626714054,isc,,,,,,,,,
643903673,2023-09-01 15:24:06+00:00,23.357,70.051,4.8,NDI,NDI,NDI,638334224,MW,2.7,NDI,Southern India,earthquake,isc_643903673,isc,,,,,,,,,
644417087,2023-11-01 04:50:40.400000+00:00,22.919,69.313,5.0,NDI,NDI,NDI,638671524,ML,2.4,NDI,Southern India,earthquake,isc_644417087,isc,,,,,,,,,
644417091,2023-11-02 14:22:15.200000+00:00,23.541,70.038,5.0,NDI,NDI,NDI,638671534,MW,3.2,NDI,Southern India,earthquake,isc_644417091,isc,,,,,,,,,
644661553,2023-12-08 03:30:30.700000+00:00,23.198,70.074,18.1,NDI,NDI,NDI,638837416,ML,4.0,NDI,Southern India,earthquake,isc_644661553,isc,,,,,,,,,
636650444,2024-01-05 04:08:46.996000+00:00,24.4997,70.2419,10.0,ISC,ISC,ISC,638933672,mb,3.51,ISC,India-Pakistan border region,earthquake,isc_636650444,isc,,,,,,,,,
636759281,2024-01-28 11:15:09.586000+00:00,23.3808,70.3864,15.0,ISC,ISC,ISC,638936263,mb,3.38,ISC,Southern India,earthquake,isc_636759281,isc,,,,,,,,,
644852501,2024-02-01 02:36:29+00:00,23.964,69.309,10.0,NDI,NDI,NDI,638951525,ML,4.3,NDI,Southern India,earthquake,isc_644852501,isc,,,,,,,,,
645513917,2024-04-18 08:06:23.600000+00:00,24.025,69.354,10.0,NDI,NDI,NDI,639365751,ML,3.7,NDI,India-Pakistan border region,earthquake,isc_645513917,isc,,,,,,,,,
643164929,2025-04-22 17:56:13.614000+00:00,23.9314,69.9836,10.0,NEIC,NEIC,NEIC,638281340,mb,3.9,NEIC,Southern India,earthquake,isc_643164929,isc,,,,,,,,,
644876795,2025-12-25 23:00:06.750000+00:00,23.804,70.462,10.0,GFZ,GFZ,GFZ,638971676,MS,3.7,IDC,Southern India,earthquake,isc_644876795,isc,,,,,,,,,
